benchmark_name,query_name,query_type,execution_time,run_timestamp,git_revision,git_revision_timestamp,num_cores
clickbench_partitioned,q0,table_creation,0.16,2026-08-11 18:20:38,50.0.0,2025-09-13T16:17:34+08:00,8
clickbench_partitioned,q0,query,0.126,2026-08-11 18:20:38,50.0.0,2025-09-13T16:17:34+08:00,8
clickbench_partitioned,q0,query,0.003,2026-08-11 18:20:38,50.0.0,2025-09-13T16:17:34+08:00,8
clickbench_partitioned,q0,query,0.003,2026-08-11 18:20:38,50.0.0,2025-09-13T16:17:34+08:00,8
clickbench_partitioned,q0,query,0.002,2026-08-11 18:20:38,50.0.0,2025-09-13T16:17:34+08:00,8
clickbench_partitioned,q0,query,0.002,2026-08-11 18:20:38,50.0.0,2025-09-13T16:17:34+08:00,8
clickbench_partitioned,q1,table_creation,0.049,2026-08-11 18:20:38,50.0.0,2025-09-13T16:17:34+08:00,8
clickbench_partitioned,q1,query,0.191,2026-08-11 18:20:38,50.0.0,2025-09-13T16:17:34+08:00,8
clickbench_partitioned,q1,query,0.054,2026-08-11 18:20:38,50.0.0,2025-09-13T16:17:34+08:00,8
clickbench_partitioned,q1,query,0.058,2026-08-11 18:20:38,50.0.0,2025-09-13T16:17:34+08:00,8
clickbench_partitioned,q1,query,0.054,2026-08-11 18:20:38,50.0.0,2025-09-13T16:17:34+08:00,8
clickbench_partitioned,q1,query,0.051,2026-08-11 18:20:38,50.0.0,2025-09-13T16:17:34+08:00,8
clickbench_partitioned,q2,table_creation,0.047,2026-08-11 18:20:38,50.0.0,2025-09-13T16:17:34+08:00,8
clickbench_partitioned,q2,query,0.379,2026-08-11 18:20:38,50.0.0,2025-09-13T16:17:34+08:00,8
clickbench_partitioned,q2,query,0.14,2026-08-11 18:20:38,50.0.0,2025-09-13T16:17:34+08:00,8
clickbench_partitioned,q2,query,0.138,2026-08-11 18:20:38,50.0.0,2025-09-13T16:17:34+08:00,8
clickbench_partitioned,q2,query,0.134,2026-08-11 18:20:38,50.0.0,2025-09-13T16:17:34+08:00,8
clickbench_partitioned,q2,query,0.133,2026-08-11 18:20:38,50.0.0,2025-09-13T16:17:34+08:00,8
clickbench_partitioned,q3,table_creation,0.047,2026-08-11 18:20:38,50.0.0,2025-09-13T16:17:34+08:00,8
clickbench_partitioned,q3,query,1.341,2026-08-11 18:20:38,50.0.0,2025-09-13T16:17:34+08:00,8
clickbench_partitioned,q3,query,0.16,2026-08-11 18:20:38,50.0.0,2025-09-13T16:17:34+08:00,8
clickbench_partitioned,q3,query,0.167,2026-08-11 18:20:38,50.0.0,2025-09-13T16:17:34+08:00,8
clickbench_partitioned,q3,query,0.163,2026-08-11 18:20:38,50.0.0,2025-09-13T16:17:34+08:00,8
clickbench_partitioned,q3,query,0.165,2026-08-11 18:20:38,50.0.0,2025-09-13T16:17:34+08:00,8
clickbench_partitioned,q4,table_creation,0.047,2026-08-11 18:20:38,50.0.0,2025-09-13T16:17:34+08:00,8
clickbench_partitioned,q4,query,1.078,2026-08-11 18:20:38,50.0.0,2025-09-13T16:17:34+08:00,8
clickbench_partitioned,q4,query,1.006,2026-08-11 18:20:38,50.0.0,2025-09-13T16:17:34+08:00,8
clickbench_partitioned,q4,query,1.001,2026-08-11 18:20:38,50.0.0,2025-09-13T16:17:34+08:00,8
clickbench_partitioned,q4,query,0.992,2026-08-11 18:20:38,50.0.0,2025-09-13T16:17:34+08:00,8
clickbench_partitioned,q4,query,0.99,2026-08-11 18:20:38,50.0.0,2025-09-13T16:17:34+08:00,8
clickbench_partitioned,q5,table_creation,0.048,2026-08-11 18:20:38,50.0.0,2025-09-13T16:17:34+08:00,8
clickbench_partitioned,q5,query,2.19,2026-08-11 18:20:38,50.0.0,2025-09-13T16:17:34+08:00,8
clickbench_partitioned,q5,query,1.578,2026-08-11 18:20:38,50.0.0,2025-09-13T16:17:34+08:00,8
clickbench_partitioned,q5,query,1.518,2026-08-11 18:20:38,50.0.0,2025-09-13T16:17:34+08:00,8
clickbench_partitioned,q5,query,1.545,2026-08-11 18:20:38,50.0.0,2025-09-13T16:17:34+08:00,8
clickbench_partitioned,q5,query,1.515,2026-08-11 18:20:38,50.0.0,2025-09-13T16:17:34+08:00,8
clickbench_partitioned,q6,table_creation,0.048,2026-08-11 18:20:38,50.0.0,2025-09-13T16:17:34+08:00,8
clickbench_partitioned,q6,query,0.032,2026-08-11 18:20:38,50.0.0,2025-09-13T16:17:34+08:00,8
clickbench_partitioned,q6,query,0.003,2026-08-11 18:20:38,50.0.0,2025-09-13T16:17:34+08:00,8
clickbench_partitioned,q6,query,0.003,2026-08-11 18:20:38,50.0.0,2025-09-13T16:17:34+08:00,8
clickbench_partitioned,q6,query,0.003,2026-08-11 18:20:38,50.0.0,2025-09-13T16:17:34+08:00,8
clickbench_partitioned,q6,query,0.002,2026-08-11 18:20:38,50.0.0,2025-09-13T16:17:34+08:00,8
clickbench_partitioned,q7,table_creation,0.049,2026-08-11 18:20:38,50.0.0,2025-09-13T16:17:34+08:00,8
clickbench_partitioned,q7,query,0.093,2026-08-11 18:20:38,50.0.0,2025-09-13T16:17:34+08:00,8
clickbench_partitioned,q7,query,0.053,2026-08-11 18:20:38,50.0.0,2025-09-13T16:17:34+08:00,8
clickbench_partitioned,q7,query,0.054,2026-08-11 18:20:38,50.0.0,2025-09-13T16:17:34+08:00,8
clickbench_partitioned,q7,query,0.056,2026-08-11 18:20:38,50.0.0,2025-09-13T16:17:34+08:00,8
clickbench_partitioned,q7,query,0.056,2026-08-11 18:20:38,50.0.0,2025-09-13T16:17:34+08:00,8
clickbench_partitioned,q8,table_creation,0.049,2026-08-11 18:20:38,50.0.0,2025-09-13T16:17:34+08:00,8
clickbench_partitioned,q8,query,1.682,2026-08-11 18:20:38,50.0.0,2025-09-13T16:17:34+08:00,8
clickbench_partitioned,q8,query,1.523,2026-08-11 18:20:38,50.0.0,2025-09-13T16:17:34+08:00,8
clickbench_partitioned,q8,query,1.493,2026-08-11 18:20:38,50.0.0,2025-09-13T16:17:34+08:00,8
clickbench_partitioned,q8,query,1.462,2026-08-11 18:20:38,50.0.0,2025-09-13T16:17:34+08:00,8
clickbench_partitioned,q8,query,1.47,2026-08-11 18:20:38,50.0.0,2025-09-13T16:17:34+08:00,8
clickbench_partitioned,q9,table_creation,0.048,2026-08-11 18:20:38,50.0.0,2025-09-13T16:17:34+08:00,8
clickbench_partitioned,q9,query,1.911,2026-08-11 18:20:38,50.0.0,2025-09-13T16:17:34+08:00,8
clickbench_partitioned,q9,query,1.814,2026-08-11 18:20:38,50.0.0,2025-09-13T16:17:34+08:00,8
clickbench_partitioned,q9,query,1.845,2026-08-11 18:20:38,50.0.0,2025-09-13T16:17:34+08:00,8
clickbench_partitioned,q9,query,1.843,2026-08-11 18:20:38,50.0.0,2025-09-13T16:17:34+08:00,8
clickbench_partitioned,q9,query,1.796,2026-08-11 18:20:38,50.0.0,2025-09-13T16:17:34+08:00,8
clickbench_partitioned,q10,table_creation,0.047,2026-08-11 18:20:38,50.0.0,2025-09-13T16:17:34+08:00,8
clickbench_partitioned,q10,query,0.466,2026-08-11 18:20:38,50.0.0,2025-09-13T16:17:34+08:00,8
clickbench_partitioned,q10,query,0.376,2026-08-11 18:20:38,50.0.0,2025-09-13T16:17:34+08:00,8
clickbench_partitioned,q10,query,0.352,2026-08-11 18:20:38,50.0.0,2025-09-13T16:17:34+08:00,8
clickbench_partitioned,q10,query,0.361,2026-08-11 18:20:38,50.0.0,2025-09-13T16:17:34+08:00,8
clickbench_partitioned,q10,query,0.358,2026-08-11 18:20:38,50.0.0,2025-09-13T16:17:34+08:00,8
clickbench_partitioned,q11,table_creation,0.048,2026-08-11 18:20:38,50.0.0,2025-09-13T16:17:34+08:00,8
clickbench_partitioned,q11,query,0.487,2026-08-11 18:20:38,50.0.0,2025-09-13T16:17:34+08:00,8
clickbench_partitioned,q11,query,0.423,2026-08-11 18:20:38,50.0.0,2025-09-13T16:17:34+08:00,8
clickbench_partitioned,q11,query,0.409,2026-08-11 18:20:38,50.0.0,2025-09-13T16:17:34+08:00,8
clickbench_partitioned,q11,query,0.412,2026-08-11 18:20:38,50.0.0,2025-09-13T16:17:34+08:00,8
clickbench_partitioned,q11,query,0.429,2026-08-11 18:20:38,50.0.0,2025-09-13T16:17:34+08:00,8
clickbench_partitioned,q12,table_creation,0.048,2026-08-11 18:20:38,50.0.0,2025-09-13T16:17:34+08:00,8
clickbench_partitioned,q12,query,1.307,2026-08-11 18:20:38,50.0.0,2025-09-13T16:17:34+08:00,8
clickbench_partitioned,q12,query,1.287,2026-08-11 18:20:38,50.0.0,2025-09-13T16:17:34+08:00,8
clickbench_partitioned,q12,query,1.308,2026-08-11 18:20:38,50.0.0,2025-09-13T16:17:34+08:00,8
clickbench_partitioned,q12,query,1.316,2026-08-11 18:20:38,50.0.0,2025-09-13T16:17:34+08:00,8
clickbench_partitioned,q12,query,1.301,2026-08-11 18:20:38,50.0.0,2025-09-13T16:17:34+08:00,8
clickbench_partitioned,q13,table_creation,0.048,2026-08-11 18:20:38,50.0.0,2025-09-13T16:17:34+08:00,8
clickbench_partitioned,q13,query,2.265,2026-08-11 18:20:38,50.0.0,2025-09-13T16:17:34+08:00,8
clickbench_partitioned,q13,query,2.123,2026-08-11 18:20:38,50.0.0,2025-09-13T16:17:34+08:00,8
clickbench_partitioned,q13,query,2.076,2026-08-11 18:20:38,50.0.0,2025-09-13T16:17:34+08:00,8
clickbench_partitioned,q13,query,2.047,2026-08-11 18:20:38,50.0.0,2025-09-13T16:17:34+08:00,8
clickbench_partitioned,q13,query,2.099,2026-08-11 18:20:38,50.0.0,2025-09-13T16:17:34+08:00,8
clickbench_partitioned,q14,table_creation,0.048,2026-08-11 18:20:38,50.0.0,2025-09-13T16:17:34+08:00,8
clickbench_partitioned,q14,query,1.4,2026-08-11 18:20:38,50.0.0,2025-09-13T16:17:34+08:00,8
clickbench_partitioned,q14,query,1.289,2026-08-11 18:20:38,50.0.0,2025-09-13T16:17:34+08:00,8
clickbench_partitioned,q14,query,1.256,2026-08-11 18:20:38,50.0.0,2025-09-13T16:17:34+08:00,8
clickbench_partitioned,q14,query,1.224,2026-08-11 18:20:38,50.0.0,2025-09-13T16:17:34+08:00,8
clickbench_partitioned,q14,query,1.269,2026-08-11 18:20:38,50.0.0,2025-09-13T16:17:34+08:00,8
clickbench_partitioned,q15,table_creation,0.049,2026-08-11 18:20:38,50.0.0,2025-09-13T16:17:34+08:00,8
clickbench_partitioned,q15,query,1.429,2026-08-11 18:20:38,50.0.0,2025-09-13T16:17:34+08:00,8
clickbench_partitioned,q15,query,1.297,2026-08-11 18:20:38,50.0.0,2025-09-13T16:17:34+08:00,8
clickbench_partitioned,q15,query,1.254,2026-08-11 18:20:38,50.0.0,2025-09-13T16:17:34+08:00,8
clickbench_partitioned,q15,query,1.265,2026-08-11 18:20:38,50.0.0,2025-09-13T16:17:34+08:00,8
clickbench_partitioned,q15,query,1.246,2026-08-11 18:20:38,50.0.0,2025-09-13T16:17:34+08:00,8
clickbench_partitioned,q16,table_creation,0.048,2026-08-11 18:20:38,50.0.0,2025-09-13T16:17:34+08:00,8
clickbench_partitioned,q16,query,2.787,2026-08-11 18:20:38,50.0.0,2025-09-13T16:17:34+08:00,8
clickbench_partitioned,q16,query,2.743,2026-08-11 18:20:38,50.0.0,2025-09-13T16:17:34+08:00,8
clickbench_partitioned,q16,query,2.65,2026-08-11 18:20:38,50.0.0,2025-09-13T16:17:34+08:00,8
clickbench_partitioned,q16,query,2.631,2026-08-11 18:20:38,50.0.0,2025-09-13T16:17:34+08:00,8
clickbench_partitioned,q16,query,2.58,2026-08-11 18:20:38,50.0.0,2025-09-13T16:17:34+08:00,8
clickbench_partitioned,q17,table_creation,0.049,2026-08-11 18:20:38,50.0.0,2025-09-13T16:17:34+08:00,8
clickbench_partitioned,q17,query,2.714,2026-08-11 18:20:38,50.0.0,2025-09-13T16:17:34+08:00,8
clickbench_partitioned,q17,query,2.682,2026-08-11 18:20:38,50.0.0,2025-09-13T16:17:34+08:00,8
clickbench_partitioned,q17,query,2.68,2026-08-11 18:20:38,50.0.0,2025-09-13T16:17:34+08:00,8
clickbench_partitioned,q17,query,2.6,2026-08-11 18:20:38,50.0.0,2025-09-13T16:17:34+08:00,8
clickbench_partitioned,q17,query,2.603,2026-08-11 18:20:38,50.0.0,2025-09-13T16:17:34+08:00,8
clickbench_partitioned,q18,table_creation,0.047,2026-08-11 18:20:38,50.0.0,2025-09-13T16:17:34+08:00,8
clickbench_partitioned,q18,query,5.272,2026-08-11 18:20:38,50.0.0,2025-09-13T16:17:34+08:00,8
clickbench_partitioned,q18,query,5.028,2026-08-11 18:20:38,50.0.0,2025-09-13T16:17:34+08:00,8
clickbench_partitioned,q18,query,5.012,2026-08-11 18:20:38,50.0.0,2025-09-13T16:17:34+08:00,8
clickbench_partitioned,q18,query,5.455,2026-08-11 18:20:38,50.0.0,2025-09-13T16:17:34+08:00,8
clickbench_partitioned,q18,query,4.726,2026-08-11 18:20:38,50.0.0,2025-09-13T16:17:34+08:00,8
clickbench_partitioned,q19,table_creation,0.048,2026-08-11 18:20:38,50.0.0,2025-09-13T16:17:34+08:00,8
clickbench_partitioned,q19,query,0.165,2026-08-11 18:20:38,50.0.0,2025-09-13T16:17:34+08:00,8
clickbench_partitioned,q19,query,0.129,2026-08-11 18:20:38,50.0.0,2025-09-13T16:17:34+08:00,8
clickbench_partitioned,q19,query,0.133,2026-08-11 18:20:38,50.0.0,2025-09-13T16:17:34+08:00,8
clickbench_partitioned,q19,query,0.141,2026-08-11 18:20:38,50.0.0,2025-09-13T16:17:34+08:00,8
clickbench_partitioned,q19,query,0.137,2026-08-11 18:20:38,50.0.0,2025-09-13T16:17:34+08:00,8
clickbench_partitioned,q20,table_creation,0.047,2026-08-11 18:20:38,50.0.0,2025-09-13T16:17:34+08:00,8
clickbench_partitioned,q20,query,10.918,2026-08-11 18:20:38,50.0.0,2025-09-13T16:17:34+08:00,8
clickbench_partitioned,q20,query,1.968,2026-08-11 18:20:38,50.0.0,2025-09-13T16:17:34+08:00,8
clickbench_partitioned,q20,query,1.937,2026-08-11 18:20:38,50.0.0,2025-09-13T16:17:34+08:00,8
clickbench_partitioned,q20,query,1.97,2026-08-11 18:20:38,50.0.0,2025-09-13T16:17:34+08:00,8
clickbench_partitioned,q20,query,1.989,2026-08-11 18:20:38,50.0.0,2025-09-13T16:17:34+08:00,8
clickbench_partitioned,q21,table_creation,0.049,2026-08-11 18:20:38,50.0.0,2025-09-13T16:17:34+08:00,8
clickbench_partitioned,q21,query,2.362,2026-08-11 18:20:38,50.0.0,2025-09-13T16:17:34+08:00,8
clickbench_partitioned,q21,query,2.302,2026-08-11 18:20:38,50.0.0,2025-09-13T16:17:34+08:00,8
clickbench_partitioned,q21,query,2.273,2026-08-11 18:20:38,50.0.0,2025-09-13T16:17:34+08:00,8
clickbench_partitioned,q21,query,2.275,2026-08-11 18:20:38,50.0.0,2025-09-13T16:17:34+08:00,8
clickbench_partitioned,q21,query,2.227,2026-08-11 18:20:38,50.0.0,2025-09-13T16:17:34+08:00,8
clickbench_partitioned,q22,table_creation,0.049,2026-08-11 18:20:38,50.0.0,2025-09-13T16:17:34+08:00,8
clickbench_partitioned,q22,query,9.741,2026-08-11 18:20:38,50.0.0,2025-09-13T16:17:34+08:00,8
clickbench_partitioned,q22,query,3.854,2026-08-11 18:20:38,50.0.0,2025-09-13T16:17:34+08:00,8
clickbench_partitioned,q22,query,3.827,2026-08-11 18:20:38,50.0.0,2025-09-13T16:17:34+08:00,8
clickbench_partitioned,q22,query,3.823,2026-08-11 18:20:38,50.0.0,2025-09-13T16:17:34+08:00,8
clickbench_partitioned,q22,query,3.998,2026-08-11 18:20:38,50.0.0,2025-09-13T16:17:34+08:00,8
clickbench_partitioned,q23,table_creation,0.049,2026-08-11 18:20:38,50.0.0,2025-09-13T16:17:34+08:00,8
clickbench_partitioned,q23,query,31.108,2026-08-11 18:20:38,50.0.0,2025-09-13T16:17:34+08:00,8
clickbench_partitioned,q23,query,12.514,2026-08-11 18:20:38,50.0.0,2025-09-13T16:17:34+08:00,8
clickbench_partitioned,q23,query,12.542,2026-08-11 18:20:38,50.0.0,2025-09-13T16:17:34+08:00,8
clickbench_partitioned,q23,query,12.44,2026-08-11 18:20:38,50.0.0,2025-09-13T16:17:34+08:00,8
clickbench_partitioned,q23,query,12.464,2026-08-11 18:20:38,50.0.0,2025-09-13T16:17:34+08:00,8
clickbench_partitioned,q24,table_creation,0.048,2026-08-11 18:20:38,50.0.0,2025-09-13T16:17:34+08:00,8
clickbench_partitioned,q24,query,0.245,2026-08-11 18:20:38,50.0.0,2025-09-13T16:17:34+08:00,8
clickbench_partitioned,q24,query,0.223,2026-08-11 18:20:38,50.0.0,2025-09-13T16:17:34+08:00,8
clickbench_partitioned,q24,query,0.227,2026-08-11 18:20:38,50.0.0,2025-09-13T16:17:34+08:00,8
clickbench_partitioned,q24,query,0.221,2026-08-11 18:20:38,50.0.0,2025-09-13T16:17:34+08:00,8
clickbench_partitioned,q24,query,0.231,2026-08-11 18:20:38,50.0.0,2025-09-13T16:17:34+08:00,8
clickbench_partitioned,q25,table_creation,0.049,2026-08-11 18:20:38,50.0.0,2025-09-13T16:17:34+08:00,8
clickbench_partitioned,q25,query,0.54,2026-08-11 18:20:38,50.0.0,2025-09-13T16:17:34+08:00,8
clickbench_partitioned,q25,query,0.516,2026-08-11 18:20:38,50.0.0,2025-09-13T16:17:34+08:00,8
clickbench_partitioned,q25,query,0.511,2026-08-11 18:20:38,50.0.0,2025-09-13T16:17:34+08:00,8
clickbench_partitioned,q25,query,0.512,2026-08-11 18:20:38,50.0.0,2025-09-13T16:17:34+08:00,8
clickbench_partitioned,q25,query,0.502,2026-08-11 18:20:38,50.0.0,2025-09-13T16:17:34+08:00,8
clickbench_partitioned,q26,table_creation,0.047,2026-08-11 18:20:38,50.0.0,2025-09-13T16:17:34+08:00,8
clickbench_partitioned,q26,query,0.249,2026-08-11 18:20:38,50.0.0,2025-09-13T16:17:34+08:00,8
clickbench_partitioned,q26,query,0.237,2026-08-11 18:20:38,50.0.0,2025-09-13T16:17:34+08:00,8
clickbench_partitioned,q26,query,0.224,2026-08-11 18:20:38,50.0.0,2025-09-13T16:17:34+08:00,8
clickbench_partitioned,q26,query,0.224,2026-08-11 18:20:38,50.0.0,2025-09-13T16:17:34+08:00,8
clickbench_partitioned,q26,query,0.223,2026-08-11 18:20:38,50.0.0,2025-09-13T16:17:34+08:00,8
clickbench_partitioned,q27,table_creation,0.048,2026-08-11 18:20:38,50.0.0,2025-09-13T16:17:34+08:00,8
clickbench_partitioned,q27,query,2.829,2026-08-11 18:20:38,50.0.0,2025-09-13T16:17:34+08:00,8
clickbench_partitioned,q27,query,2.765,2026-08-11 18:20:38,50.0.0,2025-09-13T16:17:34+08:00,8
clickbench_partitioned,q27,query,3.011,2026-08-11 18:20:38,50.0.0,2025-09-13T16:17:34+08:00,8
clickbench_partitioned,q27,query,2.886,2026-08-11 18:20:38,50.0.0,2025-09-13T16:17:34+08:00,8
clickbench_partitioned,q27,query,2.735,2026-08-11 18:20:38,50.0.0,2025-09-13T16:17:34+08:00,8
clickbench_partitioned,q28,table_creation,0.049,2026-08-11 18:20:38,50.0.0,2025-09-13T16:17:34+08:00,8
clickbench_partitioned,q28,query,23.393,2026-08-11 18:20:38,50.0.0,2025-09-13T16:17:34+08:00,8
clickbench_partitioned,q28,query,23.135,2026-08-11 18:20:38,50.0.0,2025-09-13T16:17:34+08:00,8
clickbench_partitioned,q28,query,23.058,2026-08-11 18:20:38,50.0.0,2025-09-13T16:17:34+08:00,8
clickbench_partitioned,q28,query,23.633,2026-08-11 18:20:38,50.0.0,2025-09-13T16:17:34+08:00,8
clickbench_partitioned,q28,query,23.698,2026-08-11 18:20:38,50.0.0,2025-09-13T16:17:34+08:00,8
clickbench_partitioned,q29,table_creation,0.048,2026-08-11 18:20:38,50.0.0,2025-09-13T16:17:34+08:00,8
clickbench_partitioned,q29,query,1.002,2026-08-11 18:20:38,50.0.0,2025-09-13T16:17:34+08:00,8
clickbench_partitioned,q29,query,0.992,2026-08-11 18:20:38,50.0.0,2025-09-13T16:17:34+08:00,8
clickbench_partitioned,q29,query,0.944,2026-08-11 18:20:38,50.0.0,2025-09-13T16:17:34+08:00,8
clickbench_partitioned,q29,query,0.97,2026-08-11 18:20:38,50.0.0,2025-09-13T16:17:34+08:00,8
clickbench_partitioned,q29,query,0.968,2026-08-11 18:20:38,50.0.0,2025-09-13T16:17:34+08:00,8
clickbench_partitioned,q30,table_creation,0.048,2026-08-11 18:20:38,50.0.0,2025-09-13T16:17:34+08:00,8
clickbench_partitioned,q30,query,1.4,2026-08-11 18:20:38,50.0.0,2025-09-13T16:17:34+08:00,8
clickbench_partitioned,q30,query,1.327,2026-08-11 18:20:38,50.0.0,2025-09-13T16:17:34+08:00,8
clickbench_partitioned,q30,query,1.276,2026-08-11 18:20:38,50.0.0,2025-09-13T16:17:34+08:00,8
clickbench_partitioned,q30,query,1.293,2026-08-11 18:20:38,50.0.0,2025-09-13T16:17:34+08:00,8
clickbench_partitioned,q30,query,1.281,2026-08-11 18:20:38,50.0.0,2025-09-13T16:17:34+08:00,8
clickbench_partitioned,q31,table_creation,0.049,2026-08-11 18:20:38,50.0.0,2025-09-13T16:17:34+08:00,8
clickbench_partitioned,q31,query,1.44,2026-08-11 18:20:38,50.0.0,2025-09-13T16:17:34+08:00,8
clickbench_partitioned,q31,query,1.349,2026-08-11 18:20:38,50.0.0,2025-09-13T16:17:34+08:00,8
clickbench_partitioned,q31,query,1.346,2026-08-11 18:20:38,50.0.0,2025-09-13T16:17:34+08:00,8
clickbench_partitioned,q31,query,1.328,2026-08-11 18:20:38,50.0.0,2025-09-13T16:17:34+08:00,8
clickbench_partitioned,q31,query,1.311,2026-08-11 18:20:38,50.0.0,2025-09-13T16:17:34+08:00,8
clickbench_partitioned,q32,table_creation,0.05,2026-08-11 18:20:38,50.0.0,2025-09-13T16:17:34+08:00,8
clickbench_partitioned,q32,query,4.448,2026-08-11 18:20:38,50.0.0,2025-09-13T16:17:34+08:00,8
clickbench_partitioned,q32,query,4.451,2026-08-11 18:20:38,50.0.0,2025-09-13T16:17:34+08:00,8
clickbench_partitioned,q32,query,4.429,2026-08-11 18:20:38,50.0.0,2025-09-13T16:17:34+08:00,8
clickbench_partitioned,q32,query,4.419,2026-08-11 18:20:38,50.0.0,2025-09-13T16:17:34+08:00,8
clickbench_partitioned,q32,query,4.398,2026-08-11 18:20:38,50.0.0,2025-09-13T16:17:34+08:00,8
clickbench_partitioned,q33,table_creation,0.05,2026-08-11 18:20:38,50.0.0,2025-09-13T16:17:34+08:00,8
clickbench_partitioned,q33,query,5.612,2026-08-11 18:20:38,50.0.0,2025-09-13T16:17:34+08:00,8
clickbench_partitioned,q33,query,5.723,2026-08-11 18:20:38,50.0.0,2025-09-13T16:17:34+08:00,8
clickbench_partitioned,q33,query,6.429,2026-08-11 18:20:38,50.0.0,2025-09-13T16:17:34+08:00,8
clickbench_partitioned,q33,query,7.193,2026-08-11 18:20:38,50.0.0,2025-09-13T16:17:34+08:00,8
clickbench_partitioned,q33,query,6.304,2026-08-11 18:20:38,50.0.0,2025-09-13T16:17:34+08:00,8
clickbench_partitioned,q34,table_creation,0.075,2026-08-11 18:20:38,50.0.0,2025-09-13T16:17:34+08:00,8
clickbench_partitioned,q34,query,5.722,2026-08-11 18:20:38,50.0.0,2025-09-13T16:17:34+08:00,8
clickbench_partitioned,q34,query,5.458,2026-08-11 18:20:38,50.0.0,2025-09-13T16:17:34+08:00,8
clickbench_partitioned,q34,query,5.75,2026-08-11 18:20:38,50.0.0,2025-09-13T16:17:34+08:00,8
clickbench_partitioned,q34,query,5.856,2026-08-11 18:20:38,50.0.0,2025-09-13T16:17:34+08:00,8
clickbench_partitioned,q34,query,5.98,2026-08-11 18:20:38,50.0.0,2025-09-13T16:17:34+08:00,8
clickbench_partitioned,q35,table_creation,0.047,2026-08-11 18:20:38,50.0.0,2025-09-13T16:17:34+08:00,8
clickbench_partitioned,q35,query,1.996,2026-08-11 18:20:38,50.0.0,2025-09-13T16:17:34+08:00,8
clickbench_partitioned,q35,query,1.926,2026-08-11 18:20:38,50.0.0,2025-09-13T16:17:34+08:00,8
clickbench_partitioned,q35,query,1.934,2026-08-11 18:20:38,50.0.0,2025-09-13T16:17:34+08:00,8
clickbench_partitioned,q35,query,1.926,2026-08-11 18:20:38,50.0.0,2025-09-13T16:17:34+08:00,8
clickbench_partitioned,q35,query,1.902,2026-08-11 18:20:38,50.0.0,2025-09-13T16:17:34+08:00,8
clickbench_partitioned,q36,table_creation,0.048,2026-08-11 18:20:38,50.0.0,2025-09-13T16:17:34+08:00,8
clickbench_partitioned,q36,query,0.181,2026-08-11 18:20:38,50.0.0,2025-09-13T16:17:34+08:00,8
clickbench_partitioned,q36,query,0.116,2026-08-11 18:20:38,50.0.0,2025-09-13T16:17:34+08:00,8
clickbench_partitioned,q36,query,0.118,2026-08-11 18:20:38,50.0.0,2025-09-13T16:17:34+08:00,8
clickbench_partitioned,q36,query,0.119,2026-08-11 18:20:38,50.0.0,2025-09-13T16:17:34+08:00,8
clickbench_partitioned,q36,query,0.116,2026-08-11 18:20:38,50.0.0,2025-09-13T16:17:34+08:00,8
clickbench_partitioned,q37,table_creation,0.048,2026-08-11 18:20:38,50.0.0,2025-09-13T16:17:34+08:00,8
clickbench_partitioned,q37,query,0.112,2026-08-11 18:20:38,50.0.0,2025-09-13T16:17:34+08:00,8
clickbench_partitioned,q37,query,0.051,2026-08-11 18:20:38,50.0.0,2025-09-13T16:17:34+08:00,8
clickbench_partitioned,q37,query,0.06,2026-08-11 18:20:38,50.0.0,2025-09-13T16:17:34+08:00,8
clickbench_partitioned,q37,query,0.053,2026-08-11 18:20:38,50.0.0,2025-09-13T16:17:34+08:00,8
clickbench_partitioned,q37,query,0.053,2026-08-11 18:20:38,50.0.0,2025-09-13T16:17:34+08:00,8
clickbench_partitioned,q38,table_creation,0.048,2026-08-11 18:20:38,50.0.0,2025-09-13T16:17:34+08:00,8
clickbench_partitioned,q38,query,0.149,2026-08-11 18:20:38,50.0.0,2025-09-13T16:17:34+08:00,8
clickbench_partitioned,q38,query,0.12,2026-08-11 18:20:38,50.0.0,2025-09-13T16:17:34+08:00,8
clickbench_partitioned,q38,query,0.119,2026-08-11 18:20:38,50.0.0,2025-09-13T16:17:34+08:00,8
clickbench_partitioned,q38,query,0.12,2026-08-11 18:20:38,50.0.0,2025-09-13T16:17:34+08:00,8
clickbench_partitioned,q38,query,0.12,2026-08-11 18:20:38,50.0.0,2025-09-13T16:17:34+08:00,8
clickbench_partitioned,q39,table_creation,0.049,2026-08-11 18:20:38,50.0.0,2025-09-13T16:17:34+08:00,8
clickbench_partitioned,q39,query,0.256,2026-08-11 18:20:38,50.0.0,2025-09-13T16:17:34+08:00,8
clickbench_partitioned,q39,query,0.208,2026-08-11 18:20:38,50.0.0,2025-09-13T16:17:34+08:00,8
clickbench_partitioned,q39,query,0.201,2026-08-11 18:20:38,50.0.0,2025-09-13T16:17:34+08:00,8
clickbench_partitioned,q39,query,0.208,2026-08-11 18:20:38,50.0.0,2025-09-13T16:17:34+08:00,8
clickbench_partitioned,q39,query,0.206,2026-08-11 18:20:38,50.0.0,2025-09-13T16:17:34+08:00,8
clickbench_partitioned,q40,table_creation,0.049,2026-08-11 18:20:38,50.0.0,2025-09-13T16:17:34+08:00,8
clickbench_partitioned,q40,query,0.076,2026-08-11 18:20:38,50.0.0,2025-09-13T16:17:34+08:00,8
clickbench_partitioned,q40,query,0.044,2026-08-11 18:20:38,50.0.0,2025-09-13T16:17:34+08:00,8
clickbench_partitioned,q40,query,0.042,2026-08-11 18:20:38,50.0.0,2025-09-13T16:17:34+08:00,8
clickbench_partitioned,q40,query,0.044,2026-08-11 18:20:38,50.0.0,2025-09-13T16:17:34+08:00,8
clickbench_partitioned,q40,query,0.054,2026-08-11 18:20:38,50.0.0,2025-09-13T16:17:34+08:00,8
clickbench_partitioned,q41,table_creation,0.05,2026-08-11 18:20:38,50.0.0,2025-09-13T16:17:34+08:00,8
clickbench_partitioned,q41,query,0.07,2026-08-11 18:20:38,50.0.0,2025-09-13T16:17:34+08:00,8
clickbench_partitioned,q41,query,0.04,2026-08-11 18:20:38,50.0.0,2025-09-13T16:17:34+08:00,8
clickbench_partitioned,q41,query,0.05,2026-08-11 18:20:38,50.0.0,2025-09-13T16:17:34+08:00,8
clickbench_partitioned,q41,query,0.043,2026-08-11 18:20:38,50.0.0,2025-09-13T16:17:34+08:00,8
clickbench_partitioned,q41,query,0.048,2026-08-11 18:20:38,50.0.0,2025-09-13T16:17:34+08:00,8
clickbench_partitioned,q42,table_creation,0.049,2026-08-11 18:20:38,50.0.0,2025-09-13T16:17:34+08:00,8
clickbench_partitioned,q42,query,0.063,2026-08-11 18:20:38,50.0.0,2025-09-13T16:17:34+08:00,8
clickbench_partitioned,q42,query,0.035,2026-08-11 18:20:38,50.0.0,2025-09-13T16:17:34+08:00,8
clickbench_partitioned,q42,query,0.032,2026-08-11 18:20:38,50.0.0,2025-09-13T16:17:34+08:00,8
clickbench_partitioned,q42,query,0.041,2026-08-11 18:20:38,50.0.0,2025-09-13T16:17:34+08:00,8
clickbench_partitioned,q42,query,0.034,2026-08-11 18:20:38,50.0.0,2025-09-13T16:17:34+08:00,8
clickbench_partitioned,q0,table_creation,0.177,2026-08-11 18:29:11,53.0.0-rc3,2026-03-17T16:17:24-07:00,8
clickbench_partitioned,q0,query,0.074,2026-08-11 18:29:11,53.0.0-rc3,2026-03-17T16:17:24-07:00,8
clickbench_partitioned,q0,query,0.002,2026-08-11 18:29:11,53.0.0-rc3,2026-03-17T16:17:24-07:00,8
clickbench_partitioned,q0,query,0.002,2026-08-11 18:29:11,53.0.0-rc3,2026-03-17T16:17:24-07:00,8
clickbench_partitioned,q0,query,0.002,2026-08-11 18:29:11,53.0.0-rc3,2026-03-17T16:17:24-07:00,8
clickbench_partitioned,q0,query,0.002,2026-08-11 18:29:11,53.0.0-rc3,2026-03-17T16:17:24-07:00,8
clickbench_partitioned,q1,table_creation,0.052,2026-08-11 18:29:11,53.0.0-rc3,2026-03-17T16:17:24-07:00,8
clickbench_partitioned,q1,query,0.099,2026-08-11 18:29:11,53.0.0-rc3,2026-03-17T16:17:24-07:00,8
clickbench_partitioned,q1,query,0.054,2026-08-11 18:29:11,53.0.0-rc3,2026-03-17T16:17:24-07:00,8
clickbench_partitioned,q1,query,0.05,2026-08-11 18:29:11,53.0.0-rc3,2026-03-17T16:17:24-07:00,8
clickbench_partitioned,q1,query,0.049,2026-08-11 18:29:11,53.0.0-rc3,2026-03-17T16:17:24-07:00,8
clickbench_partitioned,q1,query,0.051,2026-08-11 18:29:11,53.0.0-rc3,2026-03-17T16:17:24-07:00,8
clickbench_partitioned,q2,table_creation,0.05,2026-08-11 18:29:11,53.0.0-rc3,2026-03-17T16:17:24-07:00,8
clickbench_partitioned,q2,query,0.263,2026-08-11 18:29:11,53.0.0-rc3,2026-03-17T16:17:24-07:00,8
clickbench_partitioned,q2,query,0.166,2026-08-11 18:29:11,53.0.0-rc3,2026-03-17T16:17:24-07:00,8
clickbench_partitioned,q2,query,0.164,2026-08-11 18:29:11,53.0.0-rc3,2026-03-17T16:17:24-07:00,8
clickbench_partitioned,q2,query,0.173,2026-08-11 18:29:11,53.0.0-rc3,2026-03-17T16:17:24-07:00,8
clickbench_partitioned,q2,query,0.163,2026-08-11 18:29:11,53.0.0-rc3,2026-03-17T16:17:24-07:00,8
clickbench_partitioned,q3,table_creation,0.054,2026-08-11 18:29:11,53.0.0-rc3,2026-03-17T16:17:24-07:00,8
clickbench_partitioned,q3,query,0.294,2026-08-11 18:29:11,53.0.0-rc3,2026-03-17T16:17:24-07:00,8
clickbench_partitioned,q3,query,0.158,2026-08-11 18:29:11,53.0.0-rc3,2026-03-17T16:17:24-07:00,8
clickbench_partitioned,q3,query,0.158,2026-08-11 18:29:11,53.0.0-rc3,2026-03-17T16:17:24-07:00,8
clickbench_partitioned,q3,query,0.167,2026-08-11 18:29:11,53.0.0-rc3,2026-03-17T16:17:24-07:00,8
clickbench_partitioned,q3,query,0.158,2026-08-11 18:29:11,53.0.0-rc3,2026-03-17T16:17:24-07:00,8
clickbench_partitioned,q4,table_creation,0.05,2026-08-11 18:29:11,53.0.0-rc3,2026-03-17T16:17:24-07:00,8
clickbench_partitioned,q4,query,1.173,2026-08-11 18:29:11,53.0.0-rc3,2026-03-17T16:17:24-07:00,8
clickbench_partitioned,q4,query,1.103,2026-08-11 18:29:11,53.0.0-rc3,2026-03-17T16:17:24-07:00,8
clickbench_partitioned,q4,query,1.035,2026-08-11 18:29:11,53.0.0-rc3,2026-03-17T16:17:24-07:00,8
clickbench_partitioned,q4,query,1.03,2026-08-11 18:29:11,53.0.0-rc3,2026-03-17T16:17:24-07:00,8
clickbench_partitioned,q4,query,0.994,2026-08-11 18:29:11,53.0.0-rc3,2026-03-17T16:17:24-07:00,8
clickbench_partitioned,q5,table_creation,0.051,2026-08-11 18:29:11,53.0.0-rc3,2026-03-17T16:17:24-07:00,8
clickbench_partitioned,q5,query,1.346,2026-08-11 18:29:11,53.0.0-rc3,2026-03-17T16:17:24-07:00,8
clickbench_partitioned,q5,query,1.25,2026-08-11 18:29:11,53.0.0-rc3,2026-03-17T16:17:24-07:00,8
clickbench_partitioned,q5,query,1.264,2026-08-11 18:29:11,53.0.0-rc3,2026-03-17T16:17:24-07:00,8
clickbench_partitioned,q5,query,1.238,2026-08-11 18:29:11,53.0.0-rc3,2026-03-17T16:17:24-07:00,8
clickbench_partitioned,q5,query,1.257,2026-08-11 18:29:11,53.0.0-rc3,2026-03-17T16:17:24-07:00,8
clickbench_partitioned,q6,table_creation,0.052,2026-08-11 18:29:11,53.0.0-rc3,2026-03-17T16:17:24-07:00,8
clickbench_partitioned,q6,query,0.005,2026-08-11 18:29:11,53.0.0-rc3,2026-03-17T16:17:24-07:00,8
clickbench_partitioned,q6,query,0.002,2026-08-11 18:29:11,53.0.0-rc3,2026-03-17T16:17:24-07:00,8
clickbench_partitioned,q6,query,0.002,2026-08-11 18:29:11,53.0.0-rc3,2026-03-17T16:17:24-07:00,8
clickbench_partitioned,q6,query,0.002,2026-08-11 18:29:11,53.0.0-rc3,2026-03-17T16:17:24-07:00,8
clickbench_partitioned,q6,query,0.002,2026-08-11 18:29:11,53.0.0-rc3,2026-03-17T16:17:24-07:00,8
clickbench_partitioned,q7,table_creation,0.051,2026-08-11 18:29:11,53.0.0-rc3,2026-03-17T16:17:24-07:00,8
clickbench_partitioned,q7,query,0.068,2026-08-11 18:29:11,53.0.0-rc3,2026-03-17T16:17:24-07:00,8
clickbench_partitioned,q7,query,0.054,2026-08-11 18:29:11,53.0.0-rc3,2026-03-17T16:17:24-07:00,8
clickbench_partitioned,q7,query,0.052,2026-08-11 18:29:11,53.0.0-rc3,2026-03-17T16:17:24-07:00,8
clickbench_partitioned,q7,query,0.054,2026-08-11 18:29:11,53.0.0-rc3,2026-03-17T16:17:24-07:00,8
clickbench_partitioned,q7,query,0.05,2026-08-11 18:29:11,53.0.0-rc3,2026-03-17T16:17:24-07:00,8
clickbench_partitioned,q8,table_creation,0.051,2026-08-11 18:29:11,53.0.0-rc3,2026-03-17T16:17:24-07:00,8
clickbench_partitioned,q8,query,1.406,2026-08-11 18:29:11,53.0.0-rc3,2026-03-17T16:17:24-07:00,8
clickbench_partitioned,q8,query,1.339,2026-08-11 18:29:11,53.0.0-rc3,2026-03-17T16:17:24-07:00,8
clickbench_partitioned,q8,query,1.319,2026-08-11 18:29:11,53.0.0-rc3,2026-03-17T16:17:24-07:00,8
clickbench_partitioned,q8,query,1.338,2026-08-11 18:29:11,53.0.0-rc3,2026-03-17T16:17:24-07:00,8
clickbench_partitioned,q8,query,1.324,2026-08-11 18:29:11,53.0.0-rc3,2026-03-17T16:17:24-07:00,8
clickbench_partitioned,q9,table_creation,0.05,2026-08-11 18:29:11,53.0.0-rc3,2026-03-17T16:17:24-07:00,8
clickbench_partitioned,q9,query,1.85,2026-08-11 18:29:11,53.0.0-rc3,2026-03-17T16:17:24-07:00,8
clickbench_partitioned,q9,query,1.824,2026-08-11 18:29:11,53.0.0-rc3,2026-03-17T16:17:24-07:00,8
clickbench_partitioned,q9,query,1.897,2026-08-11 18:29:11,53.0.0-rc3,2026-03-17T16:17:24-07:00,8
clickbench_partitioned,q9,query,1.869,2026-08-11 18:29:11,53.0.0-rc3,2026-03-17T16:17:24-07:00,8
clickbench_partitioned,q9,query,1.88,2026-08-11 18:29:11,53.0.0-rc3,2026-03-17T16:17:24-07:00,8
clickbench_partitioned,q10,table_creation,0.051,2026-08-11 18:29:11,53.0.0-rc3,2026-03-17T16:17:24-07:00,8
clickbench_partitioned,q10,query,0.354,2026-08-11 18:29:11,53.0.0-rc3,2026-03-17T16:17:24-07:00,8
clickbench_partitioned,q10,query,0.329,2026-08-11 18:29:11,53.0.0-rc3,2026-03-17T16:17:24-07:00,8
clickbench_partitioned,q10,query,0.336,2026-08-11 18:29:11,53.0.0-rc3,2026-03-17T16:17:24-07:00,8
clickbench_partitioned,q10,query,0.332,2026-08-11 18:29:11,53.0.0-rc3,2026-03-17T16:17:24-07:00,8
clickbench_partitioned,q10,query,0.331,2026-08-11 18:29:11,53.0.0-rc3,2026-03-17T16:17:24-07:00,8
clickbench_partitioned,q11,table_creation,0.051,2026-08-11 18:29:11,53.0.0-rc3,2026-03-17T16:17:24-07:00,8
clickbench_partitioned,q11,query,0.396,2026-08-11 18:29:11,53.0.0-rc3,2026-03-17T16:17:24-07:00,8
clickbench_partitioned,q11,query,0.398,2026-08-11 18:29:11,53.0.0-rc3,2026-03-17T16:17:24-07:00,8
clickbench_partitioned,q11,query,0.396,2026-08-11 18:29:11,53.0.0-rc3,2026-03-17T16:17:24-07:00,8
clickbench_partitioned,q11,query,0.408,2026-08-11 18:29:11,53.0.0-rc3,2026-03-17T16:17:24-07:00,8
clickbench_partitioned,q11,query,0.382,2026-08-11 18:29:11,53.0.0-rc3,2026-03-17T16:17:24-07:00,8
clickbench_partitioned,q12,table_creation,0.051,2026-08-11 18:29:11,53.0.0-rc3,2026-03-17T16:17:24-07:00,8
clickbench_partitioned,q12,query,1.157,2026-08-11 18:29:11,53.0.0-rc3,2026-03-17T16:17:24-07:00,8
clickbench_partitioned,q12,query,1.178,2026-08-11 18:29:11,53.0.0-rc3,2026-03-17T16:17:24-07:00,8
clickbench_partitioned,q12,query,1.184,2026-08-11 18:29:11,53.0.0-rc3,2026-03-17T16:17:24-07:00,8
clickbench_partitioned,q12,query,1.175,2026-08-11 18:29:11,53.0.0-rc3,2026-03-17T16:17:24-07:00,8
clickbench_partitioned,q12,query,1.165,2026-08-11 18:29:11,53.0.0-rc3,2026-03-17T16:17:24-07:00,8
clickbench_partitioned,q13,table_creation,0.052,2026-08-11 18:29:11,53.0.0-rc3,2026-03-17T16:17:24-07:00,8
clickbench_partitioned,q13,query,1.974,2026-08-11 18:29:11,53.0.0-rc3,2026-03-17T16:17:24-07:00,8
clickbench_partitioned,q13,query,1.853,2026-08-11 18:29:11,53.0.0-rc3,2026-03-17T16:17:24-07:00,8
clickbench_partitioned,q13,query,1.858,2026-08-11 18:29:11,53.0.0-rc3,2026-03-17T16:17:24-07:00,8
clickbench_partitioned,q13,query,1.836,2026-08-11 18:29:11,53.0.0-rc3,2026-03-17T16:17:24-07:00,8
clickbench_partitioned,q13,query,1.857,2026-08-11 18:29:11,53.0.0-rc3,2026-03-17T16:17:24-07:00,8
clickbench_partitioned,q14,table_creation,0.052,2026-08-11 18:29:11,53.0.0-rc3,2026-03-17T16:17:24-07:00,8
clickbench_partitioned,q14,query,1.196,2026-08-11 18:29:11,53.0.0-rc3,2026-03-17T16:17:24-07:00,8
clickbench_partitioned,q14,query,1.163,2026-08-11 18:29:11,53.0.0-rc3,2026-03-17T16:17:24-07:00,8
clickbench_partitioned,q14,query,1.184,2026-08-11 18:29:11,53.0.0-rc3,2026-03-17T16:17:24-07:00,8
clickbench_partitioned,q14,query,1.164,2026-08-11 18:29:11,53.0.0-rc3,2026-03-17T16:17:24-07:00,8
clickbench_partitioned,q14,query,1.161,2026-08-11 18:29:11,53.0.0-rc3,2026-03-17T16:17:24-07:00,8
clickbench_partitioned,q15,table_creation,0.05,2026-08-11 18:29:11,53.0.0-rc3,2026-03-17T16:17:24-07:00,8
clickbench_partitioned,q15,query,1.321,2026-08-11 18:29:11,53.0.0-rc3,2026-03-17T16:17:24-07:00,8
clickbench_partitioned,q15,query,1.247,2026-08-11 18:29:11,53.0.0-rc3,2026-03-17T16:17:24-07:00,8
clickbench_partitioned,q15,query,1.211,2026-08-11 18:29:11,53.0.0-rc3,2026-03-17T16:17:24-07:00,8
clickbench_partitioned,q15,query,1.163,2026-08-11 18:29:11,53.0.0-rc3,2026-03-17T16:17:24-07:00,8
clickbench_partitioned,q15,query,1.149,2026-08-11 18:29:11,53.0.0-rc3,2026-03-17T16:17:24-07:00,8
clickbench_partitioned,q16,table_creation,0.051,2026-08-11 18:29:11,53.0.0-rc3,2026-03-17T16:17:24-07:00,8
clickbench_partitioned,q16,query,2.615,2026-08-11 18:29:11,53.0.0-rc3,2026-03-17T16:17:24-07:00,8
clickbench_partitioned,q16,query,2.508,2026-08-11 18:29:11,53.0.0-rc3,2026-03-17T16:17:24-07:00,8
clickbench_partitioned,q16,query,2.492,2026-08-11 18:29:11,53.0.0-rc3,2026-03-17T16:17:24-07:00,8
clickbench_partitioned,q16,query,2.445,2026-08-11 18:29:11,53.0.0-rc3,2026-03-17T16:17:24-07:00,8
clickbench_partitioned,q16,query,2.403,2026-08-11 18:29:11,53.0.0-rc3,2026-03-17T16:17:24-07:00,8
clickbench_partitioned,q17,table_creation,0.052,2026-08-11 18:29:11,53.0.0-rc3,2026-03-17T16:17:24-07:00,8
clickbench_partitioned,q17,query,2.588,2026-08-11 18:29:11,53.0.0-rc3,2026-03-17T16:17:24-07:00,8
clickbench_partitioned,q17,query,2.565,2026-08-11 18:29:11,53.0.0-rc3,2026-03-17T16:17:24-07:00,8
clickbench_partitioned,q17,query,2.474,2026-08-11 18:29:11,53.0.0-rc3,2026-03-17T16:17:24-07:00,8
clickbench_partitioned,q17,query,2.447,2026-08-11 18:29:11,53.0.0-rc3,2026-03-17T16:17:24-07:00,8
clickbench_partitioned,q17,query,2.383,2026-08-11 18:29:11,53.0.0-rc3,2026-03-17T16:17:24-07:00,8
clickbench_partitioned,q18,table_creation,0.051,2026-08-11 18:29:11,53.0.0-rc3,2026-03-17T16:17:24-07:00,8
clickbench_partitioned,q18,query,4.94,2026-08-11 18:29:11,53.0.0-rc3,2026-03-17T16:17:24-07:00,8
clickbench_partitioned,q18,query,4.975,2026-08-11 18:29:11,53.0.0-rc3,2026-03-17T16:17:24-07:00,8
clickbench_partitioned,q18,query,4.637,2026-08-11 18:29:11,53.0.0-rc3,2026-03-17T16:17:24-07:00,8
clickbench_partitioned,q18,query,4.583,2026-08-11 18:29:11,53.0.0-rc3,2026-03-17T16:17:24-07:00,8
clickbench_partitioned,q18,query,4.589,2026-08-11 18:29:11,53.0.0-rc3,2026-03-17T16:17:24-07:00,8
clickbench_partitioned,q19,table_creation,0.05,2026-08-11 18:29:11,53.0.0-rc3,2026-03-17T16:17:24-07:00,8
clickbench_partitioned,q19,query,0.13,2026-08-11 18:29:11,53.0.0-rc3,2026-03-17T16:17:24-07:00,8
clickbench_partitioned,q19,query,0.128,2026-08-11 18:29:11,53.0.0-rc3,2026-03-17T16:17:24-07:00,8
clickbench_partitioned,q19,query,0.13,2026-08-11 18:29:11,53.0.0-rc3,2026-03-17T16:17:24-07:00,8
clickbench_partitioned,q19,query,0.136,2026-08-11 18:29:11,53.0.0-rc3,2026-03-17T16:17:24-07:00,8
clickbench_partitioned,q19,query,0.137,2026-08-11 18:29:11,53.0.0-rc3,2026-03-17T16:17:24-07:00,8
clickbench_partitioned,q20,table_creation,0.052,2026-08-11 18:29:11,53.0.0-rc3,2026-03-17T16:17:24-07:00,8
clickbench_partitioned,q20,query,3.837,2026-08-11 18:29:11,53.0.0-rc3,2026-03-17T16:17:24-07:00,8
clickbench_partitioned,q20,query,1.851,2026-08-11 18:29:11,53.0.0-rc3,2026-03-17T16:17:24-07:00,8
clickbench_partitioned,q20,query,1.849,2026-08-11 18:29:11,53.0.0-rc3,2026-03-17T16:17:24-07:00,8
clickbench_partitioned,q20,query,1.859,2026-08-11 18:29:11,53.0.0-rc3,2026-03-17T16:17:24-07:00,8
clickbench_partitioned,q20,query,1.868,2026-08-11 18:29:11,53.0.0-rc3,2026-03-17T16:17:24-07:00,8
clickbench_partitioned,q21,table_creation,0.05,2026-08-11 18:29:11,53.0.0-rc3,2026-03-17T16:17:24-07:00,8
clickbench_partitioned,q21,query,2.122,2026-08-11 18:29:11,53.0.0-rc3,2026-03-17T16:17:24-07:00,8
clickbench_partitioned,q21,query,2.111,2026-08-11 18:29:11,53.0.0-rc3,2026-03-17T16:17:24-07:00,8
clickbench_partitioned,q21,query,2.065,2026-08-11 18:29:11,53.0.0-rc3,2026-03-17T16:17:24-07:00,8
clickbench_partitioned,q21,query,2.067,2026-08-11 18:29:11,53.0.0-rc3,2026-03-17T16:17:24-07:00,8
clickbench_partitioned,q21,query,2.095,2026-08-11 18:29:11,53.0.0-rc3,2026-03-17T16:17:24-07:00,8
clickbench_partitioned,q22,table_creation,0.051,2026-08-11 18:29:11,53.0.0-rc3,2026-03-17T16:17:24-07:00,8
clickbench_partitioned,q22,query,6.159,2026-08-11 18:29:11,53.0.0-rc3,2026-03-17T16:17:24-07:00,8
clickbench_partitioned,q22,query,3.64,2026-08-11 18:29:11,53.0.0-rc3,2026-03-17T16:17:24-07:00,8
clickbench_partitioned,q22,query,3.613,2026-08-11 18:29:11,53.0.0-rc3,2026-03-17T16:17:24-07:00,8
clickbench_partitioned,q22,query,3.523,2026-08-11 18:29:11,53.0.0-rc3,2026-03-17T16:17:24-07:00,8
clickbench_partitioned,q22,query,3.546,2026-08-11 18:29:11,53.0.0-rc3,2026-03-17T16:17:24-07:00,8
clickbench_partitioned,q23,table_creation,0.049,2026-08-11 18:29:11,53.0.0-rc3,2026-03-17T16:17:24-07:00,8
clickbench_partitioned,q23,query,13.925,2026-08-11 18:29:11,53.0.0-rc3,2026-03-17T16:17:24-07:00,8
clickbench_partitioned,q23,query,12.182,2026-08-11 18:29:11,53.0.0-rc3,2026-03-17T16:17:24-07:00,8
clickbench_partitioned,q23,query,12.82,2026-08-11 18:29:11,53.0.0-rc3,2026-03-17T16:17:24-07:00,8
clickbench_partitioned,q23,query,12.875,2026-08-11 18:29:11,53.0.0-rc3,2026-03-17T16:17:24-07:00,8
clickbench_partitioned,q23,query,12.758,2026-08-11 18:29:11,53.0.0-rc3,2026-03-17T16:17:24-07:00,8
clickbench_partitioned,q24,table_creation,0.052,2026-08-11 18:29:11,53.0.0-rc3,2026-03-17T16:17:24-07:00,8
clickbench_partitioned,q24,query,0.197,2026-08-11 18:29:11,53.0.0-rc3,2026-03-17T16:17:24-07:00,8
clickbench_partitioned,q24,query,0.197,2026-08-11 18:29:11,53.0.0-rc3,2026-03-17T16:17:24-07:00,8
clickbench_partitioned,q24,query,0.206,2026-08-11 18:29:11,53.0.0-rc3,2026-03-17T16:17:24-07:00,8
clickbench_partitioned,q24,query,0.214,2026-08-11 18:29:11,53.0.0-rc3,2026-03-17T16:17:24-07:00,8
clickbench_partitioned,q24,query,0.195,2026-08-11 18:29:11,53.0.0-rc3,2026-03-17T16:17:24-07:00,8
clickbench_partitioned,q25,table_creation,0.053,2026-08-11 18:29:11,53.0.0-rc3,2026-03-17T16:17:24-07:00,8
clickbench_partitioned,q25,query,0.447,2026-08-11 18:29:11,53.0.0-rc3,2026-03-17T16:17:24-07:00,8
clickbench_partitioned,q25,query,0.439,2026-08-11 18:29:11,53.0.0-rc3,2026-03-17T16:17:24-07:00,8
clickbench_partitioned,q25,query,0.447,2026-08-11 18:29:11,53.0.0-rc3,2026-03-17T16:17:24-07:00,8
clickbench_partitioned,q25,query,0.453,2026-08-11 18:29:11,53.0.0-rc3,2026-03-17T16:17:24-07:00,8
clickbench_partitioned,q25,query,0.445,2026-08-11 18:29:11,53.0.0-rc3,2026-03-17T16:17:24-07:00,8
clickbench_partitioned,q26,table_creation,0.051,2026-08-11 18:29:11,53.0.0-rc3,2026-03-17T16:17:24-07:00,8
clickbench_partitioned,q26,query,0.205,2026-08-11 18:29:11,53.0.0-rc3,2026-03-17T16:17:24-07:00,8
clickbench_partitioned,q26,query,0.208,2026-08-11 18:29:11,53.0.0-rc3,2026-03-17T16:17:24-07:00,8
clickbench_partitioned,q26,query,0.207,2026-08-11 18:29:11,53.0.0-rc3,2026-03-17T16:17:24-07:00,8
clickbench_partitioned,q26,query,0.207,2026-08-11 18:29:11,53.0.0-rc3,2026-03-17T16:17:24-07:00,8
clickbench_partitioned,q26,query,0.202,2026-08-11 18:29:11,53.0.0-rc3,2026-03-17T16:17:24-07:00,8
clickbench_partitioned,q27,table_creation,0.052,2026-08-11 18:29:11,53.0.0-rc3,2026-03-17T16:17:24-07:00,8
clickbench_partitioned,q27,query,2.609,2026-08-11 18:29:11,53.0.0-rc3,2026-03-17T16:17:24-07:00,8
clickbench_partitioned,q27,query,2.579,2026-08-11 18:29:11,53.0.0-rc3,2026-03-17T16:17:24-07:00,8
clickbench_partitioned,q27,query,2.619,2026-08-11 18:29:11,53.0.0-rc3,2026-03-17T16:17:24-07:00,8
clickbench_partitioned,q27,query,2.606,2026-08-11 18:29:11,53.0.0-rc3,2026-03-17T16:17:24-07:00,8
clickbench_partitioned,q27,query,2.627,2026-08-11 18:29:11,53.0.0-rc3,2026-03-17T16:17:24-07:00,8
clickbench_partitioned,q28,table_creation,0.05,2026-08-11 18:29:11,53.0.0-rc3,2026-03-17T16:17:24-07:00,8
clickbench_partitioned,q28,query,24.197,2026-08-11 18:29:11,53.0.0-rc3,2026-03-17T16:17:24-07:00,8
clickbench_partitioned,q28,query,24.159,2026-08-11 18:29:11,53.0.0-rc3,2026-03-17T16:17:24-07:00,8
clickbench_partitioned,q28,query,24.139,2026-08-11 18:29:11,53.0.0-rc3,2026-03-17T16:17:24-07:00,8
clickbench_partitioned,q28,query,24.252,2026-08-11 18:29:11,53.0.0-rc3,2026-03-17T16:17:24-07:00,8
clickbench_partitioned,q28,query,24.324,2026-08-11 18:29:11,53.0.0-rc3,2026-03-17T16:17:24-07:00,8
clickbench_partitioned,q29,table_creation,0.051,2026-08-11 18:29:11,53.0.0-rc3,2026-03-17T16:17:24-07:00,8
clickbench_partitioned,q29,query,0.971,2026-08-11 18:29:11,53.0.0-rc3,2026-03-17T16:17:24-07:00,8
clickbench_partitioned,q29,query,0.972,2026-08-11 18:29:11,53.0.0-rc3,2026-03-17T16:17:24-07:00,8
clickbench_partitioned,q29,query,0.961,2026-08-11 18:29:11,53.0.0-rc3,2026-03-17T16:17:24-07:00,8
clickbench_partitioned,q29,query,0.963,2026-08-11 18:29:11,53.0.0-rc3,2026-03-17T16:17:24-07:00,8
clickbench_partitioned,q29,query,0.971,2026-08-11 18:29:11,53.0.0-rc3,2026-03-17T16:17:24-07:00,8
clickbench_partitioned,q30,table_creation,0.052,2026-08-11 18:29:11,53.0.0-rc3,2026-03-17T16:17:24-07:00,8
clickbench_partitioned,q30,query,1.257,2026-08-11 18:29:11,53.0.0-rc3,2026-03-17T16:17:24-07:00,8
clickbench_partitioned,q30,query,1.214,2026-08-11 18:29:11,53.0.0-rc3,2026-03-17T16:17:24-07:00,8
clickbench_partitioned,q30,query,1.151,2026-08-11 18:29:11,53.0.0-rc3,2026-03-17T16:17:24-07:00,8
clickbench_partitioned,q30,query,1.143,2026-08-11 18:29:11,53.0.0-rc3,2026-03-17T16:17:24-07:00,8
clickbench_partitioned,q30,query,1.197,2026-08-11 18:29:11,53.0.0-rc3,2026-03-17T16:17:24-07:00,8
clickbench_partitioned,q31,table_creation,0.053,2026-08-11 18:29:11,53.0.0-rc3,2026-03-17T16:17:24-07:00,8
clickbench_partitioned,q31,query,1.594,2026-08-11 18:29:11,53.0.0-rc3,2026-03-17T16:17:24-07:00,8
clickbench_partitioned,q31,query,1.416,2026-08-11 18:29:11,53.0.0-rc3,2026-03-17T16:17:24-07:00,8
clickbench_partitioned,q31,query,1.4,2026-08-11 18:29:11,53.0.0-rc3,2026-03-17T16:17:24-07:00,8
clickbench_partitioned,q31,query,1.291,2026-08-11 18:29:11,53.0.0-rc3,2026-03-17T16:17:24-07:00,8
clickbench_partitioned,q31,query,1.249,2026-08-11 18:29:11,53.0.0-rc3,2026-03-17T16:17:24-07:00,8
clickbench_partitioned,q32,table_creation,0.051,2026-08-11 18:29:11,53.0.0-rc3,2026-03-17T16:17:24-07:00,8
clickbench_partitioned,q32,query,4.061,2026-08-11 18:29:11,53.0.0-rc3,2026-03-17T16:17:24-07:00,8
clickbench_partitioned,q32,query,3.971,2026-08-11 18:29:11,53.0.0-rc3,2026-03-17T16:17:24-07:00,8
clickbench_partitioned,q32,query,3.934,2026-08-11 18:29:11,53.0.0-rc3,2026-03-17T16:17:24-07:00,8
clickbench_partitioned,q32,query,3.622,2026-08-11 18:29:11,53.0.0-rc3,2026-03-17T16:17:24-07:00,8
clickbench_partitioned,q32,query,3.565,2026-08-11 18:29:11,53.0.0-rc3,2026-03-17T16:17:24-07:00,8
clickbench_partitioned,q33,table_creation,0.052,2026-08-11 18:29:11,53.0.0-rc3,2026-03-17T16:17:24-07:00,8
clickbench_partitioned,q33,query,4.982,2026-08-11 18:29:11,53.0.0-rc3,2026-03-17T16:17:24-07:00,8
clickbench_partitioned,q33,query,4.872,2026-08-11 18:29:11,53.0.0-rc3,2026-03-17T16:17:24-07:00,8
clickbench_partitioned,q33,query,5.125,2026-08-11 18:29:11,53.0.0-rc3,2026-03-17T16:17:24-07:00,8
clickbench_partitioned,q33,query,5.31,2026-08-11 18:29:11,53.0.0-rc3,2026-03-17T16:17:24-07:00,8
clickbench_partitioned,q33,query,5.681,2026-08-11 18:29:11,53.0.0-rc3,2026-03-17T16:17:24-07:00,8
clickbench_partitioned,q34,table_creation,0.052,2026-08-11 18:29:11,53.0.0-rc3,2026-03-17T16:17:24-07:00,8
clickbench_partitioned,q34,query,4.93,2026-08-11 18:29:11,53.0.0-rc3,2026-03-17T16:17:24-07:00,8
clickbench_partitioned,q34,query,4.903,2026-08-11 18:29:11,53.0.0-rc3,2026-03-17T16:17:24-07:00,8
clickbench_partitioned,q34,query,5.008,2026-08-11 18:29:11,53.0.0-rc3,2026-03-17T16:17:24-07:00,8
clickbench_partitioned,q34,query,5.213,2026-08-11 18:29:11,53.0.0-rc3,2026-03-17T16:17:24-07:00,8
clickbench_partitioned,q34,query,5.512,2026-08-11 18:29:11,53.0.0-rc3,2026-03-17T16:17:24-07:00,8
clickbench_partitioned,q35,table_creation,0.053,2026-08-11 18:29:11,53.0.0-rc3,2026-03-17T16:17:24-07:00,8
clickbench_partitioned,q35,query,2.063,2026-08-11 18:29:11,53.0.0-rc3,2026-03-17T16:17:24-07:00,8
clickbench_partitioned,q35,query,1.946,2026-08-11 18:29:11,53.0.0-rc3,2026-03-17T16:17:24-07:00,8
clickbench_partitioned,q35,query,1.96,2026-08-11 18:29:11,53.0.0-rc3,2026-03-17T16:17:24-07:00,8
clickbench_partitioned,q35,query,1.953,2026-08-11 18:29:11,53.0.0-rc3,2026-03-17T16:17:24-07:00,8
clickbench_partitioned,q35,query,1.825,2026-08-11 18:29:11,53.0.0-rc3,2026-03-17T16:17:24-07:00,8
clickbench_partitioned,q36,table_creation,0.051,2026-08-11 18:29:11,53.0.0-rc3,2026-03-17T16:17:24-07:00,8
clickbench_partitioned,q36,query,0.072,2026-08-11 18:29:11,53.0.0-rc3,2026-03-17T16:17:24-07:00,8
clickbench_partitioned,q36,query,0.066,2026-08-11 18:29:11,53.0.0-rc3,2026-03-17T16:17:24-07:00,8
clickbench_partitioned,q36,query,0.072,2026-08-11 18:29:11,53.0.0-rc3,2026-03-17T16:17:24-07:00,8
clickbench_partitioned,q36,query,0.07,2026-08-11 18:29:11,53.0.0-rc3,2026-03-17T16:17:24-07:00,8
clickbench_partitioned,q36,query,0.069,2026-08-11 18:29:11,53.0.0-rc3,2026-03-17T16:17:24-07:00,8
clickbench_partitioned,q37,table_creation,0.051,2026-08-11 18:29:11,53.0.0-rc3,2026-03-17T16:17:24-07:00,8
clickbench_partitioned,q37,query,0.05,2026-08-11 18:29:11,53.0.0-rc3,2026-03-17T16:17:24-07:00,8
clickbench_partitioned,q37,query,0.042,2026-08-11 18:29:11,53.0.0-rc3,2026-03-17T16:17:24-07:00,8
clickbench_partitioned,q37,query,0.042,2026-08-11 18:29:11,53.0.0-rc3,2026-03-17T16:17:24-07:00,8
clickbench_partitioned,q37,query,0.042,2026-08-11 18:29:11,53.0.0-rc3,2026-03-17T16:17:24-07:00,8
clickbench_partitioned,q37,query,0.042,2026-08-11 18:29:11,53.0.0-rc3,2026-03-17T16:17:24-07:00,8
clickbench_partitioned,q38,table_creation,0.052,2026-08-11 18:29:11,53.0.0-rc3,2026-03-17T16:17:24-07:00,8
clickbench_partitioned,q38,query,0.07,2026-08-11 18:29:11,53.0.0-rc3,2026-03-17T16:17:24-07:00,8
clickbench_partitioned,q38,query,0.067,2026-08-11 18:29:11,53.0.0-rc3,2026-03-17T16:17:24-07:00,8
clickbench_partitioned,q38,query,0.067,2026-08-11 18:29:11,53.0.0-rc3,2026-03-17T16:17:24-07:00,8
clickbench_partitioned,q38,query,0.064,2026-08-11 18:29:11,53.0.0-rc3,2026-03-17T16:17:24-07:00,8
clickbench_partitioned,q38,query,0.065,2026-08-11 18:29:11,53.0.0-rc3,2026-03-17T16:17:24-07:00,8
clickbench_partitioned,q39,table_creation,0.053,2026-08-11 18:29:11,53.0.0-rc3,2026-03-17T16:17:24-07:00,8
clickbench_partitioned,q39,query,0.116,2026-08-11 18:29:11,53.0.0-rc3,2026-03-17T16:17:24-07:00,8
clickbench_partitioned,q39,query,0.111,2026-08-11 18:29:11,53.0.0-rc3,2026-03-17T16:17:24-07:00,8
clickbench_partitioned,q39,query,0.107,2026-08-11 18:29:11,53.0.0-rc3,2026-03-17T16:17:24-07:00,8
clickbench_partitioned,q39,query,0.118,2026-08-11 18:29:11,53.0.0-rc3,2026-03-17T16:17:24-07:00,8
clickbench_partitioned,q39,query,0.113,2026-08-11 18:29:11,53.0.0-rc3,2026-03-17T16:17:24-07:00,8
clickbench_partitioned,q40,table_creation,0.051,2026-08-11 18:29:11,53.0.0-rc3,2026-03-17T16:17:24-07:00,8
clickbench_partitioned,q40,query,0.026,2026-08-11 18:29:11,53.0.0-rc3,2026-03-17T16:17:24-07:00,8
clickbench_partitioned,q40,query,0.022,2026-08-11 18:29:11,53.0.0-rc3,2026-03-17T16:17:24-07:00,8
clickbench_partitioned,q40,query,0.022,2026-08-11 18:29:11,53.0.0-rc3,2026-03-17T16:17:24-07:00,8
clickbench_partitioned,q40,query,0.029,2026-08-11 18:29:11,53.0.0-rc3,2026-03-17T16:17:24-07:00,8
clickbench_partitioned,q40,query,0.023,2026-08-11 18:29:11,53.0.0-rc3,2026-03-17T16:17:24-07:00,8
clickbench_partitioned,q41,table_creation,0.052,2026-08-11 18:29:11,53.0.0-rc3,2026-03-17T16:17:24-07:00,8
clickbench_partitioned,q41,query,0.021,2026-08-11 18:29:11,53.0.0-rc3,2026-03-17T16:17:24-07:00,8
clickbench_partitioned,q41,query,0.02,2026-08-11 18:29:11,53.0.0-rc3,2026-03-17T16:17:24-07:00,8
clickbench_partitioned,q41,query,0.02,2026-08-11 18:29:11,53.0.0-rc3,2026-03-17T16:17:24-07:00,8
clickbench_partitioned,q41,query,0.02,2026-08-11 18:29:11,53.0.0-rc3,2026-03-17T16:17:24-07:00,8
clickbench_partitioned,q41,query,0.022,2026-08-11 18:29:11,53.0.0-rc3,2026-03-17T16:17:24-07:00,8
clickbench_partitioned,q42,table_creation,0.051,2026-08-11 18:29:11,53.0.0-rc3,2026-03-17T16:17:24-07:00,8
clickbench_partitioned,q42,query,0.027,2026-08-11 18:29:11,53.0.0-rc3,2026-03-17T16:17:24-07:00,8
clickbench_partitioned,q42,query,0.018,2026-08-11 18:29:11,53.0.0-rc3,2026-03-17T16:17:24-07:00,8
clickbench_partitioned,q42,query,0.018,2026-08-11 18:29:11,53.0.0-rc3,2026-03-17T16:17:24-07:00,8
clickbench_partitioned,q42,query,0.019,2026-08-11 18:29:11,53.0.0-rc3,2026-03-17T16:17:24-07:00,8
clickbench_partitioned,q42,query,0.019,2026-08-11 18:29:11,53.0.0-rc3,2026-03-17T16:17:24-07:00,8
clickbench_partitioned,q0,table_creation,0.17,2026-08-11 18:36:52,54.0.0,2026-06-03T19:04:38-04:00,8
clickbench_partitioned,q0,query,0.073,2026-08-11 18:36:52,54.0.0,2026-06-03T19:04:38-04:00,8
clickbench_partitioned,q0,query,0.002,2026-08-11 18:36:52,54.0.0,2026-06-03T19:04:38-04:00,8
clickbench_partitioned,q0,query,0.002,2026-08-11 18:36:52,54.0.0,2026-06-03T19:04:38-04:00,8
clickbench_partitioned,q0,query,0.001,2026-08-11 18:36:52,54.0.0,2026-06-03T19:04:38-04:00,8
clickbench_partitioned,q0,query,0.001,2026-08-11 18:36:52,54.0.0,2026-06-03T19:04:38-04:00,8
clickbench_partitioned,q1,table_creation,0.05,2026-08-11 18:36:52,54.0.0,2026-06-03T19:04:38-04:00,8
clickbench_partitioned,q1,query,0.093,2026-08-11 18:36:52,54.0.0,2026-06-03T19:04:38-04:00,8
clickbench_partitioned,q1,query,0.045,2026-08-11 18:36:52,54.0.0,2026-06-03T19:04:38-04:00,8
clickbench_partitioned,q1,query,0.044,2026-08-11 18:36:52,54.0.0,2026-06-03T19:04:38-04:00,8
clickbench_partitioned,q1,query,0.042,2026-08-11 18:36:52,54.0.0,2026-06-03T19:04:38-04:00,8
clickbench_partitioned,q1,query,0.043,2026-08-11 18:36:52,54.0.0,2026-06-03T19:04:38-04:00,8
clickbench_partitioned,q2,table_creation,0.051,2026-08-11 18:36:52,54.0.0,2026-06-03T19:04:38-04:00,8
clickbench_partitioned,q2,query,0.181,2026-08-11 18:36:52,54.0.0,2026-06-03T19:04:38-04:00,8
clickbench_partitioned,q2,query,0.13,2026-08-11 18:36:52,54.0.0,2026-06-03T19:04:38-04:00,8
clickbench_partitioned,q2,query,0.129,2026-08-11 18:36:52,54.0.0,2026-06-03T19:04:38-04:00,8
clickbench_partitioned,q2,query,0.128,2026-08-11 18:36:52,54.0.0,2026-06-03T19:04:38-04:00,8
clickbench_partitioned,q2,query,0.126,2026-08-11 18:36:52,54.0.0,2026-06-03T19:04:38-04:00,8
clickbench_partitioned,q3,table_creation,0.05,2026-08-11 18:36:52,54.0.0,2026-06-03T19:04:38-04:00,8
clickbench_partitioned,q3,query,0.227,2026-08-11 18:36:52,54.0.0,2026-06-03T19:04:38-04:00,8
clickbench_partitioned,q3,query,0.147,2026-08-11 18:36:52,54.0.0,2026-06-03T19:04:38-04:00,8
clickbench_partitioned,q3,query,0.145,2026-08-11 18:36:52,54.0.0,2026-06-03T19:04:38-04:00,8
clickbench_partitioned,q3,query,0.145,2026-08-11 18:36:52,54.0.0,2026-06-03T19:04:38-04:00,8
clickbench_partitioned,q3,query,0.145,2026-08-11 18:36:52,54.0.0,2026-06-03T19:04:38-04:00,8
clickbench_partitioned,q4,table_creation,0.052,2026-08-11 18:36:52,54.0.0,2026-06-03T19:04:38-04:00,8
clickbench_partitioned,q4,query,1.015,2026-08-11 18:36:52,54.0.0,2026-06-03T19:04:38-04:00,8
clickbench_partitioned,q4,query,0.89,2026-08-11 18:36:52,54.0.0,2026-06-03T19:04:38-04:00,8
clickbench_partitioned,q4,query,0.907,2026-08-11 18:36:52,54.0.0,2026-06-03T19:04:38-04:00,8
clickbench_partitioned,q4,query,0.94,2026-08-11 18:36:52,54.0.0,2026-06-03T19:04:38-04:00,8
clickbench_partitioned,q4,query,0.941,2026-08-11 18:36:52,54.0.0,2026-06-03T19:04:38-04:00,8
clickbench_partitioned,q5,table_creation,0.05,2026-08-11 18:36:52,54.0.0,2026-06-03T19:04:38-04:00,8
clickbench_partitioned,q5,query,1.087,2026-08-11 18:36:52,54.0.0,2026-06-03T19:04:38-04:00,8
clickbench_partitioned,q5,query,0.996,2026-08-11 18:36:52,54.0.0,2026-06-03T19:04:38-04:00,8
clickbench_partitioned,q5,query,1.011,2026-08-11 18:36:52,54.0.0,2026-06-03T19:04:38-04:00,8
clickbench_partitioned,q5,query,1.03,2026-08-11 18:36:52,54.0.0,2026-06-03T19:04:38-04:00,8
clickbench_partitioned,q5,query,1.032,2026-08-11 18:36:52,54.0.0,2026-06-03T19:04:38-04:00,8
clickbench_partitioned,q6,table_creation,0.05,2026-08-11 18:36:52,54.0.0,2026-06-03T19:04:38-04:00,8
clickbench_partitioned,q6,query,0.006,2026-08-11 18:36:52,54.0.0,2026-06-03T19:04:38-04:00,8
clickbench_partitioned,q6,query,0.002,2026-08-11 18:36:52,54.0.0,2026-06-03T19:04:38-04:00,8
clickbench_partitioned,q6,query,0.001,2026-08-11 18:36:52,54.0.0,2026-06-03T19:04:38-04:00,8
clickbench_partitioned,q6,query,0.001,2026-08-11 18:36:52,54.0.0,2026-06-03T19:04:38-04:00,8
clickbench_partitioned,q6,query,0.001,2026-08-11 18:36:52,54.0.0,2026-06-03T19:04:38-04:00,8
clickbench_partitioned,q7,table_creation,0.053,2026-08-11 18:36:52,54.0.0,2026-06-03T19:04:38-04:00,8
clickbench_partitioned,q7,query,0.06,2026-08-11 18:36:52,54.0.0,2026-06-03T19:04:38-04:00,8
clickbench_partitioned,q7,query,0.047,2026-08-11 18:36:52,54.0.0,2026-06-03T19:04:38-04:00,8
clickbench_partitioned,q7,query,0.048,2026-08-11 18:36:52,54.0.0,2026-06-03T19:04:38-04:00,8
clickbench_partitioned,q7,query,0.046,2026-08-11 18:36:52,54.0.0,2026-06-03T19:04:38-04:00,8
clickbench_partitioned,q7,query,0.047,2026-08-11 18:36:52,54.0.0,2026-06-03T19:04:38-04:00,8
clickbench_partitioned,q8,table_creation,0.051,2026-08-11 18:36:52,54.0.0,2026-06-03T19:04:38-04:00,8
clickbench_partitioned,q8,query,1.312,2026-08-11 18:36:52,54.0.0,2026-06-03T19:04:38-04:00,8
clickbench_partitioned,q8,query,1.289,2026-08-11 18:36:52,54.0.0,2026-06-03T19:04:38-04:00,8
clickbench_partitioned,q8,query,1.292,2026-08-11 18:36:52,54.0.0,2026-06-03T19:04:38-04:00,8
clickbench_partitioned,q8,query,1.29,2026-08-11 18:36:52,54.0.0,2026-06-03T19:04:38-04:00,8
clickbench_partitioned,q8,query,1.291,2026-08-11 18:36:52,54.0.0,2026-06-03T19:04:38-04:00,8
clickbench_partitioned,q9,table_creation,0.052,2026-08-11 18:36:52,54.0.0,2026-06-03T19:04:38-04:00,8
clickbench_partitioned,q9,query,1.398,2026-08-11 18:36:52,54.0.0,2026-06-03T19:04:38-04:00,8
clickbench_partitioned,q9,query,1.376,2026-08-11 18:36:52,54.0.0,2026-06-03T19:04:38-04:00,8
clickbench_partitioned,q9,query,1.364,2026-08-11 18:36:52,54.0.0,2026-06-03T19:04:38-04:00,8
clickbench_partitioned,q9,query,1.367,2026-08-11 18:36:52,54.0.0,2026-06-03T19:04:38-04:00,8
clickbench_partitioned,q9,query,1.387,2026-08-11 18:36:52,54.0.0,2026-06-03T19:04:38-04:00,8
clickbench_partitioned,q10,table_creation,0.053,2026-08-11 18:36:52,54.0.0,2026-06-03T19:04:38-04:00,8
clickbench_partitioned,q10,query,0.313,2026-08-11 18:36:52,54.0.0,2026-06-03T19:04:38-04:00,8
clickbench_partitioned,q10,query,0.292,2026-08-11 18:36:52,54.0.0,2026-06-03T19:04:38-04:00,8
clickbench_partitioned,q10,query,0.29,2026-08-11 18:36:52,54.0.0,2026-06-03T19:04:38-04:00,8
clickbench_partitioned,q10,query,0.301,2026-08-11 18:36:52,54.0.0,2026-06-03T19:04:38-04:00,8
clickbench_partitioned,q10,query,0.303,2026-08-11 18:36:52,54.0.0,2026-06-03T19:04:38-04:00,8
clickbench_partitioned,q11,table_creation,0.053,2026-08-11 18:36:52,54.0.0,2026-06-03T19:04:38-04:00,8
clickbench_partitioned,q11,query,0.35,2026-08-11 18:36:52,54.0.0,2026-06-03T19:04:38-04:00,8
clickbench_partitioned,q11,query,0.33,2026-08-11 18:36:52,54.0.0,2026-06-03T19:04:38-04:00,8
clickbench_partitioned,q11,query,0.333,2026-08-11 18:36:52,54.0.0,2026-06-03T19:04:38-04:00,8
clickbench_partitioned,q11,query,0.335,2026-08-11 18:36:52,54.0.0,2026-06-03T19:04:38-04:00,8
clickbench_partitioned,q11,query,0.336,2026-08-11 18:36:52,54.0.0,2026-06-03T19:04:38-04:00,8
clickbench_partitioned,q12,table_creation,0.053,2026-08-11 18:36:52,54.0.0,2026-06-03T19:04:38-04:00,8
clickbench_partitioned,q12,query,0.94,2026-08-11 18:36:52,54.0.0,2026-06-03T19:04:38-04:00,8
clickbench_partitioned,q12,query,0.945,2026-08-11 18:36:52,54.0.0,2026-06-03T19:04:38-04:00,8
clickbench_partitioned,q12,query,0.941,2026-08-11 18:36:52,54.0.0,2026-06-03T19:04:38-04:00,8
clickbench_partitioned,q12,query,0.964,2026-08-11 18:36:52,54.0.0,2026-06-03T19:04:38-04:00,8
clickbench_partitioned,q12,query,0.95,2026-08-11 18:36:52,54.0.0,2026-06-03T19:04:38-04:00,8
clickbench_partitioned,q13,table_creation,0.053,2026-08-11 18:36:52,54.0.0,2026-06-03T19:04:38-04:00,8
clickbench_partitioned,q13,query,1.424,2026-08-11 18:36:52,54.0.0,2026-06-03T19:04:38-04:00,8
clickbench_partitioned,q13,query,1.391,2026-08-11 18:36:52,54.0.0,2026-06-03T19:04:38-04:00,8
clickbench_partitioned,q13,query,1.387,2026-08-11 18:36:52,54.0.0,2026-06-03T19:04:38-04:00,8
clickbench_partitioned,q13,query,1.495,2026-08-11 18:36:52,54.0.0,2026-06-03T19:04:38-04:00,8
clickbench_partitioned,q13,query,1.387,2026-08-11 18:36:52,54.0.0,2026-06-03T19:04:38-04:00,8
clickbench_partitioned,q14,table_creation,0.054,2026-08-11 18:36:52,54.0.0,2026-06-03T19:04:38-04:00,8
clickbench_partitioned,q14,query,0.997,2026-08-11 18:36:52,54.0.0,2026-06-03T19:04:38-04:00,8
clickbench_partitioned,q14,query,0.957,2026-08-11 18:36:52,54.0.0,2026-06-03T19:04:38-04:00,8
clickbench_partitioned,q14,query,0.95,2026-08-11 18:36:52,54.0.0,2026-06-03T19:04:38-04:00,8
clickbench_partitioned,q14,query,0.975,2026-08-11 18:36:52,54.0.0,2026-06-03T19:04:38-04:00,8
clickbench_partitioned,q14,query,0.969,2026-08-11 18:36:52,54.0.0,2026-06-03T19:04:38-04:00,8
clickbench_partitioned,q15,table_creation,0.051,2026-08-11 18:36:52,54.0.0,2026-06-03T19:04:38-04:00,8
clickbench_partitioned,q15,query,1.051,2026-08-11 18:36:52,54.0.0,2026-06-03T19:04:38-04:00,8
clickbench_partitioned,q15,query,1.04,2026-08-11 18:36:52,54.0.0,2026-06-03T19:04:38-04:00,8
clickbench_partitioned,q15,query,1.023,2026-08-11 18:36:52,54.0.0,2026-06-03T19:04:38-04:00,8
clickbench_partitioned,q15,query,1.057,2026-08-11 18:36:52,54.0.0,2026-06-03T19:04:38-04:00,8
clickbench_partitioned,q15,query,1.05,2026-08-11 18:36:52,54.0.0,2026-06-03T19:04:38-04:00,8
clickbench_partitioned,q16,table_creation,0.05,2026-08-11 18:36:52,54.0.0,2026-06-03T19:04:38-04:00,8
clickbench_partitioned,q16,query,2.209,2026-08-11 18:36:52,54.0.0,2026-06-03T19:04:38-04:00,8
clickbench_partitioned,q16,query,2.252,2026-08-11 18:36:52,54.0.0,2026-06-03T19:04:38-04:00,8
clickbench_partitioned,q16,query,2.23,2026-08-11 18:36:52,54.0.0,2026-06-03T19:04:38-04:00,8
clickbench_partitioned,q16,query,2.268,2026-08-11 18:36:52,54.0.0,2026-06-03T19:04:38-04:00,8
clickbench_partitioned,q16,query,2.25,2026-08-11 18:36:52,54.0.0,2026-06-03T19:04:38-04:00,8
clickbench_partitioned,q17,table_creation,0.053,2026-08-11 18:36:52,54.0.0,2026-06-03T19:04:38-04:00,8
clickbench_partitioned,q17,query,2.206,2026-08-11 18:36:52,54.0.0,2026-06-03T19:04:38-04:00,8
clickbench_partitioned,q17,query,2.232,2026-08-11 18:36:52,54.0.0,2026-06-03T19:04:38-04:00,8
clickbench_partitioned,q17,query,2.245,2026-08-11 18:36:52,54.0.0,2026-06-03T19:04:38-04:00,8
clickbench_partitioned,q17,query,2.271,2026-08-11 18:36:52,54.0.0,2026-06-03T19:04:38-04:00,8
clickbench_partitioned,q17,query,2.258,2026-08-11 18:36:52,54.0.0,2026-06-03T19:04:38-04:00,8
clickbench_partitioned,q18,table_creation,0.053,2026-08-11 18:36:52,54.0.0,2026-06-03T19:04:38-04:00,8
clickbench_partitioned,q18,query,4.333,2026-08-11 18:36:52,54.0.0,2026-06-03T19:04:38-04:00,8
clickbench_partitioned,q18,query,4.393,2026-08-11 18:36:52,54.0.0,2026-06-03T19:04:38-04:00,8
clickbench_partitioned,q18,query,4.422,2026-08-11 18:36:52,54.0.0,2026-06-03T19:04:38-04:00,8
clickbench_partitioned,q18,query,4.373,2026-08-11 18:36:52,54.0.0,2026-06-03T19:04:38-04:00,8
clickbench_partitioned,q18,query,4.377,2026-08-11 18:36:52,54.0.0,2026-06-03T19:04:38-04:00,8
clickbench_partitioned,q19,table_creation,0.052,2026-08-11 18:36:52,54.0.0,2026-06-03T19:04:38-04:00,8
clickbench_partitioned,q19,query,0.134,2026-08-11 18:36:52,54.0.0,2026-06-03T19:04:38-04:00,8
clickbench_partitioned,q19,query,0.119,2026-08-11 18:36:52,54.0.0,2026-06-03T19:04:38-04:00,8
clickbench_partitioned,q19,query,0.117,2026-08-11 18:36:52,54.0.0,2026-06-03T19:04:38-04:00,8
clickbench_partitioned,q19,query,0.122,2026-08-11 18:36:52,54.0.0,2026-06-03T19:04:38-04:00,8
clickbench_partitioned,q19,query,0.121,2026-08-11 18:36:52,54.0.0,2026-06-03T19:04:38-04:00,8
clickbench_partitioned,q20,table_creation,0.054,2026-08-11 18:36:52,54.0.0,2026-06-03T19:04:38-04:00,8
clickbench_partitioned,q20,query,1.559,2026-08-11 18:36:52,54.0.0,2026-06-03T19:04:38-04:00,8
clickbench_partitioned,q20,query,1.573,2026-08-11 18:36:52,54.0.0,2026-06-03T19:04:38-04:00,8
clickbench_partitioned,q20,query,1.591,2026-08-11 18:36:52,54.0.0,2026-06-03T19:04:38-04:00,8
clickbench_partitioned,q20,query,1.59,2026-08-11 18:36:52,54.0.0,2026-06-03T19:04:38-04:00,8
clickbench_partitioned,q20,query,1.581,2026-08-11 18:36:52,54.0.0,2026-06-03T19:04:38-04:00,8
clickbench_partitioned,q21,table_creation,0.052,2026-08-11 18:36:52,54.0.0,2026-06-03T19:04:38-04:00,8
clickbench_partitioned,q21,query,1.835,2026-08-11 18:36:52,54.0.0,2026-06-03T19:04:38-04:00,8
clickbench_partitioned,q21,query,1.845,2026-08-11 18:36:52,54.0.0,2026-06-03T19:04:38-04:00,8
clickbench_partitioned,q21,query,1.853,2026-08-11 18:36:52,54.0.0,2026-06-03T19:04:38-04:00,8
clickbench_partitioned,q21,query,1.865,2026-08-11 18:36:52,54.0.0,2026-06-03T19:04:38-04:00,8
clickbench_partitioned,q21,query,1.863,2026-08-11 18:36:52,54.0.0,2026-06-03T19:04:38-04:00,8
clickbench_partitioned,q22,table_creation,0.05,2026-08-11 18:36:52,54.0.0,2026-06-03T19:04:38-04:00,8
clickbench_partitioned,q22,query,3.597,2026-08-11 18:36:52,54.0.0,2026-06-03T19:04:38-04:00,8
clickbench_partitioned,q22,query,3.394,2026-08-11 18:36:52,54.0.0,2026-06-03T19:04:38-04:00,8
clickbench_partitioned,q22,query,3.436,2026-08-11 18:36:52,54.0.0,2026-06-03T19:04:38-04:00,8
clickbench_partitioned,q22,query,3.435,2026-08-11 18:36:52,54.0.0,2026-06-03T19:04:38-04:00,8
clickbench_partitioned,q22,query,3.408,2026-08-11 18:36:52,54.0.0,2026-06-03T19:04:38-04:00,8
clickbench_partitioned,q23,table_creation,0.052,2026-08-11 18:36:52,54.0.0,2026-06-03T19:04:38-04:00,8
clickbench_partitioned,q23,query,12.727,2026-08-11 18:36:52,54.0.0,2026-06-03T19:04:38-04:00,8
clickbench_partitioned,q23,query,11.298,2026-08-11 18:36:52,54.0.0,2026-06-03T19:04:38-04:00,8
clickbench_partitioned,q23,query,11.392,2026-08-11 18:36:52,54.0.0,2026-06-03T19:04:38-04:00,8
clickbench_partitioned,q23,query,11.326,2026-08-11 18:36:52,54.0.0,2026-06-03T19:04:38-04:00,8
clickbench_partitioned,q23,query,11.365,2026-08-11 18:36:52,54.0.0,2026-06-03T19:04:38-04:00,8
clickbench_partitioned,q24,table_creation,0.051,2026-08-11 18:36:52,54.0.0,2026-06-03T19:04:38-04:00,8
clickbench_partitioned,q24,query,0.122,2026-08-11 18:36:52,54.0.0,2026-06-03T19:04:38-04:00,8
clickbench_partitioned,q24,query,0.111,2026-08-11 18:36:52,54.0.0,2026-06-03T19:04:38-04:00,8
clickbench_partitioned,q24,query,0.108,2026-08-11 18:36:52,54.0.0,2026-06-03T19:04:38-04:00,8
clickbench_partitioned,q24,query,0.111,2026-08-11 18:36:52,54.0.0,2026-06-03T19:04:38-04:00,8
clickbench_partitioned,q24,query,0.109,2026-08-11 18:36:52,54.0.0,2026-06-03T19:04:38-04:00,8
clickbench_partitioned,q25,table_creation,0.05,2026-08-11 18:36:52,54.0.0,2026-06-03T19:04:38-04:00,8
clickbench_partitioned,q25,query,0.352,2026-08-11 18:36:52,54.0.0,2026-06-03T19:04:38-04:00,8
clickbench_partitioned,q25,query,0.334,2026-08-11 18:36:52,54.0.0,2026-06-03T19:04:38-04:00,8
clickbench_partitioned,q25,query,0.342,2026-08-11 18:36:52,54.0.0,2026-06-03T19:04:38-04:00,8
clickbench_partitioned,q25,query,0.341,2026-08-11 18:36:52,54.0.0,2026-06-03T19:04:38-04:00,8
clickbench_partitioned,q25,query,0.34,2026-08-11 18:36:52,54.0.0,2026-06-03T19:04:38-04:00,8
clickbench_partitioned,q26,table_creation,0.051,2026-08-11 18:36:52,54.0.0,2026-06-03T19:04:38-04:00,8
clickbench_partitioned,q26,query,0.126,2026-08-11 18:36:52,54.0.0,2026-06-03T19:04:38-04:00,8
clickbench_partitioned,q26,query,0.111,2026-08-11 18:36:52,54.0.0,2026-06-03T19:04:38-04:00,8
clickbench_partitioned,q26,query,0.111,2026-08-11 18:36:52,54.0.0,2026-06-03T19:04:38-04:00,8
clickbench_partitioned,q26,query,0.112,2026-08-11 18:36:52,54.0.0,2026-06-03T19:04:38-04:00,8
clickbench_partitioned,q26,query,0.113,2026-08-11 18:36:52,54.0.0,2026-06-03T19:04:38-04:00,8
clickbench_partitioned,q27,table_creation,0.052,2026-08-11 18:36:52,54.0.0,2026-06-03T19:04:38-04:00,8
clickbench_partitioned,q27,query,2.247,2026-08-11 18:36:52,54.0.0,2026-06-03T19:04:38-04:00,8
clickbench_partitioned,q27,query,2.251,2026-08-11 18:36:52,54.0.0,2026-06-03T19:04:38-04:00,8
clickbench_partitioned,q27,query,2.257,2026-08-11 18:36:52,54.0.0,2026-06-03T19:04:38-04:00,8
clickbench_partitioned,q27,query,2.277,2026-08-11 18:36:52,54.0.0,2026-06-03T19:04:38-04:00,8
clickbench_partitioned,q27,query,2.247,2026-08-11 18:36:52,54.0.0,2026-06-03T19:04:38-04:00,8
clickbench_partitioned,q28,table_creation,0.05,2026-08-11 18:36:52,54.0.0,2026-06-03T19:04:38-04:00,8
clickbench_partitioned,q28,query,9.133,2026-08-11 18:36:52,54.0.0,2026-06-03T19:04:38-04:00,8
clickbench_partitioned,q28,query,9.181,2026-08-11 18:36:52,54.0.0,2026-06-03T19:04:38-04:00,8
clickbench_partitioned,q28,query,9.142,2026-08-11 18:36:52,54.0.0,2026-06-03T19:04:38-04:00,8
clickbench_partitioned,q28,query,9.165,2026-08-11 18:36:52,54.0.0,2026-06-03T19:04:38-04:00,8
clickbench_partitioned,q28,query,9.181,2026-08-11 18:36:52,54.0.0,2026-06-03T19:04:38-04:00,8
clickbench_partitioned,q29,table_creation,0.054,2026-08-11 18:36:52,54.0.0,2026-06-03T19:04:38-04:00,8
clickbench_partitioned,q29,query,0.132,2026-08-11 18:36:52,54.0.0,2026-06-03T19:04:38-04:00,8
clickbench_partitioned,q29,query,0.116,2026-08-11 18:36:52,54.0.0,2026-06-03T19:04:38-04:00,8
clickbench_partitioned,q29,query,0.114,2026-08-11 18:36:52,54.0.0,2026-06-03T19:04:38-04:00,8
clickbench_partitioned,q29,query,0.109,2026-08-11 18:36:52,54.0.0,2026-06-03T19:04:38-04:00,8
clickbench_partitioned,q29,query,0.108,2026-08-11 18:36:52,54.0.0,2026-06-03T19:04:38-04:00,8
clickbench_partitioned,q30,table_creation,0.051,2026-08-11 18:36:52,54.0.0,2026-06-03T19:04:38-04:00,8
clickbench_partitioned,q30,query,1.035,2026-08-11 18:36:52,54.0.0,2026-06-03T19:04:38-04:00,8
clickbench_partitioned,q30,query,1.022,2026-08-11 18:36:52,54.0.0,2026-06-03T19:04:38-04:00,8
clickbench_partitioned,q30,query,1.021,2026-08-11 18:36:52,54.0.0,2026-06-03T19:04:38-04:00,8
clickbench_partitioned,q30,query,1.041,2026-08-11 18:36:52,54.0.0,2026-06-03T19:04:38-04:00,8
clickbench_partitioned,q30,query,1.043,2026-08-11 18:36:52,54.0.0,2026-06-03T19:04:38-04:00,8
clickbench_partitioned,q31,table_creation,0.05,2026-08-11 18:36:52,54.0.0,2026-06-03T19:04:38-04:00,8
clickbench_partitioned,q31,query,1.084,2026-08-11 18:36:52,54.0.0,2026-06-03T19:04:38-04:00,8
clickbench_partitioned,q31,query,1.078,2026-08-11 18:36:52,54.0.0,2026-06-03T19:04:38-04:00,8
clickbench_partitioned,q31,query,1.051,2026-08-11 18:36:52,54.0.0,2026-06-03T19:04:38-04:00,8
clickbench_partitioned,q31,query,1.07,2026-08-11 18:36:52,54.0.0,2026-06-03T19:04:38-04:00,8
clickbench_partitioned,q31,query,1.069,2026-08-11 18:36:52,54.0.0,2026-06-03T19:04:38-04:00,8
clickbench_partitioned,q32,table_creation,0.052,2026-08-11 18:36:52,54.0.0,2026-06-03T19:04:38-04:00,8
clickbench_partitioned,q32,query,3.349,2026-08-11 18:36:52,54.0.0,2026-06-03T19:04:38-04:00,8
clickbench_partitioned,q32,query,3.363,2026-08-11 18:36:52,54.0.0,2026-06-03T19:04:38-04:00,8
clickbench_partitioned,q32,query,3.354,2026-08-11 18:36:52,54.0.0,2026-06-03T19:04:38-04:00,8
clickbench_partitioned,q32,query,3.398,2026-08-11 18:36:52,54.0.0,2026-06-03T19:04:38-04:00,8
clickbench_partitioned,q32,query,3.381,2026-08-11 18:36:52,54.0.0,2026-06-03T19:04:38-04:00,8
clickbench_partitioned,q33,table_creation,0.054,2026-08-11 18:36:52,54.0.0,2026-06-03T19:04:38-04:00,8
clickbench_partitioned,q33,query,4.603,2026-08-11 18:36:52,54.0.0,2026-06-03T19:04:38-04:00,8
clickbench_partitioned,q33,query,4.593,2026-08-11 18:36:52,54.0.0,2026-06-03T19:04:38-04:00,8
clickbench_partitioned,q33,query,4.603,2026-08-11 18:36:52,54.0.0,2026-06-03T19:04:38-04:00,8
clickbench_partitioned,q33,query,4.59,2026-08-11 18:36:52,54.0.0,2026-06-03T19:04:38-04:00,8
clickbench_partitioned,q33,query,4.597,2026-08-11 18:36:52,54.0.0,2026-06-03T19:04:38-04:00,8
clickbench_partitioned,q34,table_creation,0.051,2026-08-11 18:36:52,54.0.0,2026-06-03T19:04:38-04:00,8
clickbench_partitioned,q34,query,4.548,2026-08-11 18:36:52,54.0.0,2026-06-03T19:04:38-04:00,8
clickbench_partitioned,q34,query,4.642,2026-08-11 18:36:52,54.0.0,2026-06-03T19:04:38-04:00,8
clickbench_partitioned,q34,query,4.615,2026-08-11 18:36:52,54.0.0,2026-06-03T19:04:38-04:00,8
clickbench_partitioned,q34,query,4.576,2026-08-11 18:36:52,54.0.0,2026-06-03T19:04:38-04:00,8
clickbench_partitioned,q34,query,4.614,2026-08-11 18:36:52,54.0.0,2026-06-03T19:04:38-04:00,8
clickbench_partitioned,q35,table_creation,0.052,2026-08-11 18:36:52,54.0.0,2026-06-03T19:04:38-04:00,8
clickbench_partitioned,q35,query,0.927,2026-08-11 18:36:52,54.0.0,2026-06-03T19:04:38-04:00,8
clickbench_partitioned,q35,query,0.893,2026-08-11 18:36:52,54.0.0,2026-06-03T19:04:38-04:00,8
clickbench_partitioned,q35,query,0.891,2026-08-11 18:36:52,54.0.0,2026-06-03T19:04:38-04:00,8
clickbench_partitioned,q35,query,0.931,2026-08-11 18:36:52,54.0.0,2026-06-03T19:04:38-04:00,8
clickbench_partitioned,q35,query,0.902,2026-08-11 18:36:52,54.0.0,2026-06-03T19:04:38-04:00,8
clickbench_partitioned,q36,table_creation,0.049,2026-08-11 18:36:52,54.0.0,2026-06-03T19:04:38-04:00,8
clickbench_partitioned,q37,table_creation,0.052,2026-08-11 18:36:52,54.0.0,2026-06-03T19:04:38-04:00,8
clickbench_partitioned,q38,table_creation,0.054,2026-08-11 18:36:52,54.0.0,2026-06-03T19:04:38-04:00,8
clickbench_partitioned,q39,table_creation,0.053,2026-08-11 18:36:52,54.0.0,2026-06-03T19:04:38-04:00,8
clickbench_partitioned,q40,table_creation,0.05,2026-08-11 18:36:52,54.0.0,2026-06-03T19:04:38-04:00,8
clickbench_partitioned,q41,table_creation,0.052,2026-08-11 18:36:52,54.0.0,2026-06-03T19:04:38-04:00,8
clickbench_partitioned,q42,table_creation,0.056,2026-08-11 18:36:52,54.0.0,2026-06-03T19:04:38-04:00,8
clickbench_partitioned,q0,table_creation,0.122,2026-08-11 18:42:23,51.0.0,2025-11-14T10:26:52-05:00,8
clickbench_partitioned,q0,query,0.136,2026-08-11 18:42:23,51.0.0,2025-11-14T10:26:52-05:00,8
clickbench_partitioned,q0,query,0.003,2026-08-11 18:42:23,51.0.0,2025-11-14T10:26:52-05:00,8
clickbench_partitioned,q0,query,0.003,2026-08-11 18:42:23,51.0.0,2025-11-14T10:26:52-05:00,8
clickbench_partitioned,q0,query,0.003,2026-08-11 18:42:23,51.0.0,2025-11-14T10:26:52-05:00,8
clickbench_partitioned,q0,query,0.002,2026-08-11 18:42:23,51.0.0,2025-11-14T10:26:52-05:00,8
clickbench_partitioned,q1,table_creation,0.03,2026-08-11 18:42:23,51.0.0,2025-11-14T10:26:52-05:00,8
clickbench_partitioned,q1,query,0.129,2026-08-11 18:42:23,51.0.0,2025-11-14T10:26:52-05:00,8
clickbench_partitioned,q1,query,0.055,2026-08-11 18:42:23,51.0.0,2025-11-14T10:26:52-05:00,8
clickbench_partitioned,q1,query,0.054,2026-08-11 18:42:23,51.0.0,2025-11-14T10:26:52-05:00,8
clickbench_partitioned,q1,query,0.053,2026-08-11 18:42:23,51.0.0,2025-11-14T10:26:52-05:00,8
clickbench_partitioned,q1,query,0.055,2026-08-11 18:42:23,51.0.0,2025-11-14T10:26:52-05:00,8
clickbench_partitioned,q2,table_creation,0.03,2026-08-11 18:42:23,51.0.0,2025-11-14T10:26:52-05:00,8
clickbench_partitioned,q2,query,0.197,2026-08-11 18:42:23,51.0.0,2025-11-14T10:26:52-05:00,8
clickbench_partitioned,q2,query,0.149,2026-08-11 18:42:23,51.0.0,2025-11-14T10:26:52-05:00,8
clickbench_partitioned,q2,query,0.149,2026-08-11 18:42:23,51.0.0,2025-11-14T10:26:52-05:00,8
clickbench_partitioned,q2,query,0.151,2026-08-11 18:42:23,51.0.0,2025-11-14T10:26:52-05:00,8
clickbench_partitioned,q2,query,0.15,2026-08-11 18:42:23,51.0.0,2025-11-14T10:26:52-05:00,8
clickbench_partitioned,q3,table_creation,0.028,2026-08-11 18:42:23,51.0.0,2025-11-14T10:26:52-05:00,8
clickbench_partitioned,q3,query,0.2,2026-08-11 18:42:23,51.0.0,2025-11-14T10:26:52-05:00,8
clickbench_partitioned,q3,query,0.161,2026-08-11 18:42:23,51.0.0,2025-11-14T10:26:52-05:00,8
clickbench_partitioned,q3,query,0.165,2026-08-11 18:42:23,51.0.0,2025-11-14T10:26:52-05:00,8
clickbench_partitioned,q3,query,0.161,2026-08-11 18:42:23,51.0.0,2025-11-14T10:26:52-05:00,8
clickbench_partitioned,q3,query,0.16,2026-08-11 18:42:23,51.0.0,2025-11-14T10:26:52-05:00,8
clickbench_partitioned,q4,table_creation,0.031,2026-08-11 18:42:23,51.0.0,2025-11-14T10:26:52-05:00,8
clickbench_partitioned,q4,query,1.128,2026-08-11 18:42:23,51.0.0,2025-11-14T10:26:52-05:00,8
clickbench_partitioned,q4,query,1.039,2026-08-11 18:42:23,51.0.0,2025-11-14T10:26:52-05:00,8
clickbench_partitioned,q4,query,1.056,2026-08-11 18:42:23,51.0.0,2025-11-14T10:26:52-05:00,8
clickbench_partitioned,q4,query,1.062,2026-08-11 18:42:23,51.0.0,2025-11-14T10:26:52-05:00,8
clickbench_partitioned,q4,query,1.094,2026-08-11 18:42:23,51.0.0,2025-11-14T10:26:52-05:00,8
clickbench_partitioned,q5,table_creation,0.029,2026-08-11 18:42:23,51.0.0,2025-11-14T10:26:52-05:00,8
clickbench_partitioned,q5,query,1.455,2026-08-11 18:42:23,51.0.0,2025-11-14T10:26:52-05:00,8
clickbench_partitioned,q5,query,1.426,2026-08-11 18:42:23,51.0.0,2025-11-14T10:26:52-05:00,8
clickbench_partitioned,q5,query,1.452,2026-08-11 18:42:23,51.0.0,2025-11-14T10:26:52-05:00,8
clickbench_partitioned,q5,query,1.462,2026-08-11 18:42:23,51.0.0,2025-11-14T10:26:52-05:00,8
clickbench_partitioned,q5,query,1.441,2026-08-11 18:42:23,51.0.0,2025-11-14T10:26:52-05:00,8
clickbench_partitioned,q6,table_creation,0.029,2026-08-11 18:42:23,51.0.0,2025-11-14T10:26:52-05:00,8
clickbench_partitioned,q6,query,0.038,2026-08-11 18:42:23,51.0.0,2025-11-14T10:26:52-05:00,8
clickbench_partitioned,q6,query,0.002,2026-08-11 18:42:23,51.0.0,2025-11-14T10:26:52-05:00,8
clickbench_partitioned,q6,query,0.003,2026-08-11 18:42:23,51.0.0,2025-11-14T10:26:52-05:00,8
clickbench_partitioned,q6,query,0.002,2026-08-11 18:42:23,51.0.0,2025-11-14T10:26:52-05:00,8
clickbench_partitioned,q6,query,0.002,2026-08-11 18:42:23,51.0.0,2025-11-14T10:26:52-05:00,8
clickbench_partitioned,q7,table_creation,0.03,2026-08-11 18:42:23,51.0.0,2025-11-14T10:26:52-05:00,8
clickbench_partitioned,q7,query,0.099,2026-08-11 18:42:23,51.0.0,2025-11-14T10:26:52-05:00,8
clickbench_partitioned,q7,query,0.057,2026-08-11 18:42:23,51.0.0,2025-11-14T10:26:52-05:00,8
clickbench_partitioned,q7,query,0.055,2026-08-11 18:42:23,51.0.0,2025-11-14T10:26:52-05:00,8
clickbench_partitioned,q7,query,0.055,2026-08-11 18:42:23,51.0.0,2025-11-14T10:26:52-05:00,8
clickbench_partitioned,q7,query,0.053,2026-08-11 18:42:23,51.0.0,2025-11-14T10:26:52-05:00,8
clickbench_partitioned,q8,table_creation,0.03,2026-08-11 18:42:23,51.0.0,2025-11-14T10:26:52-05:00,8
clickbench_partitioned,q8,query,1.612,2026-08-11 18:42:23,51.0.0,2025-11-14T10:26:52-05:00,8
clickbench_partitioned,q8,query,1.497,2026-08-11 18:42:23,51.0.0,2025-11-14T10:26:52-05:00,8
clickbench_partitioned,q8,query,1.455,2026-08-11 18:42:23,51.0.0,2025-11-14T10:26:52-05:00,8
clickbench_partitioned,q8,query,1.439,2026-08-11 18:42:23,51.0.0,2025-11-14T10:26:52-05:00,8
clickbench_partitioned,q8,query,1.446,2026-08-11 18:42:23,51.0.0,2025-11-14T10:26:52-05:00,8
clickbench_partitioned,q9,table_creation,0.031,2026-08-11 18:42:23,51.0.0,2025-11-14T10:26:52-05:00,8
clickbench_partitioned,q9,query,1.785,2026-08-11 18:42:23,51.0.0,2025-11-14T10:26:52-05:00,8
clickbench_partitioned,q9,query,1.812,2026-08-11 18:42:23,51.0.0,2025-11-14T10:26:52-05:00,8
clickbench_partitioned,q9,query,1.868,2026-08-11 18:42:23,51.0.0,2025-11-14T10:26:52-05:00,8
clickbench_partitioned,q9,query,1.867,2026-08-11 18:42:23,51.0.0,2025-11-14T10:26:52-05:00,8
clickbench_partitioned,q9,query,1.873,2026-08-11 18:42:23,51.0.0,2025-11-14T10:26:52-05:00,8
clickbench_partitioned,q10,table_creation,0.029,2026-08-11 18:42:23,51.0.0,2025-11-14T10:26:52-05:00,8
clickbench_partitioned,q10,query,0.414,2026-08-11 18:42:23,51.0.0,2025-11-14T10:26:52-05:00,8
clickbench_partitioned,q10,query,0.392,2026-08-11 18:42:23,51.0.0,2025-11-14T10:26:52-05:00,8
clickbench_partitioned,q10,query,0.379,2026-08-11 18:42:23,51.0.0,2025-11-14T10:26:52-05:00,8
clickbench_partitioned,q10,query,0.382,2026-08-11 18:42:23,51.0.0,2025-11-14T10:26:52-05:00,8
clickbench_partitioned,q10,query,0.375,2026-08-11 18:42:23,51.0.0,2025-11-14T10:26:52-05:00,8
clickbench_partitioned,q11,table_creation,0.03,2026-08-11 18:42:23,51.0.0,2025-11-14T10:26:52-05:00,8
clickbench_partitioned,q11,query,0.481,2026-08-11 18:42:23,51.0.0,2025-11-14T10:26:52-05:00,8
clickbench_partitioned,q11,query,0.422,2026-08-11 18:42:23,51.0.0,2025-11-14T10:26:52-05:00,8
clickbench_partitioned,q11,query,0.446,2026-08-11 18:42:23,51.0.0,2025-11-14T10:26:52-05:00,8
clickbench_partitioned,q11,query,0.449,2026-08-11 18:42:23,51.0.0,2025-11-14T10:26:52-05:00,8
clickbench_partitioned,q11,query,0.429,2026-08-11 18:42:23,51.0.0,2025-11-14T10:26:52-05:00,8
clickbench_partitioned,q12,table_creation,0.029,2026-08-11 18:42:23,51.0.0,2025-11-14T10:26:52-05:00,8
clickbench_partitioned,q12,query,1.3,2026-08-11 18:42:23,51.0.0,2025-11-14T10:26:52-05:00,8
clickbench_partitioned,q12,query,1.276,2026-08-11 18:42:23,51.0.0,2025-11-14T10:26:52-05:00,8
clickbench_partitioned,q12,query,1.285,2026-08-11 18:42:23,51.0.0,2025-11-14T10:26:52-05:00,8
clickbench_partitioned,q12,query,1.275,2026-08-11 18:42:23,51.0.0,2025-11-14T10:26:52-05:00,8
clickbench_partitioned,q12,query,1.296,2026-08-11 18:42:23,51.0.0,2025-11-14T10:26:52-05:00,8
clickbench_partitioned,q13,table_creation,0.029,2026-08-11 18:42:23,51.0.0,2025-11-14T10:26:52-05:00,8
clickbench_partitioned,q13,query,2.206,2026-08-11 18:42:23,51.0.0,2025-11-14T10:26:52-05:00,8
clickbench_partitioned,q13,query,2.178,2026-08-11 18:42:23,51.0.0,2025-11-14T10:26:52-05:00,8
clickbench_partitioned,q13,query,2.086,2026-08-11 18:42:23,51.0.0,2025-11-14T10:26:52-05:00,8
clickbench_partitioned,q13,query,2.059,2026-08-11 18:42:23,51.0.0,2025-11-14T10:26:52-05:00,8
clickbench_partitioned,q13,query,2.031,2026-08-11 18:42:23,51.0.0,2025-11-14T10:26:52-05:00,8
clickbench_partitioned,q14,table_creation,0.029,2026-08-11 18:42:23,51.0.0,2025-11-14T10:26:52-05:00,8
clickbench_partitioned,q14,query,1.209,2026-08-11 18:42:23,51.0.0,2025-11-14T10:26:52-05:00,8
clickbench_partitioned,q14,query,1.196,2026-08-11 18:42:23,51.0.0,2025-11-14T10:26:52-05:00,8
clickbench_partitioned,q14,query,1.222,2026-08-11 18:42:23,51.0.0,2025-11-14T10:26:52-05:00,8
clickbench_partitioned,q14,query,1.189,2026-08-11 18:42:23,51.0.0,2025-11-14T10:26:52-05:00,8
clickbench_partitioned,q14,query,1.211,2026-08-11 18:42:23,51.0.0,2025-11-14T10:26:52-05:00,8
clickbench_partitioned,q15,table_creation,0.031,2026-08-11 18:42:23,51.0.0,2025-11-14T10:26:52-05:00,8
clickbench_partitioned,q15,query,1.497,2026-08-11 18:42:23,51.0.0,2025-11-14T10:26:52-05:00,8
clickbench_partitioned,q15,query,1.356,2026-08-11 18:42:23,51.0.0,2025-11-14T10:26:52-05:00,8
clickbench_partitioned,q15,query,1.314,2026-08-11 18:42:23,51.0.0,2025-11-14T10:26:52-05:00,8
clickbench_partitioned,q15,query,1.297,2026-08-11 18:42:23,51.0.0,2025-11-14T10:26:52-05:00,8
clickbench_partitioned,q15,query,1.298,2026-08-11 18:42:23,51.0.0,2025-11-14T10:26:52-05:00,8
clickbench_partitioned,q16,table_creation,0.031,2026-08-11 18:42:23,51.0.0,2025-11-14T10:26:52-05:00,8
clickbench_partitioned,q16,query,2.84,2026-08-11 18:42:23,51.0.0,2025-11-14T10:26:52-05:00,8
clickbench_partitioned,q16,query,2.796,2026-08-11 18:42:23,51.0.0,2025-11-14T10:26:52-05:00,8
clickbench_partitioned,q16,query,2.788,2026-08-11 18:42:23,51.0.0,2025-11-14T10:26:52-05:00,8
clickbench_partitioned,q16,query,2.685,2026-08-11 18:42:23,51.0.0,2025-11-14T10:26:52-05:00,8
clickbench_partitioned,q16,query,2.64,2026-08-11 18:42:23,51.0.0,2025-11-14T10:26:52-05:00,8
clickbench_partitioned,q17,table_creation,0.031,2026-08-11 18:42:23,51.0.0,2025-11-14T10:26:52-05:00,8
clickbench_partitioned,q17,query,2.827,2026-08-11 18:42:23,51.0.0,2025-11-14T10:26:52-05:00,8
clickbench_partitioned,q17,query,2.734,2026-08-11 18:42:23,51.0.0,2025-11-14T10:26:52-05:00,8
clickbench_partitioned,q17,query,2.638,2026-08-11 18:42:23,51.0.0,2025-11-14T10:26:52-05:00,8
clickbench_partitioned,q17,query,2.614,2026-08-11 18:42:23,51.0.0,2025-11-14T10:26:52-05:00,8
clickbench_partitioned,q17,query,2.615,2026-08-11 18:42:23,51.0.0,2025-11-14T10:26:52-05:00,8
clickbench_partitioned,q18,table_creation,0.031,2026-08-11 18:42:23,51.0.0,2025-11-14T10:26:52-05:00,8
clickbench_partitioned,q18,query,5.154,2026-08-11 18:42:23,51.0.0,2025-11-14T10:26:52-05:00,8
clickbench_partitioned,q18,query,5.215,2026-08-11 18:42:23,51.0.0,2025-11-14T10:26:52-05:00,8
clickbench_partitioned,q18,query,5.06,2026-08-11 18:42:23,51.0.0,2025-11-14T10:26:52-05:00,8
clickbench_partitioned,q18,query,4.959,2026-08-11 18:42:23,51.0.0,2025-11-14T10:26:52-05:00,8
clickbench_partitioned,q18,query,5.083,2026-08-11 18:42:23,51.0.0,2025-11-14T10:26:52-05:00,8
clickbench_partitioned,q19,table_creation,0.03,2026-08-11 18:42:23,51.0.0,2025-11-14T10:26:52-05:00,8
clickbench_partitioned,q19,query,0.176,2026-08-11 18:42:23,51.0.0,2025-11-14T10:26:52-05:00,8
clickbench_partitioned,q19,query,0.138,2026-08-11 18:42:23,51.0.0,2025-11-14T10:26:52-05:00,8
clickbench_partitioned,q19,query,0.143,2026-08-11 18:42:23,51.0.0,2025-11-14T10:26:52-05:00,8
clickbench_partitioned,q19,query,0.139,2026-08-11 18:42:23,51.0.0,2025-11-14T10:26:52-05:00,8
clickbench_partitioned,q19,query,0.148,2026-08-11 18:42:23,51.0.0,2025-11-14T10:26:52-05:00,8
clickbench_partitioned,q20,table_creation,0.03,2026-08-11 18:42:23,51.0.0,2025-11-14T10:26:52-05:00,8
clickbench_partitioned,q20,query,1.945,2026-08-11 18:42:23,51.0.0,2025-11-14T10:26:52-05:00,8
clickbench_partitioned,q20,query,1.882,2026-08-11 18:42:23,51.0.0,2025-11-14T10:26:52-05:00,8
clickbench_partitioned,q20,query,1.921,2026-08-11 18:42:23,51.0.0,2025-11-14T10:26:52-05:00,8
clickbench_partitioned,q20,query,1.894,2026-08-11 18:42:23,51.0.0,2025-11-14T10:26:52-05:00,8
clickbench_partitioned,q20,query,1.892,2026-08-11 18:42:23,51.0.0,2025-11-14T10:26:52-05:00,8
clickbench_partitioned,q21,table_creation,0.031,2026-08-11 18:42:23,51.0.0,2025-11-14T10:26:52-05:00,8
clickbench_partitioned,q21,query,2.243,2026-08-11 18:42:23,51.0.0,2025-11-14T10:26:52-05:00,8
clickbench_partitioned,q21,query,2.19,2026-08-11 18:42:23,51.0.0,2025-11-14T10:26:52-05:00,8
clickbench_partitioned,q21,query,2.196,2026-08-11 18:42:23,51.0.0,2025-11-14T10:26:52-05:00,8
clickbench_partitioned,q21,query,2.158,2026-08-11 18:42:23,51.0.0,2025-11-14T10:26:52-05:00,8
clickbench_partitioned,q21,query,2.194,2026-08-11 18:42:23,51.0.0,2025-11-14T10:26:52-05:00,8
clickbench_partitioned,q22,table_creation,0.03,2026-08-11 18:42:23,51.0.0,2025-11-14T10:26:52-05:00,8
clickbench_partitioned,q22,query,3.794,2026-08-11 18:42:23,51.0.0,2025-11-14T10:26:52-05:00,8
clickbench_partitioned,q22,query,3.784,2026-08-11 18:42:23,51.0.0,2025-11-14T10:26:52-05:00,8
clickbench_partitioned,q22,query,3.786,2026-08-11 18:42:23,51.0.0,2025-11-14T10:26:52-05:00,8
clickbench_partitioned,q22,query,3.767,2026-08-11 18:42:23,51.0.0,2025-11-14T10:26:52-05:00,8
clickbench_partitioned,q22,query,3.746,2026-08-11 18:42:23,51.0.0,2025-11-14T10:26:52-05:00,8
clickbench_partitioned,q23,table_creation,0.03,2026-08-11 18:42:23,51.0.0,2025-11-14T10:26:52-05:00,8
clickbench_partitioned,q23,query,12.342,2026-08-11 18:42:23,51.0.0,2025-11-14T10:26:52-05:00,8
clickbench_partitioned,q23,query,13.421,2026-08-11 18:42:23,51.0.0,2025-11-14T10:26:52-05:00,8
clickbench_partitioned,q23,query,12.685,2026-08-11 18:42:23,51.0.0,2025-11-14T10:26:52-05:00,8
clickbench_partitioned,q23,query,12.724,2026-08-11 18:42:23,51.0.0,2025-11-14T10:26:52-05:00,8
clickbench_partitioned,q23,query,12.735,2026-08-11 18:42:23,51.0.0,2025-11-14T10:26:52-05:00,8
clickbench_partitioned,q24,table_creation,0.031,2026-08-11 18:42:23,51.0.0,2025-11-14T10:26:52-05:00,8
clickbench_partitioned,q24,query,0.255,2026-08-11 18:42:23,51.0.0,2025-11-14T10:26:52-05:00,8
clickbench_partitioned,q24,query,0.233,2026-08-11 18:42:23,51.0.0,2025-11-14T10:26:52-05:00,8
clickbench_partitioned,q24,query,0.221,2026-08-11 18:42:23,51.0.0,2025-11-14T10:26:52-05:00,8
clickbench_partitioned,q24,query,0.219,2026-08-11 18:42:23,51.0.0,2025-11-14T10:26:52-05:00,8
clickbench_partitioned,q24,query,0.227,2026-08-11 18:42:23,51.0.0,2025-11-14T10:26:52-05:00,8
clickbench_partitioned,q25,table_creation,0.029,2026-08-11 18:42:23,51.0.0,2025-11-14T10:26:52-05:00,8
clickbench_partitioned,q25,query,0.479,2026-08-11 18:42:23,51.0.0,2025-11-14T10:26:52-05:00,8
clickbench_partitioned,q25,query,0.455,2026-08-11 18:42:23,51.0.0,2025-11-14T10:26:52-05:00,8
clickbench_partitioned,q25,query,0.46,2026-08-11 18:42:23,51.0.0,2025-11-14T10:26:52-05:00,8
clickbench_partitioned,q25,query,0.459,2026-08-11 18:42:23,51.0.0,2025-11-14T10:26:52-05:00,8
clickbench_partitioned,q25,query,0.444,2026-08-11 18:42:23,51.0.0,2025-11-14T10:26:52-05:00,8
clickbench_partitioned,q26,table_creation,0.031,2026-08-11 18:42:23,51.0.0,2025-11-14T10:26:52-05:00,8
clickbench_partitioned,q26,query,0.263,2026-08-11 18:42:23,51.0.0,2025-11-14T10:26:52-05:00,8
clickbench_partitioned,q26,query,0.218,2026-08-11 18:42:23,51.0.0,2025-11-14T10:26:52-05:00,8
clickbench_partitioned,q26,query,0.213,2026-08-11 18:42:23,51.0.0,2025-11-14T10:26:52-05:00,8
clickbench_partitioned,q26,query,0.225,2026-08-11 18:42:23,51.0.0,2025-11-14T10:26:52-05:00,8
clickbench_partitioned,q26,query,0.223,2026-08-11 18:42:23,51.0.0,2025-11-14T10:26:52-05:00,8
clickbench_partitioned,q27,table_creation,0.03,2026-08-11 18:42:23,51.0.0,2025-11-14T10:26:52-05:00,8
clickbench_partitioned,q27,query,2.678,2026-08-11 18:42:23,51.0.0,2025-11-14T10:26:52-05:00,8
clickbench_partitioned,q27,query,2.662,2026-08-11 18:42:23,51.0.0,2025-11-14T10:26:52-05:00,8
clickbench_partitioned,q27,query,2.646,2026-08-11 18:42:23,51.0.0,2025-11-14T10:26:52-05:00,8
clickbench_partitioned,q27,query,2.592,2026-08-11 18:42:23,51.0.0,2025-11-14T10:26:52-05:00,8
clickbench_partitioned,q27,query,2.615,2026-08-11 18:42:23,51.0.0,2025-11-14T10:26:52-05:00,8
clickbench_partitioned,q28,table_creation,0.03,2026-08-11 18:42:23,51.0.0,2025-11-14T10:26:52-05:00,8
clickbench_partitioned,q28,query,22.882,2026-08-11 18:42:23,51.0.0,2025-11-14T10:26:52-05:00,8
clickbench_partitioned,q28,query,22.965,2026-08-11 18:42:23,51.0.0,2025-11-14T10:26:52-05:00,8
clickbench_partitioned,q28,query,23.162,2026-08-11 18:42:23,51.0.0,2025-11-14T10:26:52-05:00,8
clickbench_partitioned,q28,query,23.158,2026-08-11 18:42:23,51.0.0,2025-11-14T10:26:52-05:00,8
clickbench_partitioned,q28,query,23.175,2026-08-11 18:42:23,51.0.0,2025-11-14T10:26:52-05:00,8
clickbench_partitioned,q29,table_creation,0.031,2026-08-11 18:42:23,51.0.0,2025-11-14T10:26:52-05:00,8
clickbench_partitioned,q29,query,1.01,2026-08-11 18:42:23,51.0.0,2025-11-14T10:26:52-05:00,8
clickbench_partitioned,q29,query,1.002,2026-08-11 18:42:23,51.0.0,2025-11-14T10:26:52-05:00,8
clickbench_partitioned,q29,query,0.987,2026-08-11 18:42:23,51.0.0,2025-11-14T10:26:52-05:00,8
clickbench_partitioned,q29,query,0.983,2026-08-11 18:42:23,51.0.0,2025-11-14T10:26:52-05:00,8
clickbench_partitioned,q29,query,0.983,2026-08-11 18:42:23,51.0.0,2025-11-14T10:26:52-05:00,8
clickbench_partitioned,q30,table_creation,0.03,2026-08-11 18:42:23,51.0.0,2025-11-14T10:26:52-05:00,8
clickbench_partitioned,q30,query,1.285,2026-08-11 18:42:23,51.0.0,2025-11-14T10:26:52-05:00,8
clickbench_partitioned,q30,query,1.266,2026-08-11 18:42:23,51.0.0,2025-11-14T10:26:52-05:00,8
clickbench_partitioned,q30,query,1.267,2026-08-11 18:42:23,51.0.0,2025-11-14T10:26:52-05:00,8
clickbench_partitioned,q30,query,1.21,2026-08-11 18:42:23,51.0.0,2025-11-14T10:26:52-05:00,8
clickbench_partitioned,q30,query,1.244,2026-08-11 18:42:23,51.0.0,2025-11-14T10:26:52-05:00,8
clickbench_partitioned,q31,table_creation,0.03,2026-08-11 18:42:23,51.0.0,2025-11-14T10:26:52-05:00,8
clickbench_partitioned,q31,query,1.453,2026-08-11 18:42:23,51.0.0,2025-11-14T10:26:52-05:00,8
clickbench_partitioned,q31,query,1.342,2026-08-11 18:42:23,51.0.0,2025-11-14T10:26:52-05:00,8
clickbench_partitioned,q31,query,1.325,2026-08-11 18:42:23,51.0.0,2025-11-14T10:26:52-05:00,8
clickbench_partitioned,q31,query,1.335,2026-08-11 18:42:23,51.0.0,2025-11-14T10:26:52-05:00,8
clickbench_partitioned,q31,query,1.314,2026-08-11 18:42:23,51.0.0,2025-11-14T10:26:52-05:00,8
clickbench_partitioned,q32,table_creation,0.029,2026-08-11 18:42:23,51.0.0,2025-11-14T10:26:52-05:00,8
clickbench_partitioned,q32,query,4.731,2026-08-11 18:42:23,51.0.0,2025-11-14T10:26:52-05:00,8
clickbench_partitioned,q32,query,4.579,2026-08-11 18:42:23,51.0.0,2025-11-14T10:26:52-05:00,8
clickbench_partitioned,q32,query,4.591,2026-08-11 18:42:23,51.0.0,2025-11-14T10:26:52-05:00,8
clickbench_partitioned,q32,query,4.606,2026-08-11 18:42:23,51.0.0,2025-11-14T10:26:52-05:00,8
clickbench_partitioned,q32,query,4.6,2026-08-11 18:42:23,51.0.0,2025-11-14T10:26:52-05:00,8
clickbench_partitioned,q33,table_creation,0.031,2026-08-11 18:42:23,51.0.0,2025-11-14T10:26:52-05:00,8
clickbench_partitioned,q33,query,5.456,2026-08-11 18:42:23,51.0.0,2025-11-14T10:26:52-05:00,8
clickbench_partitioned,q33,query,5.429,2026-08-11 18:42:23,51.0.0,2025-11-14T10:26:52-05:00,8
clickbench_partitioned,q33,query,5.535,2026-08-11 18:42:23,51.0.0,2025-11-14T10:26:52-05:00,8
clickbench_partitioned,q33,query,5.695,2026-08-11 18:42:23,51.0.0,2025-11-14T10:26:52-05:00,8
clickbench_partitioned,q33,query,6.411,2026-08-11 18:42:23,51.0.0,2025-11-14T10:26:52-05:00,8
clickbench_partitioned,q34,table_creation,0.042,2026-08-11 18:42:23,51.0.0,2025-11-14T10:26:52-05:00,8
clickbench_partitioned,q34,query,6.078,2026-08-11 18:42:23,51.0.0,2025-11-14T10:26:52-05:00,8
clickbench_partitioned,q34,query,5.422,2026-08-11 18:42:23,51.0.0,2025-11-14T10:26:52-05:00,8
clickbench_partitioned,q34,query,5.545,2026-08-11 18:42:23,51.0.0,2025-11-14T10:26:52-05:00,8
clickbench_partitioned,q34,query,5.808,2026-08-11 18:42:23,51.0.0,2025-11-14T10:26:52-05:00,8
clickbench_partitioned,q34,query,6.105,2026-08-11 18:42:23,51.0.0,2025-11-14T10:26:52-05:00,8
clickbench_partitioned,q35,table_creation,0.108,2026-08-11 18:42:23,51.0.0,2025-11-14T10:26:52-05:00,8
clickbench_partitioned,q35,query,2.387,2026-08-11 18:42:23,51.0.0,2025-11-14T10:26:52-05:00,8
clickbench_partitioned,q35,query,2.22,2026-08-11 18:42:23,51.0.0,2025-11-14T10:26:52-05:00,8
clickbench_partitioned,q35,query,2.137,2026-08-11 18:42:23,51.0.0,2025-11-14T10:26:52-05:00,8
clickbench_partitioned,q35,query,2.106,2026-08-11 18:42:23,51.0.0,2025-11-14T10:26:52-05:00,8
clickbench_partitioned,q35,query,2.056,2026-08-11 18:42:23,51.0.0,2025-11-14T10:26:52-05:00,8
clickbench_partitioned,q36,table_creation,0.031,2026-08-11 18:42:23,51.0.0,2025-11-14T10:26:52-05:00,8
clickbench_partitioned,q36,query,0.176,2026-08-11 18:42:23,51.0.0,2025-11-14T10:26:52-05:00,8
clickbench_partitioned,q36,query,0.126,2026-08-11 18:42:23,51.0.0,2025-11-14T10:26:52-05:00,8
clickbench_partitioned,q36,query,0.124,2026-08-11 18:42:23,51.0.0,2025-11-14T10:26:52-05:00,8
clickbench_partitioned,q36,query,0.13,2026-08-11 18:42:23,51.0.0,2025-11-14T10:26:52-05:00,8
clickbench_partitioned,q36,query,0.123,2026-08-11 18:42:23,51.0.0,2025-11-14T10:26:52-05:00,8
clickbench_partitioned,q37,table_creation,0.031,2026-08-11 18:42:23,51.0.0,2025-11-14T10:26:52-05:00,8
clickbench_partitioned,q37,query,0.122,2026-08-11 18:42:23,51.0.0,2025-11-14T10:26:52-05:00,8
clickbench_partitioned,q37,query,0.053,2026-08-11 18:42:23,51.0.0,2025-11-14T10:26:52-05:00,8
clickbench_partitioned,q37,query,0.06,2026-08-11 18:42:23,51.0.0,2025-11-14T10:26:52-05:00,8
clickbench_partitioned,q37,query,0.059,2026-08-11 18:42:23,51.0.0,2025-11-14T10:26:52-05:00,8
clickbench_partitioned,q37,query,0.053,2026-08-11 18:42:23,51.0.0,2025-11-14T10:26:52-05:00,8
clickbench_partitioned,q38,table_creation,0.03,2026-08-11 18:42:23,51.0.0,2025-11-14T10:26:52-05:00,8
clickbench_partitioned,q38,query,0.166,2026-08-11 18:42:23,51.0.0,2025-11-14T10:26:52-05:00,8
clickbench_partitioned,q38,query,0.129,2026-08-11 18:42:23,51.0.0,2025-11-14T10:26:52-05:00,8
clickbench_partitioned,q38,query,0.134,2026-08-11 18:42:23,51.0.0,2025-11-14T10:26:52-05:00,8
clickbench_partitioned,q38,query,0.125,2026-08-11 18:42:23,51.0.0,2025-11-14T10:26:52-05:00,8
clickbench_partitioned,q38,query,0.128,2026-08-11 18:42:23,51.0.0,2025-11-14T10:26:52-05:00,8
clickbench_partitioned,q39,table_creation,0.029,2026-08-11 18:42:23,51.0.0,2025-11-14T10:26:52-05:00,8
clickbench_partitioned,q39,query,0.315,2026-08-11 18:42:23,51.0.0,2025-11-14T10:26:52-05:00,8
clickbench_partitioned,q39,query,0.189,2026-08-11 18:42:23,51.0.0,2025-11-14T10:26:52-05:00,8
clickbench_partitioned,q39,query,0.183,2026-08-11 18:42:23,51.0.0,2025-11-14T10:26:52-05:00,8
clickbench_partitioned,q39,query,0.186,2026-08-11 18:42:23,51.0.0,2025-11-14T10:26:52-05:00,8
clickbench_partitioned,q39,query,0.181,2026-08-11 18:42:23,51.0.0,2025-11-14T10:26:52-05:00,8
clickbench_partitioned,q40,table_creation,0.031,2026-08-11 18:42:23,51.0.0,2025-11-14T10:26:52-05:00,8
clickbench_partitioned,q40,query,0.125,2026-08-11 18:42:23,51.0.0,2025-11-14T10:26:52-05:00,8
clickbench_partitioned,q40,query,0.047,2026-08-11 18:42:23,51.0.0,2025-11-14T10:26:52-05:00,8
clickbench_partitioned,q40,query,0.041,2026-08-11 18:42:23,51.0.0,2025-11-14T10:26:52-05:00,8
clickbench_partitioned,q40,query,0.054,2026-08-11 18:42:23,51.0.0,2025-11-14T10:26:52-05:00,8
clickbench_partitioned,q40,query,0.044,2026-08-11 18:42:23,51.0.0,2025-11-14T10:26:52-05:00,8
clickbench_partitioned,q41,table_creation,0.031,2026-08-11 18:42:23,51.0.0,2025-11-14T10:26:52-05:00,8
clickbench_partitioned,q41,query,0.083,2026-08-11 18:42:23,51.0.0,2025-11-14T10:26:52-05:00,8
clickbench_partitioned,q41,query,0.049,2026-08-11 18:42:23,51.0.0,2025-11-14T10:26:52-05:00,8
clickbench_partitioned,q41,query,0.042,2026-08-11 18:42:23,51.0.0,2025-11-14T10:26:52-05:00,8
clickbench_partitioned,q41,query,0.041,2026-08-11 18:42:23,51.0.0,2025-11-14T10:26:52-05:00,8
clickbench_partitioned,q41,query,0.038,2026-08-11 18:42:23,51.0.0,2025-11-14T10:26:52-05:00,8
clickbench_partitioned,q42,table_creation,0.029,2026-08-11 18:42:23,51.0.0,2025-11-14T10:26:52-05:00,8
clickbench_partitioned,q42,query,0.076,2026-08-11 18:42:23,51.0.0,2025-11-14T10:26:52-05:00,8
clickbench_partitioned,q42,query,0.031,2026-08-11 18:42:23,51.0.0,2025-11-14T10:26:52-05:00,8
clickbench_partitioned,q42,query,0.032,2026-08-11 18:42:23,51.0.0,2025-11-14T10:26:52-05:00,8
clickbench_partitioned,q42,query,0.031,2026-08-11 18:42:23,51.0.0,2025-11-14T10:26:52-05:00,8
clickbench_partitioned,q42,query,0.039,2026-08-11 18:42:23,51.0.0,2025-11-14T10:26:52-05:00,8
clickbench_partitioned,q0,table_creation,0.168,2026-08-11 18:50:16,1d000c221b,2026-08-11T12:32:04+00:00,8
clickbench_partitioned,q0,query,0.071,2026-08-11 18:50:16,1d000c221b,2026-08-11T12:32:04+00:00,8
clickbench_partitioned,q0,query,0.002,2026-08-11 18:50:16,1d000c221b,2026-08-11T12:32:04+00:00,8
clickbench_partitioned,q0,query,0.002,2026-08-11 18:50:16,1d000c221b,2026-08-11T12:32:04+00:00,8
clickbench_partitioned,q0,query,0.001,2026-08-11 18:50:16,1d000c221b,2026-08-11T12:32:04+00:00,8
clickbench_partitioned,q0,query,0.001,2026-08-11 18:50:16,1d000c221b,2026-08-11T12:32:04+00:00,8
clickbench_partitioned,q1,table_creation,0.05,2026-08-11 18:50:16,1d000c221b,2026-08-11T12:32:04+00:00,8
clickbench_partitioned,q1,query,0.111,2026-08-11 18:50:16,1d000c221b,2026-08-11T12:32:04+00:00,8
clickbench_partitioned,q1,query,0.047,2026-08-11 18:50:16,1d000c221b,2026-08-11T12:32:04+00:00,8
clickbench_partitioned,q1,query,0.043,2026-08-11 18:50:16,1d000c221b,2026-08-11T12:32:04+00:00,8
clickbench_partitioned,q1,query,0.044,2026-08-11 18:50:16,1d000c221b,2026-08-11T12:32:04+00:00,8
clickbench_partitioned,q1,query,0.043,2026-08-11 18:50:16,1d000c221b,2026-08-11T12:32:04+00:00,8
clickbench_partitioned,q2,table_creation,0.05,2026-08-11 18:50:16,1d000c221b,2026-08-11T12:32:04+00:00,8
clickbench_partitioned,q2,query,0.388,2026-08-11 18:50:16,1d000c221b,2026-08-11T12:32:04+00:00,8
clickbench_partitioned,q2,query,0.143,2026-08-11 18:50:16,1d000c221b,2026-08-11T12:32:04+00:00,8
clickbench_partitioned,q2,query,0.139,2026-08-11 18:50:16,1d000c221b,2026-08-11T12:32:04+00:00,8
clickbench_partitioned,q2,query,0.142,2026-08-11 18:50:16,1d000c221b,2026-08-11T12:32:04+00:00,8
clickbench_partitioned,q2,query,0.135,2026-08-11 18:50:16,1d000c221b,2026-08-11T12:32:04+00:00,8
clickbench_partitioned,q3,table_creation,0.049,2026-08-11 18:50:16,1d000c221b,2026-08-11T12:32:04+00:00,8
clickbench_partitioned,q3,query,0.981,2026-08-11 18:50:16,1d000c221b,2026-08-11T12:32:04+00:00,8
clickbench_partitioned,q3,query,0.156,2026-08-11 18:50:16,1d000c221b,2026-08-11T12:32:04+00:00,8
clickbench_partitioned,q3,query,0.154,2026-08-11 18:50:16,1d000c221b,2026-08-11T12:32:04+00:00,8
clickbench_partitioned,q3,query,0.149,2026-08-11 18:50:16,1d000c221b,2026-08-11T12:32:04+00:00,8
clickbench_partitioned,q3,query,0.152,2026-08-11 18:50:16,1d000c221b,2026-08-11T12:32:04+00:00,8
clickbench_partitioned,q4,table_creation,0.048,2026-08-11 18:50:16,1d000c221b,2026-08-11T12:32:04+00:00,8
clickbench_partitioned,q4,query,0.996,2026-08-11 18:50:16,1d000c221b,2026-08-11T12:32:04+00:00,8
clickbench_partitioned,q4,query,0.918,2026-08-11 18:50:16,1d000c221b,2026-08-11T12:32:04+00:00,8
clickbench_partitioned,q4,query,0.943,2026-08-11 18:50:16,1d000c221b,2026-08-11T12:32:04+00:00,8
clickbench_partitioned,q4,query,0.941,2026-08-11 18:50:16,1d000c221b,2026-08-11T12:32:04+00:00,8
clickbench_partitioned,q4,query,0.96,2026-08-11 18:50:16,1d000c221b,2026-08-11T12:32:04+00:00,8
clickbench_partitioned,q5,table_creation,0.047,2026-08-11 18:50:16,1d000c221b,2026-08-11T12:32:04+00:00,8
clickbench_partitioned,q5,query,1.659,2026-08-11 18:50:16,1d000c221b,2026-08-11T12:32:04+00:00,8
clickbench_partitioned,q5,query,1.045,2026-08-11 18:50:16,1d000c221b,2026-08-11T12:32:04+00:00,8
clickbench_partitioned,q5,query,1.07,2026-08-11 18:50:16,1d000c221b,2026-08-11T12:32:04+00:00,8
clickbench_partitioned,q5,query,1.074,2026-08-11 18:50:16,1d000c221b,2026-08-11T12:32:04+00:00,8
clickbench_partitioned,q5,query,1.057,2026-08-11 18:50:16,1d000c221b,2026-08-11T12:32:04+00:00,8
clickbench_partitioned,q6,table_creation,0.049,2026-08-11 18:50:16,1d000c221b,2026-08-11T12:32:04+00:00,8
clickbench_partitioned,q6,query,0.005,2026-08-11 18:50:16,1d000c221b,2026-08-11T12:32:04+00:00,8
clickbench_partitioned,q6,query,0.002,2026-08-11 18:50:16,1d000c221b,2026-08-11T12:32:04+00:00,8
clickbench_partitioned,q6,query,0.001,2026-08-11 18:50:16,1d000c221b,2026-08-11T12:32:04+00:00,8
clickbench_partitioned,q6,query,0.001,2026-08-11 18:50:16,1d000c221b,2026-08-11T12:32:04+00:00,8
clickbench_partitioned,q6,query,0.001,2026-08-11 18:50:16,1d000c221b,2026-08-11T12:32:04+00:00,8
clickbench_partitioned,q7,table_creation,0.048,2026-08-11 18:50:16,1d000c221b,2026-08-11T12:32:04+00:00,8
clickbench_partitioned,q7,query,0.061,2026-08-11 18:50:16,1d000c221b,2026-08-11T12:32:04+00:00,8
clickbench_partitioned,q7,query,0.047,2026-08-11 18:50:16,1d000c221b,2026-08-11T12:32:04+00:00,8
clickbench_partitioned,q7,query,0.047,2026-08-11 18:50:16,1d000c221b,2026-08-11T12:32:04+00:00,8
clickbench_partitioned,q7,query,0.045,2026-08-11 18:50:16,1d000c221b,2026-08-11T12:32:04+00:00,8
clickbench_partitioned,q7,query,0.047,2026-08-11 18:50:16,1d000c221b,2026-08-11T12:32:04+00:00,8
clickbench_partitioned,q8,table_creation,0.048,2026-08-11 18:50:16,1d000c221b,2026-08-11T12:32:04+00:00,8
clickbench_partitioned,q8,query,1.357,2026-08-11 18:50:16,1d000c221b,2026-08-11T12:32:04+00:00,8
clickbench_partitioned,q8,query,1.321,2026-08-11 18:50:16,1d000c221b,2026-08-11T12:32:04+00:00,8
clickbench_partitioned,q8,query,1.379,2026-08-11 18:50:16,1d000c221b,2026-08-11T12:32:04+00:00,8
clickbench_partitioned,q8,query,1.354,2026-08-11 18:50:16,1d000c221b,2026-08-11T12:32:04+00:00,8
clickbench_partitioned,q8,query,1.355,2026-08-11 18:50:16,1d000c221b,2026-08-11T12:32:04+00:00,8
clickbench_partitioned,q9,table_creation,0.047,2026-08-11 18:50:16,1d000c221b,2026-08-11T12:32:04+00:00,8
clickbench_partitioned,q9,query,1.384,2026-08-11 18:50:16,1d000c221b,2026-08-11T12:32:04+00:00,8
clickbench_partitioned,q9,query,1.419,2026-08-11 18:50:16,1d000c221b,2026-08-11T12:32:04+00:00,8
clickbench_partitioned,q9,query,1.429,2026-08-11 18:50:16,1d000c221b,2026-08-11T12:32:04+00:00,8
clickbench_partitioned,q9,query,1.407,2026-08-11 18:50:16,1d000c221b,2026-08-11T12:32:04+00:00,8
clickbench_partitioned,q9,query,1.447,2026-08-11 18:50:16,1d000c221b,2026-08-11T12:32:04+00:00,8
clickbench_partitioned,q10,table_creation,0.044,2026-08-11 18:50:16,1d000c221b,2026-08-11T12:32:04+00:00,8
clickbench_partitioned,q10,query,0.317,2026-08-11 18:50:16,1d000c221b,2026-08-11T12:32:04+00:00,8
clickbench_partitioned,q10,query,0.292,2026-08-11 18:50:16,1d000c221b,2026-08-11T12:32:04+00:00,8
clickbench_partitioned,q10,query,0.293,2026-08-11 18:50:16,1d000c221b,2026-08-11T12:32:04+00:00,8
clickbench_partitioned,q10,query,0.306,2026-08-11 18:50:16,1d000c221b,2026-08-11T12:32:04+00:00,8
clickbench_partitioned,q10,query,0.298,2026-08-11 18:50:16,1d000c221b,2026-08-11T12:32:04+00:00,8
clickbench_partitioned,q11,table_creation,0.047,2026-08-11 18:50:16,1d000c221b,2026-08-11T12:32:04+00:00,8
clickbench_partitioned,q11,query,0.359,2026-08-11 18:50:16,1d000c221b,2026-08-11T12:32:04+00:00,8
clickbench_partitioned,q11,query,0.33,2026-08-11 18:50:16,1d000c221b,2026-08-11T12:32:04+00:00,8
clickbench_partitioned,q11,query,0.339,2026-08-11 18:50:16,1d000c221b,2026-08-11T12:32:04+00:00,8
clickbench_partitioned,q11,query,0.335,2026-08-11 18:50:16,1d000c221b,2026-08-11T12:32:04+00:00,8
clickbench_partitioned,q11,query,0.338,2026-08-11 18:50:16,1d000c221b,2026-08-11T12:32:04+00:00,8
clickbench_partitioned,q12,table_creation,0.048,2026-08-11 18:50:16,1d000c221b,2026-08-11T12:32:04+00:00,8
clickbench_partitioned,q12,query,0.946,2026-08-11 18:50:16,1d000c221b,2026-08-11T12:32:04+00:00,8
clickbench_partitioned,q12,query,0.956,2026-08-11 18:50:16,1d000c221b,2026-08-11T12:32:04+00:00,8
clickbench_partitioned,q12,query,0.973,2026-08-11 18:50:16,1d000c221b,2026-08-11T12:32:04+00:00,8
clickbench_partitioned,q12,query,0.982,2026-08-11 18:50:16,1d000c221b,2026-08-11T12:32:04+00:00,8
clickbench_partitioned,q12,query,0.978,2026-08-11 18:50:16,1d000c221b,2026-08-11T12:32:04+00:00,8
clickbench_partitioned,q13,table_creation,0.046,2026-08-11 18:50:16,1d000c221b,2026-08-11T12:32:04+00:00,8
clickbench_partitioned,q13,query,1.358,2026-08-11 18:50:16,1d000c221b,2026-08-11T12:32:04+00:00,8
clickbench_partitioned,q13,query,1.367,2026-08-11 18:50:16,1d000c221b,2026-08-11T12:32:04+00:00,8
clickbench_partitioned,q13,query,1.401,2026-08-11 18:50:16,1d000c221b,2026-08-11T12:32:04+00:00,8
clickbench_partitioned,q13,query,1.442,2026-08-11 18:50:16,1d000c221b,2026-08-11T12:32:04+00:00,8
clickbench_partitioned,q13,query,1.407,2026-08-11 18:50:16,1d000c221b,2026-08-11T12:32:04+00:00,8
clickbench_partitioned,q14,table_creation,0.047,2026-08-11 18:50:16,1d000c221b,2026-08-11T12:32:04+00:00,8
clickbench_partitioned,q14,query,0.991,2026-08-11 18:50:16,1d000c221b,2026-08-11T12:32:04+00:00,8
clickbench_partitioned,q14,query,0.962,2026-08-11 18:50:16,1d000c221b,2026-08-11T12:32:04+00:00,8
clickbench_partitioned,q14,query,0.978,2026-08-11 18:50:16,1d000c221b,2026-08-11T12:32:04+00:00,8
clickbench_partitioned,q14,query,1.003,2026-08-11 18:50:16,1d000c221b,2026-08-11T12:32:04+00:00,8
clickbench_partitioned,q14,query,1.001,2026-08-11 18:50:16,1d000c221b,2026-08-11T12:32:04+00:00,8
clickbench_partitioned,q15,table_creation,0.048,2026-08-11 18:50:16,1d000c221b,2026-08-11T12:32:04+00:00,8
clickbench_partitioned,q15,query,1.093,2026-08-11 18:50:16,1d000c221b,2026-08-11T12:32:04+00:00,8
clickbench_partitioned,q15,query,1.066,2026-08-11 18:50:16,1d000c221b,2026-08-11T12:32:04+00:00,8
clickbench_partitioned,q15,query,1.064,2026-08-11 18:50:16,1d000c221b,2026-08-11T12:32:04+00:00,8
clickbench_partitioned,q15,query,1.09,2026-08-11 18:50:16,1d000c221b,2026-08-11T12:32:04+00:00,8
clickbench_partitioned,q15,query,1.093,2026-08-11 18:50:16,1d000c221b,2026-08-11T12:32:04+00:00,8
clickbench_partitioned,q16,table_creation,0.047,2026-08-11 18:50:16,1d000c221b,2026-08-11T12:32:04+00:00,8
clickbench_partitioned,q16,query,2.276,2026-08-11 18:50:16,1d000c221b,2026-08-11T12:32:04+00:00,8
clickbench_partitioned,q16,query,2.322,2026-08-11 18:50:16,1d000c221b,2026-08-11T12:32:04+00:00,8
clickbench_partitioned,q16,query,2.331,2026-08-11 18:50:16,1d000c221b,2026-08-11T12:32:04+00:00,8
clickbench_partitioned,q16,query,2.346,2026-08-11 18:50:16,1d000c221b,2026-08-11T12:32:04+00:00,8
clickbench_partitioned,q16,query,2.372,2026-08-11 18:50:16,1d000c221b,2026-08-11T12:32:04+00:00,8
clickbench_partitioned,q17,table_creation,0.044,2026-08-11 18:50:16,1d000c221b,2026-08-11T12:32:04+00:00,8
clickbench_partitioned,q17,query,2.252,2026-08-11 18:50:16,1d000c221b,2026-08-11T12:32:04+00:00,8
clickbench_partitioned,q17,query,2.35,2026-08-11 18:50:16,1d000c221b,2026-08-11T12:32:04+00:00,8
clickbench_partitioned,q17,query,2.315,2026-08-11 18:50:16,1d000c221b,2026-08-11T12:32:04+00:00,8
clickbench_partitioned,q17,query,2.336,2026-08-11 18:50:16,1d000c221b,2026-08-11T12:32:04+00:00,8
clickbench_partitioned,q17,query,2.364,2026-08-11 18:50:16,1d000c221b,2026-08-11T12:32:04+00:00,8
clickbench_partitioned,q18,table_creation,0.049,2026-08-11 18:50:16,1d000c221b,2026-08-11T12:32:04+00:00,8
clickbench_partitioned,q18,query,4.482,2026-08-11 18:50:16,1d000c221b,2026-08-11T12:32:04+00:00,8
clickbench_partitioned,q18,query,4.444,2026-08-11 18:50:16,1d000c221b,2026-08-11T12:32:04+00:00,8
clickbench_partitioned,q18,query,4.494,2026-08-11 18:50:16,1d000c221b,2026-08-11T12:32:04+00:00,8
clickbench_partitioned,q18,query,4.452,2026-08-11 18:50:16,1d000c221b,2026-08-11T12:32:04+00:00,8
clickbench_partitioned,q18,query,4.504,2026-08-11 18:50:16,1d000c221b,2026-08-11T12:32:04+00:00,8
clickbench_partitioned,q19,table_creation,0.046,2026-08-11 18:50:16,1d000c221b,2026-08-11T12:32:04+00:00,8
clickbench_partitioned,q19,query,0.127,2026-08-11 18:50:16,1d000c221b,2026-08-11T12:32:04+00:00,8
clickbench_partitioned,q19,query,0.12,2026-08-11 18:50:16,1d000c221b,2026-08-11T12:32:04+00:00,8
clickbench_partitioned,q19,query,0.116,2026-08-11 18:50:16,1d000c221b,2026-08-11T12:32:04+00:00,8
clickbench_partitioned,q19,query,0.12,2026-08-11 18:50:16,1d000c221b,2026-08-11T12:32:04+00:00,8
clickbench_partitioned,q19,query,0.12,2026-08-11 18:50:16,1d000c221b,2026-08-11T12:32:04+00:00,8
clickbench_partitioned,q20,table_creation,0.049,2026-08-11 18:50:16,1d000c221b,2026-08-11T12:32:04+00:00,8
clickbench_partitioned,q20,query,1.569,2026-08-11 18:50:16,1d000c221b,2026-08-11T12:32:04+00:00,8
clickbench_partitioned,q20,query,1.558,2026-08-11 18:50:16,1d000c221b,2026-08-11T12:32:04+00:00,8
clickbench_partitioned,q20,query,1.568,2026-08-11 18:50:16,1d000c221b,2026-08-11T12:32:04+00:00,8
clickbench_partitioned,q20,query,1.59,2026-08-11 18:50:16,1d000c221b,2026-08-11T12:32:04+00:00,8
clickbench_partitioned,q20,query,1.581,2026-08-11 18:50:16,1d000c221b,2026-08-11T12:32:04+00:00,8
clickbench_partitioned,q21,table_creation,0.047,2026-08-11 18:50:16,1d000c221b,2026-08-11T12:32:04+00:00,8
clickbench_partitioned,q21,query,1.646,2026-08-11 18:50:16,1d000c221b,2026-08-11T12:32:04+00:00,8
clickbench_partitioned,q21,query,1.659,2026-08-11 18:50:16,1d000c221b,2026-08-11T12:32:04+00:00,8
clickbench_partitioned,q21,query,1.676,2026-08-11 18:50:16,1d000c221b,2026-08-11T12:32:04+00:00,8
clickbench_partitioned,q21,query,1.661,2026-08-11 18:50:16,1d000c221b,2026-08-11T12:32:04+00:00,8
clickbench_partitioned,q21,query,1.664,2026-08-11 18:50:16,1d000c221b,2026-08-11T12:32:04+00:00,8
clickbench_partitioned,q22,table_creation,0.046,2026-08-11 18:50:16,1d000c221b,2026-08-11T12:32:04+00:00,8
clickbench_partitioned,q22,query,7.769,2026-08-11 18:50:16,1d000c221b,2026-08-11T12:32:04+00:00,8
clickbench_partitioned,q22,query,3.23,2026-08-11 18:50:16,1d000c221b,2026-08-11T12:32:04+00:00,8
clickbench_partitioned,q22,query,3.246,2026-08-11 18:50:16,1d000c221b,2026-08-11T12:32:04+00:00,8
clickbench_partitioned,q22,query,3.243,2026-08-11 18:50:16,1d000c221b,2026-08-11T12:32:04+00:00,8
clickbench_partitioned,q22,query,3.296,2026-08-11 18:50:16,1d000c221b,2026-08-11T12:32:04+00:00,8
clickbench_partitioned,q23,table_creation,0.045,2026-08-11 18:50:16,1d000c221b,2026-08-11T12:32:04+00:00,8
clickbench_partitioned,q23,query,21.951,2026-08-11 18:50:16,1d000c221b,2026-08-11T12:32:04+00:00,8
clickbench_partitioned,q23,query,11.453,2026-08-11 18:50:16,1d000c221b,2026-08-11T12:32:04+00:00,8
clickbench_partitioned,q23,query,11.388,2026-08-11 18:50:16,1d000c221b,2026-08-11T12:32:04+00:00,8
clickbench_partitioned,q23,query,11.434,2026-08-11 18:50:16,1d000c221b,2026-08-11T12:32:04+00:00,8
clickbench_partitioned,q23,query,11.467,2026-08-11 18:50:16,1d000c221b,2026-08-11T12:32:04+00:00,8
clickbench_partitioned,q24,table_creation,0.047,2026-08-11 18:50:16,1d000c221b,2026-08-11T12:32:04+00:00,8
clickbench_partitioned,q24,query,0.12,2026-08-11 18:50:16,1d000c221b,2026-08-11T12:32:04+00:00,8
clickbench_partitioned,q24,query,0.111,2026-08-11 18:50:16,1d000c221b,2026-08-11T12:32:04+00:00,8
clickbench_partitioned,q24,query,0.109,2026-08-11 18:50:16,1d000c221b,2026-08-11T12:32:04+00:00,8
clickbench_partitioned,q24,query,0.106,2026-08-11 18:50:16,1d000c221b,2026-08-11T12:32:04+00:00,8
clickbench_partitioned,q24,query,0.109,2026-08-11 18:50:16,1d000c221b,2026-08-11T12:32:04+00:00,8
clickbench_partitioned,q25,table_creation,0.045,2026-08-11 18:50:16,1d000c221b,2026-08-11T12:32:04+00:00,8
clickbench_partitioned,q25,query,0.348,2026-08-11 18:50:16,1d000c221b,2026-08-11T12:32:04+00:00,8
clickbench_partitioned,q25,query,0.334,2026-08-11 18:50:16,1d000c221b,2026-08-11T12:32:04+00:00,8
clickbench_partitioned,q25,query,0.343,2026-08-11 18:50:16,1d000c221b,2026-08-11T12:32:04+00:00,8
clickbench_partitioned,q25,query,0.331,2026-08-11 18:50:16,1d000c221b,2026-08-11T12:32:04+00:00,8
clickbench_partitioned,q25,query,0.336,2026-08-11 18:50:16,1d000c221b,2026-08-11T12:32:04+00:00,8
clickbench_partitioned,q26,table_creation,0.048,2026-08-11 18:50:16,1d000c221b,2026-08-11T12:32:04+00:00,8
clickbench_partitioned,q26,query,0.128,2026-08-11 18:50:16,1d000c221b,2026-08-11T12:32:04+00:00,8
clickbench_partitioned,q26,query,0.112,2026-08-11 18:50:16,1d000c221b,2026-08-11T12:32:04+00:00,8
clickbench_partitioned,q26,query,0.108,2026-08-11 18:50:16,1d000c221b,2026-08-11T12:32:04+00:00,8
clickbench_partitioned,q26,query,0.108,2026-08-11 18:50:16,1d000c221b,2026-08-11T12:32:04+00:00,8
clickbench_partitioned,q26,query,0.111,2026-08-11 18:50:16,1d000c221b,2026-08-11T12:32:04+00:00,8
clickbench_partitioned,q27,table_creation,0.048,2026-08-11 18:50:16,1d000c221b,2026-08-11T12:32:04+00:00,8
clickbench_partitioned,q27,query,2.263,2026-08-11 18:50:16,1d000c221b,2026-08-11T12:32:04+00:00,8
clickbench_partitioned,q27,query,2.283,2026-08-11 18:50:16,1d000c221b,2026-08-11T12:32:04+00:00,8
clickbench_partitioned,q27,query,2.283,2026-08-11 18:50:16,1d000c221b,2026-08-11T12:32:04+00:00,8
clickbench_partitioned,q27,query,2.294,2026-08-11 18:50:16,1d000c221b,2026-08-11T12:32:04+00:00,8
clickbench_partitioned,q27,query,2.275,2026-08-11 18:50:16,1d000c221b,2026-08-11T12:32:04+00:00,8
clickbench_partitioned,q28,table_creation,0.047,2026-08-11 18:50:16,1d000c221b,2026-08-11T12:32:04+00:00,8
clickbench_partitioned,q28,query,9.065,2026-08-11 18:50:16,1d000c221b,2026-08-11T12:32:04+00:00,8
clickbench_partitioned,q28,query,9.2,2026-08-11 18:50:16,1d000c221b,2026-08-11T12:32:04+00:00,8
clickbench_partitioned,q28,query,9.206,2026-08-11 18:50:16,1d000c221b,2026-08-11T12:32:04+00:00,8
clickbench_partitioned,q28,query,9.188,2026-08-11 18:50:16,1d000c221b,2026-08-11T12:32:04+00:00,8
clickbench_partitioned,q28,query,9.201,2026-08-11 18:50:16,1d000c221b,2026-08-11T12:32:04+00:00,8
clickbench_partitioned,q29,table_creation,0.048,2026-08-11 18:50:16,1d000c221b,2026-08-11T12:32:04+00:00,8
clickbench_partitioned,q29,query,0.133,2026-08-11 18:50:16,1d000c221b,2026-08-11T12:32:04+00:00,8
clickbench_partitioned,q29,query,0.112,2026-08-11 18:50:16,1d000c221b,2026-08-11T12:32:04+00:00,8
clickbench_partitioned,q29,query,0.111,2026-08-11 18:50:16,1d000c221b,2026-08-11T12:32:04+00:00,8
clickbench_partitioned,q29,query,0.109,2026-08-11 18:50:16,1d000c221b,2026-08-11T12:32:04+00:00,8
clickbench_partitioned,q29,query,0.108,2026-08-11 18:50:16,1d000c221b,2026-08-11T12:32:04+00:00,8
clickbench_partitioned,q30,table_creation,0.046,2026-08-11 18:50:16,1d000c221b,2026-08-11T12:32:04+00:00,8
clickbench_partitioned,q30,query,1.041,2026-08-11 18:50:16,1d000c221b,2026-08-11T12:32:04+00:00,8
clickbench_partitioned,q30,query,1.051,2026-08-11 18:50:16,1d000c221b,2026-08-11T12:32:04+00:00,8
clickbench_partitioned,q30,query,1.044,2026-08-11 18:50:16,1d000c221b,2026-08-11T12:32:04+00:00,8
clickbench_partitioned,q30,query,1.062,2026-08-11 18:50:16,1d000c221b,2026-08-11T12:32:04+00:00,8
clickbench_partitioned,q30,query,1.052,2026-08-11 18:50:16,1d000c221b,2026-08-11T12:32:04+00:00,8
clickbench_partitioned,q31,table_creation,0.047,2026-08-11 18:50:16,1d000c221b,2026-08-11T12:32:04+00:00,8
clickbench_partitioned,q31,query,1.087,2026-08-11 18:50:16,1d000c221b,2026-08-11T12:32:04+00:00,8
clickbench_partitioned,q31,query,1.092,2026-08-11 18:50:16,1d000c221b,2026-08-11T12:32:04+00:00,8
clickbench_partitioned,q31,query,1.087,2026-08-11 18:50:16,1d000c221b,2026-08-11T12:32:04+00:00,8
clickbench_partitioned,q31,query,1.109,2026-08-11 18:50:16,1d000c221b,2026-08-11T12:32:04+00:00,8
clickbench_partitioned,q31,query,1.08,2026-08-11 18:50:16,1d000c221b,2026-08-11T12:32:04+00:00,8
clickbench_partitioned,q32,table_creation,0.047,2026-08-11 18:50:16,1d000c221b,2026-08-11T12:32:04+00:00,8
clickbench_partitioned,q32,query,3.396,2026-08-11 18:50:16,1d000c221b,2026-08-11T12:32:04+00:00,8
clickbench_partitioned,q32,query,3.42,2026-08-11 18:50:16,1d000c221b,2026-08-11T12:32:04+00:00,8
clickbench_partitioned,q32,query,3.417,2026-08-11 18:50:16,1d000c221b,2026-08-11T12:32:04+00:00,8
clickbench_partitioned,q32,query,3.475,2026-08-11 18:50:16,1d000c221b,2026-08-11T12:32:04+00:00,8
clickbench_partitioned,q32,query,3.434,2026-08-11 18:50:16,1d000c221b,2026-08-11T12:32:04+00:00,8
clickbench_partitioned,q33,table_creation,0.049,2026-08-11 18:50:16,1d000c221b,2026-08-11T12:32:04+00:00,8
clickbench_partitioned,q33,query,4.572,2026-08-11 18:50:16,1d000c221b,2026-08-11T12:32:04+00:00,8
clickbench_partitioned,q33,query,4.799,2026-08-11 18:50:16,1d000c221b,2026-08-11T12:32:04+00:00,8
clickbench_partitioned,q33,query,5.291,2026-08-11 18:50:16,1d000c221b,2026-08-11T12:32:04+00:00,8
clickbench_partitioned,q33,query,4.762,2026-08-11 18:50:16,1d000c221b,2026-08-11T12:32:04+00:00,8
clickbench_partitioned,q33,query,4.859,2026-08-11 18:50:16,1d000c221b,2026-08-11T12:32:04+00:00,8
clickbench_partitioned,q34,table_creation,0.048,2026-08-11 18:50:16,1d000c221b,2026-08-11T12:32:04+00:00,8
clickbench_partitioned,q34,query,4.618,2026-08-11 18:50:16,1d000c221b,2026-08-11T12:32:04+00:00,8
clickbench_partitioned,q34,query,4.817,2026-08-11 18:50:16,1d000c221b,2026-08-11T12:32:04+00:00,8
clickbench_partitioned,q34,query,4.769,2026-08-11 18:50:16,1d000c221b,2026-08-11T12:32:04+00:00,8
clickbench_partitioned,q34,query,4.821,2026-08-11 18:50:16,1d000c221b,2026-08-11T12:32:04+00:00,8
clickbench_partitioned,q34,query,4.807,2026-08-11 18:50:16,1d000c221b,2026-08-11T12:32:04+00:00,8
clickbench_partitioned,q35,table_creation,0.048,2026-08-11 18:50:16,1d000c221b,2026-08-11T12:32:04+00:00,8
clickbench_partitioned,q35,query,0.911,2026-08-11 18:50:16,1d000c221b,2026-08-11T12:32:04+00:00,8
clickbench_partitioned,q35,query,0.897,2026-08-11 18:50:16,1d000c221b,2026-08-11T12:32:04+00:00,8
clickbench_partitioned,q35,query,0.908,2026-08-11 18:50:16,1d000c221b,2026-08-11T12:32:04+00:00,8
clickbench_partitioned,q35,query,0.953,2026-08-11 18:50:16,1d000c221b,2026-08-11T12:32:04+00:00,8
clickbench_partitioned,q35,query,0.953,2026-08-11 18:50:16,1d000c221b,2026-08-11T12:32:04+00:00,8
clickbench_partitioned,q36,table_creation,0.048,2026-08-11 18:50:16,1d000c221b,2026-08-11T12:32:04+00:00,8
clickbench_partitioned,q37,table_creation,0.048,2026-08-11 18:50:16,1d000c221b,2026-08-11T12:32:04+00:00,8
clickbench_partitioned,q38,table_creation,0.049,2026-08-11 18:50:16,1d000c221b,2026-08-11T12:32:04+00:00,8
clickbench_partitioned,q39,table_creation,0.047,2026-08-11 18:50:16,1d000c221b,2026-08-11T12:32:04+00:00,8
clickbench_partitioned,q40,table_creation,0.047,2026-08-11 18:50:16,1d000c221b,2026-08-11T12:32:04+00:00,8
clickbench_partitioned,q41,table_creation,0.047,2026-08-11 18:50:16,1d000c221b,2026-08-11T12:32:04+00:00,8
clickbench_partitioned,q42,table_creation,0.047,2026-08-11 18:50:16,1d000c221b,2026-08-11T12:32:04+00:00,8
clickbench_partitioned,q0,table_creation,0.159,2026-08-11 18:56:05,53.1.0,2026-04-13T17:43:46-07:00,8
clickbench_partitioned,q0,query,0.077,2026-08-11 18:56:05,53.1.0,2026-04-13T17:43:46-07:00,8
clickbench_partitioned,q0,query,0.002,2026-08-11 18:56:05,53.1.0,2026-04-13T17:43:46-07:00,8
clickbench_partitioned,q0,query,0.002,2026-08-11 18:56:05,53.1.0,2026-04-13T17:43:46-07:00,8
clickbench_partitioned,q0,query,0.002,2026-08-11 18:56:05,53.1.0,2026-04-13T17:43:46-07:00,8
clickbench_partitioned,q0,query,0.002,2026-08-11 18:56:05,53.1.0,2026-04-13T17:43:46-07:00,8
clickbench_partitioned,q1,table_creation,0.049,2026-08-11 18:56:05,53.1.0,2026-04-13T17:43:46-07:00,8
clickbench_partitioned,q1,query,0.089,2026-08-11 18:56:05,53.1.0,2026-04-13T17:43:46-07:00,8
clickbench_partitioned,q1,query,0.048,2026-08-11 18:56:05,53.1.0,2026-04-13T17:43:46-07:00,8
clickbench_partitioned,q1,query,0.048,2026-08-11 18:56:05,53.1.0,2026-04-13T17:43:46-07:00,8
clickbench_partitioned,q1,query,0.051,2026-08-11 18:56:05,53.1.0,2026-04-13T17:43:46-07:00,8
clickbench_partitioned,q1,query,0.048,2026-08-11 18:56:05,53.1.0,2026-04-13T17:43:46-07:00,8
clickbench_partitioned,q2,table_creation,0.051,2026-08-11 18:56:05,53.1.0,2026-04-13T17:43:46-07:00,8
clickbench_partitioned,q2,query,0.167,2026-08-11 18:56:05,53.1.0,2026-04-13T17:43:46-07:00,8
clickbench_partitioned,q2,query,0.164,2026-08-11 18:56:05,53.1.0,2026-04-13T17:43:46-07:00,8
clickbench_partitioned,q2,query,0.166,2026-08-11 18:56:05,53.1.0,2026-04-13T17:43:46-07:00,8
clickbench_partitioned,q2,query,0.168,2026-08-11 18:56:05,53.1.0,2026-04-13T17:43:46-07:00,8
clickbench_partitioned,q2,query,0.165,2026-08-11 18:56:05,53.1.0,2026-04-13T17:43:46-07:00,8
clickbench_partitioned,q3,table_creation,0.051,2026-08-11 18:56:05,53.1.0,2026-04-13T17:43:46-07:00,8
clickbench_partitioned,q3,query,0.153,2026-08-11 18:56:05,53.1.0,2026-04-13T17:43:46-07:00,8
clickbench_partitioned,q3,query,0.152,2026-08-11 18:56:05,53.1.0,2026-04-13T17:43:46-07:00,8
clickbench_partitioned,q3,query,0.148,2026-08-11 18:56:05,53.1.0,2026-04-13T17:43:46-07:00,8
clickbench_partitioned,q3,query,0.153,2026-08-11 18:56:05,53.1.0,2026-04-13T17:43:46-07:00,8
clickbench_partitioned,q3,query,0.153,2026-08-11 18:56:05,53.1.0,2026-04-13T17:43:46-07:00,8
clickbench_partitioned,q4,table_creation,0.05,2026-08-11 18:56:05,53.1.0,2026-04-13T17:43:46-07:00,8
clickbench_partitioned,q4,query,1.032,2026-08-11 18:56:05,53.1.0,2026-04-13T17:43:46-07:00,8
clickbench_partitioned,q4,query,0.998,2026-08-11 18:56:05,53.1.0,2026-04-13T17:43:46-07:00,8
clickbench_partitioned,q4,query,0.979,2026-08-11 18:56:05,53.1.0,2026-04-13T17:43:46-07:00,8
clickbench_partitioned,q4,query,0.993,2026-08-11 18:56:05,53.1.0,2026-04-13T17:43:46-07:00,8
clickbench_partitioned,q4,query,0.973,2026-08-11 18:56:05,53.1.0,2026-04-13T17:43:46-07:00,8
clickbench_partitioned,q5,table_creation,0.051,2026-08-11 18:56:05,53.1.0,2026-04-13T17:43:46-07:00,8
clickbench_partitioned,q5,query,1.317,2026-08-11 18:56:05,53.1.0,2026-04-13T17:43:46-07:00,8
clickbench_partitioned,q5,query,1.303,2026-08-11 18:56:05,53.1.0,2026-04-13T17:43:46-07:00,8
clickbench_partitioned,q5,query,1.279,2026-08-11 18:56:05,53.1.0,2026-04-13T17:43:46-07:00,8
clickbench_partitioned,q5,query,1.252,2026-08-11 18:56:05,53.1.0,2026-04-13T17:43:46-07:00,8
clickbench_partitioned,q5,query,1.273,2026-08-11 18:56:05,53.1.0,2026-04-13T17:43:46-07:00,8
clickbench_partitioned,q6,table_creation,0.05,2026-08-11 18:56:05,53.1.0,2026-04-13T17:43:46-07:00,8
clickbench_partitioned,q6,query,0.005,2026-08-11 18:56:05,53.1.0,2026-04-13T17:43:46-07:00,8
clickbench_partitioned,q6,query,0.002,2026-08-11 18:56:05,53.1.0,2026-04-13T17:43:46-07:00,8
clickbench_partitioned,q6,query,0.001,2026-08-11 18:56:05,53.1.0,2026-04-13T17:43:46-07:00,8
clickbench_partitioned,q6,query,0.001,2026-08-11 18:56:05,53.1.0,2026-04-13T17:43:46-07:00,8
clickbench_partitioned,q6,query,0.001,2026-08-11 18:56:05,53.1.0,2026-04-13T17:43:46-07:00,8
clickbench_partitioned,q7,table_creation,0.051,2026-08-11 18:56:05,53.1.0,2026-04-13T17:43:46-07:00,8
clickbench_partitioned,q7,query,0.063,2026-08-11 18:56:05,53.1.0,2026-04-13T17:43:46-07:00,8
clickbench_partitioned,q7,query,0.051,2026-08-11 18:56:05,53.1.0,2026-04-13T17:43:46-07:00,8
clickbench_partitioned,q7,query,0.051,2026-08-11 18:56:05,53.1.0,2026-04-13T17:43:46-07:00,8
clickbench_partitioned,q7,query,0.057,2026-08-11 18:56:05,53.1.0,2026-04-13T17:43:46-07:00,8
clickbench_partitioned,q7,query,0.051,2026-08-11 18:56:05,53.1.0,2026-04-13T17:43:46-07:00,8
clickbench_partitioned,q8,table_creation,0.051,2026-08-11 18:56:05,53.1.0,2026-04-13T17:43:46-07:00,8
clickbench_partitioned,q8,query,1.374,2026-08-11 18:56:05,53.1.0,2026-04-13T17:43:46-07:00,8
clickbench_partitioned,q8,query,1.362,2026-08-11 18:56:05,53.1.0,2026-04-13T17:43:46-07:00,8
clickbench_partitioned,q8,query,1.338,2026-08-11 18:56:05,53.1.0,2026-04-13T17:43:46-07:00,8
clickbench_partitioned,q8,query,1.332,2026-08-11 18:56:05,53.1.0,2026-04-13T17:43:46-07:00,8
clickbench_partitioned,q8,query,1.32,2026-08-11 18:56:05,53.1.0,2026-04-13T17:43:46-07:00,8
clickbench_partitioned,q9,table_creation,0.052,2026-08-11 18:56:05,53.1.0,2026-04-13T17:43:46-07:00,8
clickbench_partitioned,q9,query,1.838,2026-08-11 18:56:05,53.1.0,2026-04-13T17:43:46-07:00,8
clickbench_partitioned,q9,query,1.849,2026-08-11 18:56:05,53.1.0,2026-04-13T17:43:46-07:00,8
clickbench_partitioned,q9,query,1.836,2026-08-11 18:56:05,53.1.0,2026-04-13T17:43:46-07:00,8
clickbench_partitioned,q9,query,1.774,2026-08-11 18:56:05,53.1.0,2026-04-13T17:43:46-07:00,8
clickbench_partitioned,q9,query,1.821,2026-08-11 18:56:05,53.1.0,2026-04-13T17:43:46-07:00,8
clickbench_partitioned,q10,table_creation,0.05,2026-08-11 18:56:05,53.1.0,2026-04-13T17:43:46-07:00,8
clickbench_partitioned,q10,query,0.333,2026-08-11 18:56:05,53.1.0,2026-04-13T17:43:46-07:00,8
clickbench_partitioned,q10,query,0.317,2026-08-11 18:56:05,53.1.0,2026-04-13T17:43:46-07:00,8
clickbench_partitioned,q10,query,0.328,2026-08-11 18:56:05,53.1.0,2026-04-13T17:43:46-07:00,8
clickbench_partitioned,q10,query,0.315,2026-08-11 18:56:05,53.1.0,2026-04-13T17:43:46-07:00,8
clickbench_partitioned,q10,query,0.307,2026-08-11 18:56:05,53.1.0,2026-04-13T17:43:46-07:00,8
clickbench_partitioned,q11,table_creation,0.052,2026-08-11 18:56:05,53.1.0,2026-04-13T17:43:46-07:00,8
clickbench_partitioned,q11,query,0.378,2026-08-11 18:56:05,53.1.0,2026-04-13T17:43:46-07:00,8
clickbench_partitioned,q11,query,0.371,2026-08-11 18:56:05,53.1.0,2026-04-13T17:43:46-07:00,8
clickbench_partitioned,q11,query,0.379,2026-08-11 18:56:05,53.1.0,2026-04-13T17:43:46-07:00,8
clickbench_partitioned,q11,query,0.38,2026-08-11 18:56:05,53.1.0,2026-04-13T17:43:46-07:00,8
clickbench_partitioned,q11,query,0.364,2026-08-11 18:56:05,53.1.0,2026-04-13T17:43:46-07:00,8
clickbench_partitioned,q12,table_creation,0.05,2026-08-11 18:56:05,53.1.0,2026-04-13T17:43:46-07:00,8
clickbench_partitioned,q12,query,1.281,2026-08-11 18:56:05,53.1.0,2026-04-13T17:43:46-07:00,8
clickbench_partitioned,q12,query,1.226,2026-08-11 18:56:05,53.1.0,2026-04-13T17:43:46-07:00,8
clickbench_partitioned,q12,query,1.204,2026-08-11 18:56:05,53.1.0,2026-04-13T17:43:46-07:00,8
clickbench_partitioned,q12,query,1.207,2026-08-11 18:56:05,53.1.0,2026-04-13T17:43:46-07:00,8
clickbench_partitioned,q12,query,1.21,2026-08-11 18:56:05,53.1.0,2026-04-13T17:43:46-07:00,8
clickbench_partitioned,q13,table_creation,0.051,2026-08-11 18:56:05,53.1.0,2026-04-13T17:43:46-07:00,8
clickbench_partitioned,q13,query,1.883,2026-08-11 18:56:05,53.1.0,2026-04-13T17:43:46-07:00,8
clickbench_partitioned,q13,query,1.838,2026-08-11 18:56:05,53.1.0,2026-04-13T17:43:46-07:00,8
clickbench_partitioned,q13,query,1.868,2026-08-11 18:56:05,53.1.0,2026-04-13T17:43:46-07:00,8
clickbench_partitioned,q13,query,1.846,2026-08-11 18:56:05,53.1.0,2026-04-13T17:43:46-07:00,8
clickbench_partitioned,q13,query,1.809,2026-08-11 18:56:05,53.1.0,2026-04-13T17:43:46-07:00,8
clickbench_partitioned,q14,table_creation,0.05,2026-08-11 18:56:05,53.1.0,2026-04-13T17:43:46-07:00,8
clickbench_partitioned,q14,query,1.242,2026-08-11 18:56:05,53.1.0,2026-04-13T17:43:46-07:00,8
clickbench_partitioned,q14,query,1.206,2026-08-11 18:56:05,53.1.0,2026-04-13T17:43:46-07:00,8
clickbench_partitioned,q14,query,1.197,2026-08-11 18:56:05,53.1.0,2026-04-13T17:43:46-07:00,8
clickbench_partitioned,q14,query,1.19,2026-08-11 18:56:05,53.1.0,2026-04-13T17:43:46-07:00,8
clickbench_partitioned,q14,query,1.177,2026-08-11 18:56:05,53.1.0,2026-04-13T17:43:46-07:00,8
clickbench_partitioned,q15,table_creation,0.05,2026-08-11 18:56:05,53.1.0,2026-04-13T17:43:46-07:00,8
clickbench_partitioned,q15,query,1.249,2026-08-11 18:56:05,53.1.0,2026-04-13T17:43:46-07:00,8
clickbench_partitioned,q15,query,1.2,2026-08-11 18:56:05,53.1.0,2026-04-13T17:43:46-07:00,8
clickbench_partitioned,q15,query,1.192,2026-08-11 18:56:05,53.1.0,2026-04-13T17:43:46-07:00,8
clickbench_partitioned,q15,query,1.145,2026-08-11 18:56:05,53.1.0,2026-04-13T17:43:46-07:00,8
clickbench_partitioned,q15,query,1.119,2026-08-11 18:56:05,53.1.0,2026-04-13T17:43:46-07:00,8
clickbench_partitioned,q16,table_creation,0.051,2026-08-11 18:56:05,53.1.0,2026-04-13T17:43:46-07:00,8
clickbench_partitioned,q16,query,2.633,2026-08-11 18:56:05,53.1.0,2026-04-13T17:43:46-07:00,8
clickbench_partitioned,q16,query,2.56,2026-08-11 18:56:05,53.1.0,2026-04-13T17:43:46-07:00,8
clickbench_partitioned,q16,query,2.47,2026-08-11 18:56:05,53.1.0,2026-04-13T17:43:46-07:00,8
clickbench_partitioned,q16,query,2.427,2026-08-11 18:56:05,53.1.0,2026-04-13T17:43:46-07:00,8
clickbench_partitioned,q16,query,2.373,2026-08-11 18:56:05,53.1.0,2026-04-13T17:43:46-07:00,8
clickbench_partitioned,q17,table_creation,0.051,2026-08-11 18:56:05,53.1.0,2026-04-13T17:43:46-07:00,8
clickbench_partitioned,q17,query,2.53,2026-08-11 18:56:05,53.1.0,2026-04-13T17:43:46-07:00,8
clickbench_partitioned,q17,query,2.488,2026-08-11 18:56:05,53.1.0,2026-04-13T17:43:46-07:00,8
clickbench_partitioned,q17,query,2.474,2026-08-11 18:56:05,53.1.0,2026-04-13T17:43:46-07:00,8
clickbench_partitioned,q17,query,2.463,2026-08-11 18:56:05,53.1.0,2026-04-13T17:43:46-07:00,8
clickbench_partitioned,q17,query,2.389,2026-08-11 18:56:05,53.1.0,2026-04-13T17:43:46-07:00,8
clickbench_partitioned,q18,table_creation,0.051,2026-08-11 18:56:05,53.1.0,2026-04-13T17:43:46-07:00,8
clickbench_partitioned,q18,query,4.773,2026-08-11 18:56:05,53.1.0,2026-04-13T17:43:46-07:00,8
clickbench_partitioned,q18,query,4.814,2026-08-11 18:56:05,53.1.0,2026-04-13T17:43:46-07:00,8
clickbench_partitioned,q18,query,4.734,2026-08-11 18:56:05,53.1.0,2026-04-13T17:43:46-07:00,8
clickbench_partitioned,q18,query,4.988,2026-08-11 18:56:05,53.1.0,2026-04-13T17:43:46-07:00,8
clickbench_partitioned,q18,query,4.743,2026-08-11 18:56:05,53.1.0,2026-04-13T17:43:46-07:00,8
clickbench_partitioned,q19,table_creation,0.051,2026-08-11 18:56:05,53.1.0,2026-04-13T17:43:46-07:00,8
clickbench_partitioned,q19,query,0.129,2026-08-11 18:56:05,53.1.0,2026-04-13T17:43:46-07:00,8
clickbench_partitioned,q19,query,0.128,2026-08-11 18:56:05,53.1.0,2026-04-13T17:43:46-07:00,8
clickbench_partitioned,q19,query,0.133,2026-08-11 18:56:05,53.1.0,2026-04-13T17:43:46-07:00,8
clickbench_partitioned,q19,query,0.135,2026-08-11 18:56:05,53.1.0,2026-04-13T17:43:46-07:00,8
clickbench_partitioned,q19,query,0.142,2026-08-11 18:56:05,53.1.0,2026-04-13T17:43:46-07:00,8
clickbench_partitioned,q20,table_creation,0.051,2026-08-11 18:56:05,53.1.0,2026-04-13T17:43:46-07:00,8
clickbench_partitioned,q20,query,1.885,2026-08-11 18:56:05,53.1.0,2026-04-13T17:43:46-07:00,8
clickbench_partitioned,q20,query,1.877,2026-08-11 18:56:05,53.1.0,2026-04-13T17:43:46-07:00,8
clickbench_partitioned,q20,query,1.864,2026-08-11 18:56:05,53.1.0,2026-04-13T17:43:46-07:00,8
clickbench_partitioned,q20,query,1.862,2026-08-11 18:56:05,53.1.0,2026-04-13T17:43:46-07:00,8
clickbench_partitioned,q20,query,1.864,2026-08-11 18:56:05,53.1.0,2026-04-13T17:43:46-07:00,8
clickbench_partitioned,q21,table_creation,0.051,2026-08-11 18:56:05,53.1.0,2026-04-13T17:43:46-07:00,8
clickbench_partitioned,q21,query,2.137,2026-08-11 18:56:05,53.1.0,2026-04-13T17:43:46-07:00,8
clickbench_partitioned,q21,query,2.137,2026-08-11 18:56:05,53.1.0,2026-04-13T17:43:46-07:00,8
clickbench_partitioned,q21,query,2.148,2026-08-11 18:56:05,53.1.0,2026-04-13T17:43:46-07:00,8
clickbench_partitioned,q21,query,2.1,2026-08-11 18:56:05,53.1.0,2026-04-13T17:43:46-07:00,8
clickbench_partitioned,q21,query,2.057,2026-08-11 18:56:05,53.1.0,2026-04-13T17:43:46-07:00,8
clickbench_partitioned,q22,table_creation,0.051,2026-08-11 18:56:05,53.1.0,2026-04-13T17:43:46-07:00,8
clickbench_partitioned,q22,query,3.665,2026-08-11 18:56:05,53.1.0,2026-04-13T17:43:46-07:00,8
clickbench_partitioned,q22,query,3.647,2026-08-11 18:56:05,53.1.0,2026-04-13T17:43:46-07:00,8
clickbench_partitioned,q22,query,3.586,2026-08-11 18:56:05,53.1.0,2026-04-13T17:43:46-07:00,8
clickbench_partitioned,q22,query,3.566,2026-08-11 18:56:05,53.1.0,2026-04-13T17:43:46-07:00,8
clickbench_partitioned,q22,query,3.688,2026-08-11 18:56:05,53.1.0,2026-04-13T17:43:46-07:00,8
clickbench_partitioned,q23,table_creation,0.05,2026-08-11 18:56:05,53.1.0,2026-04-13T17:43:46-07:00,8
clickbench_partitioned,q23,query,11.012,2026-08-11 18:56:05,53.1.0,2026-04-13T17:43:46-07:00,8
clickbench_partitioned,q23,query,11.614,2026-08-11 18:56:05,53.1.0,2026-04-13T17:43:46-07:00,8
clickbench_partitioned,q23,query,11.64,2026-08-11 18:56:05,53.1.0,2026-04-13T17:43:46-07:00,8
clickbench_partitioned,q23,query,11.505,2026-08-11 18:56:05,53.1.0,2026-04-13T17:43:46-07:00,8
clickbench_partitioned,q23,query,11.503,2026-08-11 18:56:05,53.1.0,2026-04-13T17:43:46-07:00,8
clickbench_partitioned,q24,table_creation,0.05,2026-08-11 18:56:05,53.1.0,2026-04-13T17:43:46-07:00,8
clickbench_partitioned,q24,query,0.202,2026-08-11 18:56:05,53.1.0,2026-04-13T17:43:46-07:00,8
clickbench_partitioned,q24,query,0.215,2026-08-11 18:56:05,53.1.0,2026-04-13T17:43:46-07:00,8
clickbench_partitioned,q24,query,0.215,2026-08-11 18:56:05,53.1.0,2026-04-13T17:43:46-07:00,8
clickbench_partitioned,q24,query,0.191,2026-08-11 18:56:05,53.1.0,2026-04-13T17:43:46-07:00,8
clickbench_partitioned,q24,query,0.192,2026-08-11 18:56:05,53.1.0,2026-04-13T17:43:46-07:00,8
clickbench_partitioned,q25,table_creation,0.052,2026-08-11 18:56:05,53.1.0,2026-04-13T17:43:46-07:00,8
clickbench_partitioned,q25,query,0.424,2026-08-11 18:56:05,53.1.0,2026-04-13T17:43:46-07:00,8
clickbench_partitioned,q25,query,0.423,2026-08-11 18:56:05,53.1.0,2026-04-13T17:43:46-07:00,8
clickbench_partitioned,q25,query,0.449,2026-08-11 18:56:05,53.1.0,2026-04-13T17:43:46-07:00,8
clickbench_partitioned,q25,query,0.432,2026-08-11 18:56:05,53.1.0,2026-04-13T17:43:46-07:00,8
clickbench_partitioned,q25,query,0.422,2026-08-11 18:56:05,53.1.0,2026-04-13T17:43:46-07:00,8
clickbench_partitioned,q26,table_creation,0.053,2026-08-11 18:56:05,53.1.0,2026-04-13T17:43:46-07:00,8
clickbench_partitioned,q26,query,0.199,2026-08-11 18:56:05,53.1.0,2026-04-13T17:43:46-07:00,8
clickbench_partitioned,q26,query,0.209,2026-08-11 18:56:05,53.1.0,2026-04-13T17:43:46-07:00,8
clickbench_partitioned,q26,query,0.2,2026-08-11 18:56:05,53.1.0,2026-04-13T17:43:46-07:00,8
clickbench_partitioned,q26,query,0.193,2026-08-11 18:56:05,53.1.0,2026-04-13T17:43:46-07:00,8
clickbench_partitioned,q26,query,0.208,2026-08-11 18:56:05,53.1.0,2026-04-13T17:43:46-07:00,8
clickbench_partitioned,q27,table_creation,0.051,2026-08-11 18:56:05,53.1.0,2026-04-13T17:43:46-07:00,8
clickbench_partitioned,q27,query,2.567,2026-08-11 18:56:05,53.1.0,2026-04-13T17:43:46-07:00,8
clickbench_partitioned,q27,query,2.586,2026-08-11 18:56:05,53.1.0,2026-04-13T17:43:46-07:00,8
clickbench_partitioned,q27,query,2.583,2026-08-11 18:56:05,53.1.0,2026-04-13T17:43:46-07:00,8
clickbench_partitioned,q27,query,2.613,2026-08-11 18:56:05,53.1.0,2026-04-13T17:43:46-07:00,8
clickbench_partitioned,q27,query,2.58,2026-08-11 18:56:05,53.1.0,2026-04-13T17:43:46-07:00,8
clickbench_partitioned,q28,table_creation,0.052,2026-08-11 18:56:05,53.1.0,2026-04-13T17:43:46-07:00,8
clickbench_partitioned,q28,query,23.057,2026-08-11 18:56:05,53.1.0,2026-04-13T17:43:46-07:00,8
clickbench_partitioned,q28,query,23.402,2026-08-11 18:56:05,53.1.0,2026-04-13T17:43:46-07:00,8
clickbench_partitioned,q28,query,23.422,2026-08-11 18:56:05,53.1.0,2026-04-13T17:43:46-07:00,8
clickbench_partitioned,q28,query,23.49,2026-08-11 18:56:05,53.1.0,2026-04-13T17:43:46-07:00,8
clickbench_partitioned,q28,query,23.349,2026-08-11 18:56:05,53.1.0,2026-04-13T17:43:46-07:00,8
clickbench_partitioned,q29,table_creation,0.051,2026-08-11 18:56:05,53.1.0,2026-04-13T17:43:46-07:00,8
clickbench_partitioned,q29,query,0.985,2026-08-11 18:56:05,53.1.0,2026-04-13T17:43:46-07:00,8
clickbench_partitioned,q29,query,0.993,2026-08-11 18:56:05,53.1.0,2026-04-13T17:43:46-07:00,8
clickbench_partitioned,q29,query,0.975,2026-08-11 18:56:05,53.1.0,2026-04-13T17:43:46-07:00,8
clickbench_partitioned,q29,query,0.986,2026-08-11 18:56:05,53.1.0,2026-04-13T17:43:46-07:00,8
clickbench_partitioned,q29,query,0.977,2026-08-11 18:56:05,53.1.0,2026-04-13T17:43:46-07:00,8
clickbench_partitioned,q30,table_creation,0.05,2026-08-11 18:56:05,53.1.0,2026-04-13T17:43:46-07:00,8
clickbench_partitioned,q30,query,1.223,2026-08-11 18:56:05,53.1.0,2026-04-13T17:43:46-07:00,8
clickbench_partitioned,q30,query,1.201,2026-08-11 18:56:05,53.1.0,2026-04-13T17:43:46-07:00,8
clickbench_partitioned,q30,query,1.154,2026-08-11 18:56:05,53.1.0,2026-04-13T17:43:46-07:00,8
clickbench_partitioned,q30,query,1.203,2026-08-11 18:56:05,53.1.0,2026-04-13T17:43:46-07:00,8
clickbench_partitioned,q30,query,1.182,2026-08-11 18:56:05,53.1.0,2026-04-13T17:43:46-07:00,8
clickbench_partitioned,q31,table_creation,0.052,2026-08-11 18:56:05,53.1.0,2026-04-13T17:43:46-07:00,8
clickbench_partitioned,q31,query,1.356,2026-08-11 18:56:05,53.1.0,2026-04-13T17:43:46-07:00,8
clickbench_partitioned,q31,query,1.271,2026-08-11 18:56:05,53.1.0,2026-04-13T17:43:46-07:00,8
clickbench_partitioned,q31,query,1.244,2026-08-11 18:56:05,53.1.0,2026-04-13T17:43:46-07:00,8
clickbench_partitioned,q31,query,1.267,2026-08-11 18:56:05,53.1.0,2026-04-13T17:43:46-07:00,8
clickbench_partitioned,q31,query,1.249,2026-08-11 18:56:05,53.1.0,2026-04-13T17:43:46-07:00,8
clickbench_partitioned,q32,table_creation,0.051,2026-08-11 18:56:05,53.1.0,2026-04-13T17:43:46-07:00,8
clickbench_partitioned,q32,query,4.001,2026-08-11 18:56:05,53.1.0,2026-04-13T17:43:46-07:00,8
clickbench_partitioned,q32,query,3.722,2026-08-11 18:56:05,53.1.0,2026-04-13T17:43:46-07:00,8
clickbench_partitioned,q32,query,3.776,2026-08-11 18:56:05,53.1.0,2026-04-13T17:43:46-07:00,8
clickbench_partitioned,q32,query,3.636,2026-08-11 18:56:05,53.1.0,2026-04-13T17:43:46-07:00,8
clickbench_partitioned,q32,query,3.752,2026-08-11 18:56:05,53.1.0,2026-04-13T17:43:46-07:00,8
clickbench_partitioned,q33,table_creation,0.052,2026-08-11 18:56:05,53.1.0,2026-04-13T17:43:46-07:00,8
clickbench_partitioned,q33,query,4.878,2026-08-11 18:56:05,53.1.0,2026-04-13T17:43:46-07:00,8
clickbench_partitioned,q33,query,4.87,2026-08-11 18:56:05,53.1.0,2026-04-13T17:43:46-07:00,8
clickbench_partitioned,q33,query,5.124,2026-08-11 18:56:05,53.1.0,2026-04-13T17:43:46-07:00,8
clickbench_partitioned,q33,query,5.538,2026-08-11 18:56:05,53.1.0,2026-04-13T17:43:46-07:00,8
clickbench_partitioned,q33,query,6.85,2026-08-11 18:56:05,53.1.0,2026-04-13T17:43:46-07:00,8
clickbench_partitioned,q34,table_creation,0.24,2026-08-11 18:56:05,53.1.0,2026-04-13T17:43:46-07:00,8
clickbench_partitioned,q34,query,5.764,2026-08-11 18:56:05,53.1.0,2026-04-13T17:43:46-07:00,8
clickbench_partitioned,q34,query,4.913,2026-08-11 18:56:05,53.1.0,2026-04-13T17:43:46-07:00,8
clickbench_partitioned,q34,query,5.285,2026-08-11 18:56:05,53.1.0,2026-04-13T17:43:46-07:00,8
clickbench_partitioned,q34,query,7.976,2026-08-11 18:56:05,53.1.0,2026-04-13T17:43:46-07:00,8
clickbench_partitioned,q34,query,5.712,2026-08-11 18:56:05,53.1.0,2026-04-13T17:43:46-07:00,8
clickbench_partitioned,q35,table_creation,0.121,2026-08-11 18:56:05,53.1.0,2026-04-13T17:43:46-07:00,8
clickbench_partitioned,q35,query,2.163,2026-08-11 18:56:05,53.1.0,2026-04-13T17:43:46-07:00,8
clickbench_partitioned,q35,query,1.919,2026-08-11 18:56:05,53.1.0,2026-04-13T17:43:46-07:00,8
clickbench_partitioned,q35,query,1.91,2026-08-11 18:56:05,53.1.0,2026-04-13T17:43:46-07:00,8
clickbench_partitioned,q35,query,1.903,2026-08-11 18:56:05,53.1.0,2026-04-13T17:43:46-07:00,8
clickbench_partitioned,q35,query,1.889,2026-08-11 18:56:05,53.1.0,2026-04-13T17:43:46-07:00,8
clickbench_partitioned,q36,table_creation,0.051,2026-08-11 18:56:05,53.1.0,2026-04-13T17:43:46-07:00,8
clickbench_partitioned,q36,query,0.089,2026-08-11 18:56:05,53.1.0,2026-04-13T17:43:46-07:00,8
clickbench_partitioned,q36,query,0.073,2026-08-11 18:56:05,53.1.0,2026-04-13T17:43:46-07:00,8
clickbench_partitioned,q36,query,0.063,2026-08-11 18:56:05,53.1.0,2026-04-13T17:43:46-07:00,8
clickbench_partitioned,q36,query,0.063,2026-08-11 18:56:05,53.1.0,2026-04-13T17:43:46-07:00,8
clickbench_partitioned,q36,query,0.063,2026-08-11 18:56:05,53.1.0,2026-04-13T17:43:46-07:00,8
clickbench_partitioned,q37,table_creation,0.051,2026-08-11 18:56:05,53.1.0,2026-04-13T17:43:46-07:00,8
clickbench_partitioned,q37,query,0.074,2026-08-11 18:56:05,53.1.0,2026-04-13T17:43:46-07:00,8
clickbench_partitioned,q37,query,0.04,2026-08-11 18:56:05,53.1.0,2026-04-13T17:43:46-07:00,8
clickbench_partitioned,q37,query,0.039,2026-08-11 18:56:05,53.1.0,2026-04-13T17:43:46-07:00,8
clickbench_partitioned,q37,query,0.042,2026-08-11 18:56:05,53.1.0,2026-04-13T17:43:46-07:00,8
clickbench_partitioned,q37,query,0.039,2026-08-11 18:56:05,53.1.0,2026-04-13T17:43:46-07:00,8
clickbench_partitioned,q38,table_creation,0.051,2026-08-11 18:56:05,53.1.0,2026-04-13T17:43:46-07:00,8
clickbench_partitioned,q38,query,0.072,2026-08-11 18:56:05,53.1.0,2026-04-13T17:43:46-07:00,8
clickbench_partitioned,q38,query,0.066,2026-08-11 18:56:05,53.1.0,2026-04-13T17:43:46-07:00,8
clickbench_partitioned,q38,query,0.075,2026-08-11 18:56:05,53.1.0,2026-04-13T17:43:46-07:00,8
clickbench_partitioned,q38,query,0.072,2026-08-11 18:56:05,53.1.0,2026-04-13T17:43:46-07:00,8
clickbench_partitioned,q38,query,0.068,2026-08-11 18:56:05,53.1.0,2026-04-13T17:43:46-07:00,8
clickbench_partitioned,q39,table_creation,0.052,2026-08-11 18:56:05,53.1.0,2026-04-13T17:43:46-07:00,8
clickbench_partitioned,q39,query,0.161,2026-08-11 18:56:05,53.1.0,2026-04-13T17:43:46-07:00,8
clickbench_partitioned,q39,query,0.1,2026-08-11 18:56:05,53.1.0,2026-04-13T17:43:46-07:00,8
clickbench_partitioned,q39,query,0.103,2026-08-11 18:56:05,53.1.0,2026-04-13T17:43:46-07:00,8
clickbench_partitioned,q39,query,0.107,2026-08-11 18:56:05,53.1.0,2026-04-13T17:43:46-07:00,8
clickbench_partitioned,q39,query,0.108,2026-08-11 18:56:05,53.1.0,2026-04-13T17:43:46-07:00,8
clickbench_partitioned,q40,table_creation,0.051,2026-08-11 18:56:05,53.1.0,2026-04-13T17:43:46-07:00,8
clickbench_partitioned,q40,query,0.042,2026-08-11 18:56:05,53.1.0,2026-04-13T17:43:46-07:00,8
clickbench_partitioned,q40,query,0.028,2026-08-11 18:56:05,53.1.0,2026-04-13T17:43:46-07:00,8
clickbench_partitioned,q40,query,0.026,2026-08-11 18:56:05,53.1.0,2026-04-13T17:43:46-07:00,8
clickbench_partitioned,q40,query,0.028,2026-08-11 18:56:05,53.1.0,2026-04-13T17:43:46-07:00,8
clickbench_partitioned,q40,query,0.029,2026-08-11 18:56:05,53.1.0,2026-04-13T17:43:46-07:00,8
clickbench_partitioned,q41,table_creation,0.05,2026-08-11 18:56:05,53.1.0,2026-04-13T17:43:46-07:00,8
clickbench_partitioned,q41,query,0.023,2026-08-11 18:56:05,53.1.0,2026-04-13T17:43:46-07:00,8
clickbench_partitioned,q41,query,0.018,2026-08-11 18:56:05,53.1.0,2026-04-13T17:43:46-07:00,8
clickbench_partitioned,q41,query,0.019,2026-08-11 18:56:05,53.1.0,2026-04-13T17:43:46-07:00,8
clickbench_partitioned,q41,query,0.019,2026-08-11 18:56:05,53.1.0,2026-04-13T17:43:46-07:00,8
clickbench_partitioned,q41,query,0.02,2026-08-11 18:56:05,53.1.0,2026-04-13T17:43:46-07:00,8
clickbench_partitioned,q42,table_creation,0.051,2026-08-11 18:56:05,53.1.0,2026-04-13T17:43:46-07:00,8
clickbench_partitioned,q42,query,0.033,2026-08-11 18:56:05,53.1.0,2026-04-13T17:43:46-07:00,8
clickbench_partitioned,q42,query,0.018,2026-08-11 18:56:05,53.1.0,2026-04-13T17:43:46-07:00,8
clickbench_partitioned,q42,query,0.021,2026-08-11 18:56:05,53.1.0,2026-04-13T17:43:46-07:00,8
clickbench_partitioned,q42,query,0.017,2026-08-11 18:56:05,53.1.0,2026-04-13T17:43:46-07:00,8
clickbench_partitioned,q42,query,0.017,2026-08-11 18:56:05,53.1.0,2026-04-13T17:43:46-07:00,8
clickbench_partitioned,q0,table_creation,0.174,2026-08-11 19:03:35,branch-54,2026-05-28T10:52:41+02:00,8
clickbench_partitioned,q0,query,0.081,2026-08-11 19:03:35,branch-54,2026-05-28T10:52:41+02:00,8
clickbench_partitioned,q0,query,0.002,2026-08-11 19:03:35,branch-54,2026-05-28T10:52:41+02:00,8
clickbench_partitioned,q0,query,0.002,2026-08-11 19:03:35,branch-54,2026-05-28T10:52:41+02:00,8
clickbench_partitioned,q0,query,0.001,2026-08-11 19:03:35,branch-54,2026-05-28T10:52:41+02:00,8
clickbench_partitioned,q0,query,0.001,2026-08-11 19:03:35,branch-54,2026-05-28T10:52:41+02:00,8
clickbench_partitioned,q1,table_creation,0.052,2026-08-11 19:03:35,branch-54,2026-05-28T10:52:41+02:00,8
clickbench_partitioned,q1,query,0.099,2026-08-11 19:03:35,branch-54,2026-05-28T10:52:41+02:00,8
clickbench_partitioned,q1,query,0.042,2026-08-11 19:03:35,branch-54,2026-05-28T10:52:41+02:00,8
clickbench_partitioned,q1,query,0.044,2026-08-11 19:03:35,branch-54,2026-05-28T10:52:41+02:00,8
clickbench_partitioned,q1,query,0.043,2026-08-11 19:03:35,branch-54,2026-05-28T10:52:41+02:00,8
clickbench_partitioned,q1,query,0.043,2026-08-11 19:03:35,branch-54,2026-05-28T10:52:41+02:00,8
clickbench_partitioned,q2,table_creation,0.051,2026-08-11 19:03:35,branch-54,2026-05-28T10:52:41+02:00,8
clickbench_partitioned,q2,query,0.416,2026-08-11 19:03:35,branch-54,2026-05-28T10:52:41+02:00,8
clickbench_partitioned,q2,query,0.136,2026-08-11 19:03:35,branch-54,2026-05-28T10:52:41+02:00,8
clickbench_partitioned,q2,query,0.13,2026-08-11 19:03:35,branch-54,2026-05-28T10:52:41+02:00,8
clickbench_partitioned,q2,query,0.132,2026-08-11 19:03:35,branch-54,2026-05-28T10:52:41+02:00,8
clickbench_partitioned,q2,query,0.136,2026-08-11 19:03:35,branch-54,2026-05-28T10:52:41+02:00,8
clickbench_partitioned,q3,table_creation,0.051,2026-08-11 19:03:35,branch-54,2026-05-28T10:52:41+02:00,8
clickbench_partitioned,q3,query,1.002,2026-08-11 19:03:35,branch-54,2026-05-28T10:52:41+02:00,8
clickbench_partitioned,q3,query,0.149,2026-08-11 19:03:35,branch-54,2026-05-28T10:52:41+02:00,8
clickbench_partitioned,q3,query,0.149,2026-08-11 19:03:35,branch-54,2026-05-28T10:52:41+02:00,8
clickbench_partitioned,q3,query,0.146,2026-08-11 19:03:35,branch-54,2026-05-28T10:52:41+02:00,8
clickbench_partitioned,q3,query,0.146,2026-08-11 19:03:35,branch-54,2026-05-28T10:52:41+02:00,8
clickbench_partitioned,q4,table_creation,0.052,2026-08-11 19:03:35,branch-54,2026-05-28T10:52:41+02:00,8
clickbench_partitioned,q4,query,1.022,2026-08-11 19:03:35,branch-54,2026-05-28T10:52:41+02:00,8
clickbench_partitioned,q4,query,0.91,2026-08-11 19:03:35,branch-54,2026-05-28T10:52:41+02:00,8
clickbench_partitioned,q4,query,0.929,2026-08-11 19:03:35,branch-54,2026-05-28T10:52:41+02:00,8
clickbench_partitioned,q4,query,0.926,2026-08-11 19:03:35,branch-54,2026-05-28T10:52:41+02:00,8
clickbench_partitioned,q4,query,0.966,2026-08-11 19:03:35,branch-54,2026-05-28T10:52:41+02:00,8
clickbench_partitioned,q5,table_creation,0.054,2026-08-11 19:03:35,branch-54,2026-05-28T10:52:41+02:00,8
clickbench_partitioned,q5,query,1.69,2026-08-11 19:03:35,branch-54,2026-05-28T10:52:41+02:00,8
clickbench_partitioned,q5,query,1.072,2026-08-11 19:03:35,branch-54,2026-05-28T10:52:41+02:00,8
clickbench_partitioned,q5,query,1.071,2026-08-11 19:03:35,branch-54,2026-05-28T10:52:41+02:00,8
clickbench_partitioned,q5,query,1.089,2026-08-11 19:03:35,branch-54,2026-05-28T10:52:41+02:00,8
clickbench_partitioned,q5,query,1.075,2026-08-11 19:03:35,branch-54,2026-05-28T10:52:41+02:00,8
clickbench_partitioned,q6,table_creation,0.052,2026-08-11 19:03:35,branch-54,2026-05-28T10:52:41+02:00,8
clickbench_partitioned,q6,query,0.007,2026-08-11 19:03:35,branch-54,2026-05-28T10:52:41+02:00,8
clickbench_partitioned,q6,query,0.002,2026-08-11 19:03:35,branch-54,2026-05-28T10:52:41+02:00,8
clickbench_partitioned,q6,query,0.001,2026-08-11 19:03:35,branch-54,2026-05-28T10:52:41+02:00,8
clickbench_partitioned,q6,query,0.001,2026-08-11 19:03:35,branch-54,2026-05-28T10:52:41+02:00,8
clickbench_partitioned,q6,query,0.001,2026-08-11 19:03:35,branch-54,2026-05-28T10:52:41+02:00,8
clickbench_partitioned,q7,table_creation,0.052,2026-08-11 19:03:35,branch-54,2026-05-28T10:52:41+02:00,8
clickbench_partitioned,q7,query,0.058,2026-08-11 19:03:35,branch-54,2026-05-28T10:52:41+02:00,8
clickbench_partitioned,q7,query,0.045,2026-08-11 19:03:35,branch-54,2026-05-28T10:52:41+02:00,8
clickbench_partitioned,q7,query,0.048,2026-08-11 19:03:35,branch-54,2026-05-28T10:52:41+02:00,8
clickbench_partitioned,q7,query,0.045,2026-08-11 19:03:35,branch-54,2026-05-28T10:52:41+02:00,8
clickbench_partitioned,q7,query,0.046,2026-08-11 19:03:35,branch-54,2026-05-28T10:52:41+02:00,8
clickbench_partitioned,q8,table_creation,0.052,2026-08-11 19:03:35,branch-54,2026-05-28T10:52:41+02:00,8
clickbench_partitioned,q8,query,1.329,2026-08-11 19:03:35,branch-54,2026-05-28T10:52:41+02:00,8
clickbench_partitioned,q8,query,1.312,2026-08-11 19:03:35,branch-54,2026-05-28T10:52:41+02:00,8
clickbench_partitioned,q8,query,1.31,2026-08-11 19:03:35,branch-54,2026-05-28T10:52:41+02:00,8
clickbench_partitioned,q8,query,1.315,2026-08-11 19:03:35,branch-54,2026-05-28T10:52:41+02:00,8
clickbench_partitioned,q8,query,1.319,2026-08-11 19:03:35,branch-54,2026-05-28T10:52:41+02:00,8
clickbench_partitioned,q9,table_creation,0.052,2026-08-11 19:03:35,branch-54,2026-05-28T10:52:41+02:00,8
clickbench_partitioned,q9,query,1.451,2026-08-11 19:03:35,branch-54,2026-05-28T10:52:41+02:00,8
clickbench_partitioned,q9,query,1.419,2026-08-11 19:03:35,branch-54,2026-05-28T10:52:41+02:00,8
clickbench_partitioned,q9,query,1.392,2026-08-11 19:03:35,branch-54,2026-05-28T10:52:41+02:00,8
clickbench_partitioned,q9,query,1.388,2026-08-11 19:03:35,branch-54,2026-05-28T10:52:41+02:00,8
clickbench_partitioned,q9,query,1.388,2026-08-11 19:03:35,branch-54,2026-05-28T10:52:41+02:00,8
clickbench_partitioned,q10,table_creation,0.05,2026-08-11 19:03:35,branch-54,2026-05-28T10:52:41+02:00,8
clickbench_partitioned,q10,query,0.345,2026-08-11 19:03:35,branch-54,2026-05-28T10:52:41+02:00,8
clickbench_partitioned,q10,query,0.303,2026-08-11 19:03:35,branch-54,2026-05-28T10:52:41+02:00,8
clickbench_partitioned,q10,query,0.305,2026-08-11 19:03:35,branch-54,2026-05-28T10:52:41+02:00,8
clickbench_partitioned,q10,query,0.317,2026-08-11 19:03:35,branch-54,2026-05-28T10:52:41+02:00,8
clickbench_partitioned,q10,query,0.308,2026-08-11 19:03:35,branch-54,2026-05-28T10:52:41+02:00,8
clickbench_partitioned,q11,table_creation,0.054,2026-08-11 19:03:35,branch-54,2026-05-28T10:52:41+02:00,8
clickbench_partitioned,q11,query,0.373,2026-08-11 19:03:35,branch-54,2026-05-28T10:52:41+02:00,8
clickbench_partitioned,q11,query,0.346,2026-08-11 19:03:35,branch-54,2026-05-28T10:52:41+02:00,8
clickbench_partitioned,q11,query,0.35,2026-08-11 19:03:35,branch-54,2026-05-28T10:52:41+02:00,8
clickbench_partitioned,q11,query,0.357,2026-08-11 19:03:35,branch-54,2026-05-28T10:52:41+02:00,8
clickbench_partitioned,q11,query,0.347,2026-08-11 19:03:35,branch-54,2026-05-28T10:52:41+02:00,8
clickbench_partitioned,q12,table_creation,0.053,2026-08-11 19:03:35,branch-54,2026-05-28T10:52:41+02:00,8
clickbench_partitioned,q12,query,1.019,2026-08-11 19:03:35,branch-54,2026-05-28T10:52:41+02:00,8
clickbench_partitioned,q12,query,0.989,2026-08-11 19:03:35,branch-54,2026-05-28T10:52:41+02:00,8
clickbench_partitioned,q12,query,0.987,2026-08-11 19:03:35,branch-54,2026-05-28T10:52:41+02:00,8
clickbench_partitioned,q12,query,1.002,2026-08-11 19:03:35,branch-54,2026-05-28T10:52:41+02:00,8
clickbench_partitioned,q12,query,1.008,2026-08-11 19:03:35,branch-54,2026-05-28T10:52:41+02:00,8
clickbench_partitioned,q13,table_creation,0.052,2026-08-11 19:03:35,branch-54,2026-05-28T10:52:41+02:00,8
clickbench_partitioned,q13,query,1.408,2026-08-11 19:03:35,branch-54,2026-05-28T10:52:41+02:00,8
clickbench_partitioned,q13,query,1.437,2026-08-11 19:03:35,branch-54,2026-05-28T10:52:41+02:00,8
clickbench_partitioned,q13,query,1.452,2026-08-11 19:03:35,branch-54,2026-05-28T10:52:41+02:00,8
clickbench_partitioned,q13,query,1.454,2026-08-11 19:03:35,branch-54,2026-05-28T10:52:41+02:00,8
clickbench_partitioned,q13,query,1.417,2026-08-11 19:03:35,branch-54,2026-05-28T10:52:41+02:00,8
clickbench_partitioned,q14,table_creation,0.053,2026-08-11 19:03:35,branch-54,2026-05-28T10:52:41+02:00,8
clickbench_partitioned,q14,query,1.047,2026-08-11 19:03:35,branch-54,2026-05-28T10:52:41+02:00,8
clickbench_partitioned,q14,query,1.011,2026-08-11 19:03:35,branch-54,2026-05-28T10:52:41+02:00,8
clickbench_partitioned,q14,query,1.014,2026-08-11 19:03:35,branch-54,2026-05-28T10:52:41+02:00,8
clickbench_partitioned,q14,query,1.013,2026-08-11 19:03:35,branch-54,2026-05-28T10:52:41+02:00,8
clickbench_partitioned,q14,query,1.017,2026-08-11 19:03:35,branch-54,2026-05-28T10:52:41+02:00,8
clickbench_partitioned,q15,table_creation,0.056,2026-08-11 19:03:35,branch-54,2026-05-28T10:52:41+02:00,8
clickbench_partitioned,q15,query,1.086,2026-08-11 19:03:35,branch-54,2026-05-28T10:52:41+02:00,8
clickbench_partitioned,q15,query,1.06,2026-08-11 19:03:35,branch-54,2026-05-28T10:52:41+02:00,8
clickbench_partitioned,q15,query,1.114,2026-08-11 19:03:35,branch-54,2026-05-28T10:52:41+02:00,8
clickbench_partitioned,q15,query,1.073,2026-08-11 19:03:35,branch-54,2026-05-28T10:52:41+02:00,8
clickbench_partitioned,q15,query,1.081,2026-08-11 19:03:35,branch-54,2026-05-28T10:52:41+02:00,8
clickbench_partitioned,q16,table_creation,0.053,2026-08-11 19:03:35,branch-54,2026-05-28T10:52:41+02:00,8
clickbench_partitioned,q16,query,2.293,2026-08-11 19:03:35,branch-54,2026-05-28T10:52:41+02:00,8
clickbench_partitioned,q16,query,2.329,2026-08-11 19:03:35,branch-54,2026-05-28T10:52:41+02:00,8
clickbench_partitioned,q16,query,2.312,2026-08-11 19:03:35,branch-54,2026-05-28T10:52:41+02:00,8
clickbench_partitioned,q16,query,2.332,2026-08-11 19:03:35,branch-54,2026-05-28T10:52:41+02:00,8
clickbench_partitioned,q16,query,2.318,2026-08-11 19:03:35,branch-54,2026-05-28T10:52:41+02:00,8
clickbench_partitioned,q17,table_creation,0.053,2026-08-11 19:03:35,branch-54,2026-05-28T10:52:41+02:00,8
clickbench_partitioned,q17,query,2.299,2026-08-11 19:03:35,branch-54,2026-05-28T10:52:41+02:00,8
clickbench_partitioned,q17,query,2.321,2026-08-11 19:03:35,branch-54,2026-05-28T10:52:41+02:00,8
clickbench_partitioned,q17,query,2.324,2026-08-11 19:03:35,branch-54,2026-05-28T10:52:41+02:00,8
clickbench_partitioned,q17,query,2.329,2026-08-11 19:03:35,branch-54,2026-05-28T10:52:41+02:00,8
clickbench_partitioned,q17,query,2.312,2026-08-11 19:03:35,branch-54,2026-05-28T10:52:41+02:00,8
clickbench_partitioned,q18,table_creation,0.054,2026-08-11 19:03:35,branch-54,2026-05-28T10:52:41+02:00,8
clickbench_partitioned,q18,query,4.634,2026-08-11 19:03:35,branch-54,2026-05-28T10:52:41+02:00,8
clickbench_partitioned,q18,query,4.471,2026-08-11 19:03:35,branch-54,2026-05-28T10:52:41+02:00,8
clickbench_partitioned,q18,query,4.47,2026-08-11 19:03:35,branch-54,2026-05-28T10:52:41+02:00,8
clickbench_partitioned,q18,query,4.486,2026-08-11 19:03:35,branch-54,2026-05-28T10:52:41+02:00,8
clickbench_partitioned,q18,query,4.485,2026-08-11 19:03:35,branch-54,2026-05-28T10:52:41+02:00,8
clickbench_partitioned,q19,table_creation,0.052,2026-08-11 19:03:35,branch-54,2026-05-28T10:52:41+02:00,8
clickbench_partitioned,q19,query,0.134,2026-08-11 19:03:35,branch-54,2026-05-28T10:52:41+02:00,8
clickbench_partitioned,q19,query,0.121,2026-08-11 19:03:35,branch-54,2026-05-28T10:52:41+02:00,8
clickbench_partitioned,q19,query,0.121,2026-08-11 19:03:35,branch-54,2026-05-28T10:52:41+02:00,8
clickbench_partitioned,q19,query,0.122,2026-08-11 19:03:35,branch-54,2026-05-28T10:52:41+02:00,8
clickbench_partitioned,q19,query,0.124,2026-08-11 19:03:35,branch-54,2026-05-28T10:52:41+02:00,8
clickbench_partitioned,q20,table_creation,0.052,2026-08-11 19:03:35,branch-54,2026-05-28T10:52:41+02:00,8
clickbench_partitioned,q20,query,1.713,2026-08-11 19:03:35,branch-54,2026-05-28T10:52:41+02:00,8
clickbench_partitioned,q20,query,1.705,2026-08-11 19:03:35,branch-54,2026-05-28T10:52:41+02:00,8
clickbench_partitioned,q20,query,1.957,2026-08-11 19:03:35,branch-54,2026-05-28T10:52:41+02:00,8
clickbench_partitioned,q20,query,1.906,2026-08-11 19:03:35,branch-54,2026-05-28T10:52:41+02:00,8
clickbench_partitioned,q20,query,1.821,2026-08-11 19:03:35,branch-54,2026-05-28T10:52:41+02:00,8
clickbench_partitioned,q21,table_creation,0.052,2026-08-11 19:03:35,branch-54,2026-05-28T10:52:41+02:00,8
clickbench_partitioned,q21,query,2.068,2026-08-11 19:03:35,branch-54,2026-05-28T10:52:41+02:00,8
clickbench_partitioned,q21,query,2.018,2026-08-11 19:03:35,branch-54,2026-05-28T10:52:41+02:00,8
clickbench_partitioned,q21,query,2.074,2026-08-11 19:03:35,branch-54,2026-05-28T10:52:41+02:00,8
clickbench_partitioned,q21,query,2.051,2026-08-11 19:03:35,branch-54,2026-05-28T10:52:41+02:00,8
clickbench_partitioned,q21,query,2.049,2026-08-11 19:03:35,branch-54,2026-05-28T10:52:41+02:00,8
clickbench_partitioned,q22,table_creation,0.052,2026-08-11 19:03:35,branch-54,2026-05-28T10:52:41+02:00,8
clickbench_partitioned,q22,query,8.277,2026-08-11 19:03:35,branch-54,2026-05-28T10:52:41+02:00,8
clickbench_partitioned,q22,query,3.778,2026-08-11 19:03:35,branch-54,2026-05-28T10:52:41+02:00,8
clickbench_partitioned,q22,query,3.754,2026-08-11 19:03:35,branch-54,2026-05-28T10:52:41+02:00,8
clickbench_partitioned,q22,query,3.768,2026-08-11 19:03:35,branch-54,2026-05-28T10:52:41+02:00,8
clickbench_partitioned,q22,query,3.759,2026-08-11 19:03:35,branch-54,2026-05-28T10:52:41+02:00,8
clickbench_partitioned,q23,table_creation,0.055,2026-08-11 19:03:35,branch-54,2026-05-28T10:52:41+02:00,8
clickbench_partitioned,q23,query,21.188,2026-08-11 19:03:35,branch-54,2026-05-28T10:52:41+02:00,8
clickbench_partitioned,q23,query,12.148,2026-08-11 19:03:35,branch-54,2026-05-28T10:52:41+02:00,8
clickbench_partitioned,q23,query,12.15,2026-08-11 19:03:35,branch-54,2026-05-28T10:52:41+02:00,8
clickbench_partitioned,q23,query,12.139,2026-08-11 19:03:35,branch-54,2026-05-28T10:52:41+02:00,8
clickbench_partitioned,q23,query,12.133,2026-08-11 19:03:35,branch-54,2026-05-28T10:52:41+02:00,8
clickbench_partitioned,q24,table_creation,0.049,2026-08-11 19:03:35,branch-54,2026-05-28T10:52:41+02:00,8
clickbench_partitioned,q24,query,0.141,2026-08-11 19:03:35,branch-54,2026-05-28T10:52:41+02:00,8
clickbench_partitioned,q24,query,0.119,2026-08-11 19:03:35,branch-54,2026-05-28T10:52:41+02:00,8
clickbench_partitioned,q24,query,0.124,2026-08-11 19:03:35,branch-54,2026-05-28T10:52:41+02:00,8
clickbench_partitioned,q24,query,0.122,2026-08-11 19:03:35,branch-54,2026-05-28T10:52:41+02:00,8
clickbench_partitioned,q24,query,0.122,2026-08-11 19:03:35,branch-54,2026-05-28T10:52:41+02:00,8
clickbench_partitioned,q25,table_creation,0.052,2026-08-11 19:03:35,branch-54,2026-05-28T10:52:41+02:00,8
clickbench_partitioned,q25,query,0.386,2026-08-11 19:03:35,branch-54,2026-05-28T10:52:41+02:00,8
clickbench_partitioned,q25,query,0.374,2026-08-11 19:03:35,branch-54,2026-05-28T10:52:41+02:00,8
clickbench_partitioned,q25,query,0.377,2026-08-11 19:03:35,branch-54,2026-05-28T10:52:41+02:00,8
clickbench_partitioned,q25,query,0.371,2026-08-11 19:03:35,branch-54,2026-05-28T10:52:41+02:00,8
clickbench_partitioned,q25,query,0.379,2026-08-11 19:03:35,branch-54,2026-05-28T10:52:41+02:00,8
clickbench_partitioned,q26,table_creation,0.052,2026-08-11 19:03:35,branch-54,2026-05-28T10:52:41+02:00,8
clickbench_partitioned,q26,query,0.139,2026-08-11 19:03:35,branch-54,2026-05-28T10:52:41+02:00,8
clickbench_partitioned,q26,query,0.12,2026-08-11 19:03:35,branch-54,2026-05-28T10:52:41+02:00,8
clickbench_partitioned,q26,query,0.124,2026-08-11 19:03:35,branch-54,2026-05-28T10:52:41+02:00,8
clickbench_partitioned,q26,query,0.12,2026-08-11 19:03:35,branch-54,2026-05-28T10:52:41+02:00,8
clickbench_partitioned,q26,query,0.124,2026-08-11 19:03:35,branch-54,2026-05-28T10:52:41+02:00,8
clickbench_partitioned,q27,table_creation,0.053,2026-08-11 19:03:35,branch-54,2026-05-28T10:52:41+02:00,8
clickbench_partitioned,q27,query,2.373,2026-08-11 19:03:35,branch-54,2026-05-28T10:52:41+02:00,8
clickbench_partitioned,q27,query,2.379,2026-08-11 19:03:35,branch-54,2026-05-28T10:52:41+02:00,8
clickbench_partitioned,q27,query,2.412,2026-08-11 19:03:35,branch-54,2026-05-28T10:52:41+02:00,8
clickbench_partitioned,q27,query,2.394,2026-08-11 19:03:35,branch-54,2026-05-28T10:52:41+02:00,8
clickbench_partitioned,q27,query,2.409,2026-08-11 19:03:35,branch-54,2026-05-28T10:52:41+02:00,8
clickbench_partitioned,q28,table_creation,0.051,2026-08-11 19:03:35,branch-54,2026-05-28T10:52:41+02:00,8
clickbench_partitioned,q28,query,9.123,2026-08-11 19:03:35,branch-54,2026-05-28T10:52:41+02:00,8
clickbench_partitioned,q28,query,9.094,2026-08-11 19:03:35,branch-54,2026-05-28T10:52:41+02:00,8
clickbench_partitioned,q28,query,9.159,2026-08-11 19:03:35,branch-54,2026-05-28T10:52:41+02:00,8
clickbench_partitioned,q28,query,9.186,2026-08-11 19:03:35,branch-54,2026-05-28T10:52:41+02:00,8
clickbench_partitioned,q28,query,9.176,2026-08-11 19:03:35,branch-54,2026-05-28T10:52:41+02:00,8
clickbench_partitioned,q29,table_creation,0.051,2026-08-11 19:03:35,branch-54,2026-05-28T10:52:41+02:00,8
clickbench_partitioned,q29,query,0.136,2026-08-11 19:03:35,branch-54,2026-05-28T10:52:41+02:00,8
clickbench_partitioned,q29,query,0.116,2026-08-11 19:03:35,branch-54,2026-05-28T10:52:41+02:00,8
clickbench_partitioned,q29,query,0.114,2026-08-11 19:03:35,branch-54,2026-05-28T10:52:41+02:00,8
clickbench_partitioned,q29,query,0.111,2026-08-11 19:03:35,branch-54,2026-05-28T10:52:41+02:00,8
clickbench_partitioned,q29,query,0.113,2026-08-11 19:03:35,branch-54,2026-05-28T10:52:41+02:00,8
clickbench_partitioned,q30,table_creation,0.052,2026-08-11 19:03:35,branch-54,2026-05-28T10:52:41+02:00,8
clickbench_partitioned,q30,query,1.069,2026-08-11 19:03:35,branch-54,2026-05-28T10:52:41+02:00,8
clickbench_partitioned,q30,query,1.058,2026-08-11 19:03:35,branch-54,2026-05-28T10:52:41+02:00,8
clickbench_partitioned,q30,query,1.065,2026-08-11 19:03:35,branch-54,2026-05-28T10:52:41+02:00,8
clickbench_partitioned,q30,query,1.061,2026-08-11 19:03:35,branch-54,2026-05-28T10:52:41+02:00,8
clickbench_partitioned,q30,query,1.07,2026-08-11 19:03:35,branch-54,2026-05-28T10:52:41+02:00,8
clickbench_partitioned,q31,table_creation,0.051,2026-08-11 19:03:35,branch-54,2026-05-28T10:52:41+02:00,8
clickbench_partitioned,q31,query,1.135,2026-08-11 19:03:35,branch-54,2026-05-28T10:52:41+02:00,8
clickbench_partitioned,q31,query,1.11,2026-08-11 19:03:35,branch-54,2026-05-28T10:52:41+02:00,8
clickbench_partitioned,q31,query,1.109,2026-08-11 19:03:35,branch-54,2026-05-28T10:52:41+02:00,8
clickbench_partitioned,q31,query,1.084,2026-08-11 19:03:35,branch-54,2026-05-28T10:52:41+02:00,8
clickbench_partitioned,q31,query,1.082,2026-08-11 19:03:35,branch-54,2026-05-28T10:52:41+02:00,8
clickbench_partitioned,q32,table_creation,0.049,2026-08-11 19:03:35,branch-54,2026-05-28T10:52:41+02:00,8
clickbench_partitioned,q32,query,3.425,2026-08-11 19:03:35,branch-54,2026-05-28T10:52:41+02:00,8
clickbench_partitioned,q32,query,3.418,2026-08-11 19:03:35,branch-54,2026-05-28T10:52:41+02:00,8
clickbench_partitioned,q32,query,3.404,2026-08-11 19:03:35,branch-54,2026-05-28T10:52:41+02:00,8
clickbench_partitioned,q32,query,3.423,2026-08-11 19:03:35,branch-54,2026-05-28T10:52:41+02:00,8
clickbench_partitioned,q32,query,3.392,2026-08-11 19:03:35,branch-54,2026-05-28T10:52:41+02:00,8
clickbench_partitioned,q33,table_creation,0.053,2026-08-11 19:03:35,branch-54,2026-05-28T10:52:41+02:00,8
clickbench_partitioned,q33,query,4.675,2026-08-11 19:03:35,branch-54,2026-05-28T10:52:41+02:00,8
clickbench_partitioned,q33,query,4.687,2026-08-11 19:03:35,branch-54,2026-05-28T10:52:41+02:00,8
clickbench_partitioned,q33,query,4.732,2026-08-11 19:03:35,branch-54,2026-05-28T10:52:41+02:00,8
clickbench_partitioned,q33,query,4.713,2026-08-11 19:03:35,branch-54,2026-05-28T10:52:41+02:00,8
clickbench_partitioned,q33,query,4.705,2026-08-11 19:03:35,branch-54,2026-05-28T10:52:41+02:00,8
clickbench_partitioned,q34,table_creation,0.05,2026-08-11 19:03:35,branch-54,2026-05-28T10:52:41+02:00,8
clickbench_partitioned,q34,query,4.631,2026-08-11 19:03:35,branch-54,2026-05-28T10:52:41+02:00,8
clickbench_partitioned,q34,query,4.716,2026-08-11 19:03:35,branch-54,2026-05-28T10:52:41+02:00,8
clickbench_partitioned,q34,query,4.683,2026-08-11 19:03:35,branch-54,2026-05-28T10:52:41+02:00,8
clickbench_partitioned,q34,query,4.765,2026-08-11 19:03:35,branch-54,2026-05-28T10:52:41+02:00,8
clickbench_partitioned,q34,query,4.704,2026-08-11 19:03:35,branch-54,2026-05-28T10:52:41+02:00,8
clickbench_partitioned,q35,table_creation,0.052,2026-08-11 19:03:35,branch-54,2026-05-28T10:52:41+02:00,8
clickbench_partitioned,q35,query,0.931,2026-08-11 19:03:35,branch-54,2026-05-28T10:52:41+02:00,8
clickbench_partitioned,q35,query,0.902,2026-08-11 19:03:35,branch-54,2026-05-28T10:52:41+02:00,8
clickbench_partitioned,q35,query,0.904,2026-08-11 19:03:35,branch-54,2026-05-28T10:52:41+02:00,8
clickbench_partitioned,q35,query,0.909,2026-08-11 19:03:35,branch-54,2026-05-28T10:52:41+02:00,8
clickbench_partitioned,q35,query,0.914,2026-08-11 19:03:35,branch-54,2026-05-28T10:52:41+02:00,8
clickbench_partitioned,q36,table_creation,0.051,2026-08-11 19:03:35,branch-54,2026-05-28T10:52:41+02:00,8
clickbench_partitioned,q37,table_creation,0.05,2026-08-11 19:03:35,branch-54,2026-05-28T10:52:41+02:00,8
clickbench_partitioned,q38,table_creation,0.05,2026-08-11 19:03:35,branch-54,2026-05-28T10:52:41+02:00,8
clickbench_partitioned,q39,table_creation,0.052,2026-08-11 19:03:35,branch-54,2026-05-28T10:52:41+02:00,8
clickbench_partitioned,q40,table_creation,0.054,2026-08-11 19:03:35,branch-54,2026-05-28T10:52:41+02:00,8
clickbench_partitioned,q41,table_creation,0.052,2026-08-11 19:03:35,branch-54,2026-05-28T10:52:41+02:00,8
clickbench_partitioned,q42,table_creation,0.051,2026-08-11 19:03:35,branch-54,2026-05-28T10:52:41+02:00,8
clickbench_partitioned,q0,table_creation,0.187,2026-08-11 19:09:33,54.1.0,2026-07-18T08:59:01-04:00,8
clickbench_partitioned,q0,query,0.079,2026-08-11 19:09:33,54.1.0,2026-07-18T08:59:01-04:00,8
clickbench_partitioned,q0,query,0.002,2026-08-11 19:09:33,54.1.0,2026-07-18T08:59:01-04:00,8
clickbench_partitioned,q0,query,0.001,2026-08-11 19:09:33,54.1.0,2026-07-18T08:59:01-04:00,8
clickbench_partitioned,q0,query,0.001,2026-08-11 19:09:33,54.1.0,2026-07-18T08:59:01-04:00,8
clickbench_partitioned,q0,query,0.001,2026-08-11 19:09:33,54.1.0,2026-07-18T08:59:01-04:00,8
clickbench_partitioned,q1,table_creation,0.058,2026-08-11 19:09:33,54.1.0,2026-07-18T08:59:01-04:00,8
clickbench_partitioned,q1,query,0.079,2026-08-11 19:09:33,54.1.0,2026-07-18T08:59:01-04:00,8
clickbench_partitioned,q1,query,0.046,2026-08-11 19:09:33,54.1.0,2026-07-18T08:59:01-04:00,8
clickbench_partitioned,q1,query,0.045,2026-08-11 19:09:33,54.1.0,2026-07-18T08:59:01-04:00,8
clickbench_partitioned,q1,query,0.044,2026-08-11 19:09:33,54.1.0,2026-07-18T08:59:01-04:00,8
clickbench_partitioned,q1,query,0.043,2026-08-11 19:09:33,54.1.0,2026-07-18T08:59:01-04:00,8
clickbench_partitioned,q2,table_creation,0.055,2026-08-11 19:09:33,54.1.0,2026-07-18T08:59:01-04:00,8
clickbench_partitioned,q2,query,0.157,2026-08-11 19:09:33,54.1.0,2026-07-18T08:59:01-04:00,8
clickbench_partitioned,q2,query,0.146,2026-08-11 19:09:33,54.1.0,2026-07-18T08:59:01-04:00,8
clickbench_partitioned,q2,query,0.136,2026-08-11 19:09:33,54.1.0,2026-07-18T08:59:01-04:00,8
clickbench_partitioned,q2,query,0.138,2026-08-11 19:09:33,54.1.0,2026-07-18T08:59:01-04:00,8
clickbench_partitioned,q2,query,0.139,2026-08-11 19:09:33,54.1.0,2026-07-18T08:59:01-04:00,8
clickbench_partitioned,q3,table_creation,0.056,2026-08-11 19:09:33,54.1.0,2026-07-18T08:59:01-04:00,8
clickbench_partitioned,q3,query,0.155,2026-08-11 19:09:33,54.1.0,2026-07-18T08:59:01-04:00,8
clickbench_partitioned,q3,query,0.147,2026-08-11 19:09:33,54.1.0,2026-07-18T08:59:01-04:00,8
clickbench_partitioned,q3,query,0.148,2026-08-11 19:09:33,54.1.0,2026-07-18T08:59:01-04:00,8
clickbench_partitioned,q3,query,0.142,2026-08-11 19:09:33,54.1.0,2026-07-18T08:59:01-04:00,8
clickbench_partitioned,q3,query,0.143,2026-08-11 19:09:33,54.1.0,2026-07-18T08:59:01-04:00,8
clickbench_partitioned,q4,table_creation,0.056,2026-08-11 19:09:33,54.1.0,2026-07-18T08:59:01-04:00,8
clickbench_partitioned,q4,query,0.977,2026-08-11 19:09:33,54.1.0,2026-07-18T08:59:01-04:00,8
clickbench_partitioned,q4,query,0.866,2026-08-11 19:09:33,54.1.0,2026-07-18T08:59:01-04:00,8
clickbench_partitioned,q4,query,0.903,2026-08-11 19:09:33,54.1.0,2026-07-18T08:59:01-04:00,8
clickbench_partitioned,q4,query,0.888,2026-08-11 19:09:33,54.1.0,2026-07-18T08:59:01-04:00,8
clickbench_partitioned,q4,query,0.898,2026-08-11 19:09:33,54.1.0,2026-07-18T08:59:01-04:00,8
clickbench_partitioned,q5,table_creation,0.053,2026-08-11 19:09:33,54.1.0,2026-07-18T08:59:01-04:00,8
clickbench_partitioned,q5,query,1.064,2026-08-11 19:09:33,54.1.0,2026-07-18T08:59:01-04:00,8
clickbench_partitioned,q5,query,1.028,2026-08-11 19:09:33,54.1.0,2026-07-18T08:59:01-04:00,8
clickbench_partitioned,q5,query,1.043,2026-08-11 19:09:33,54.1.0,2026-07-18T08:59:01-04:00,8
clickbench_partitioned,q5,query,1.053,2026-08-11 19:09:33,54.1.0,2026-07-18T08:59:01-04:00,8
clickbench_partitioned,q5,query,1.035,2026-08-11 19:09:33,54.1.0,2026-07-18T08:59:01-04:00,8
clickbench_partitioned,q6,table_creation,0.055,2026-08-11 19:09:33,54.1.0,2026-07-18T08:59:01-04:00,8
clickbench_partitioned,q6,query,0.007,2026-08-11 19:09:33,54.1.0,2026-07-18T08:59:01-04:00,8
clickbench_partitioned,q6,query,0.002,2026-08-11 19:09:33,54.1.0,2026-07-18T08:59:01-04:00,8
clickbench_partitioned,q6,query,0.001,2026-08-11 19:09:33,54.1.0,2026-07-18T08:59:01-04:00,8
clickbench_partitioned,q6,query,0.001,2026-08-11 19:09:33,54.1.0,2026-07-18T08:59:01-04:00,8
clickbench_partitioned,q6,query,0.001,2026-08-11 19:09:33,54.1.0,2026-07-18T08:59:01-04:00,8
clickbench_partitioned,q7,table_creation,0.055,2026-08-11 19:09:33,54.1.0,2026-07-18T08:59:01-04:00,8
clickbench_partitioned,q7,query,0.06,2026-08-11 19:09:33,54.1.0,2026-07-18T08:59:01-04:00,8
clickbench_partitioned,q7,query,0.049,2026-08-11 19:09:33,54.1.0,2026-07-18T08:59:01-04:00,8
clickbench_partitioned,q7,query,0.047,2026-08-11 19:09:33,54.1.0,2026-07-18T08:59:01-04:00,8
clickbench_partitioned,q7,query,0.051,2026-08-11 19:09:33,54.1.0,2026-07-18T08:59:01-04:00,8
clickbench_partitioned,q7,query,0.046,2026-08-11 19:09:33,54.1.0,2026-07-18T08:59:01-04:00,8
clickbench_partitioned,q8,table_creation,0.055,2026-08-11 19:09:33,54.1.0,2026-07-18T08:59:01-04:00,8
clickbench_partitioned,q8,query,1.302,2026-08-11 19:09:33,54.1.0,2026-07-18T08:59:01-04:00,8
clickbench_partitioned,q8,query,1.276,2026-08-11 19:09:33,54.1.0,2026-07-18T08:59:01-04:00,8
clickbench_partitioned,q8,query,1.277,2026-08-11 19:09:33,54.1.0,2026-07-18T08:59:01-04:00,8
clickbench_partitioned,q8,query,1.289,2026-08-11 19:09:33,54.1.0,2026-07-18T08:59:01-04:00,8
clickbench_partitioned,q8,query,1.277,2026-08-11 19:09:33,54.1.0,2026-07-18T08:59:01-04:00,8
clickbench_partitioned,q9,table_creation,0.058,2026-08-11 19:09:33,54.1.0,2026-07-18T08:59:01-04:00,8
clickbench_partitioned,q9,query,1.359,2026-08-11 19:09:33,54.1.0,2026-07-18T08:59:01-04:00,8
clickbench_partitioned,q9,query,1.358,2026-08-11 19:09:33,54.1.0,2026-07-18T08:59:01-04:00,8
clickbench_partitioned,q9,query,1.324,2026-08-11 19:09:33,54.1.0,2026-07-18T08:59:01-04:00,8
clickbench_partitioned,q9,query,1.36,2026-08-11 19:09:33,54.1.0,2026-07-18T08:59:01-04:00,8
clickbench_partitioned,q9,query,1.334,2026-08-11 19:09:33,54.1.0,2026-07-18T08:59:01-04:00,8
clickbench_partitioned,q10,table_creation,0.056,2026-08-11 19:09:33,54.1.0,2026-07-18T08:59:01-04:00,8
clickbench_partitioned,q10,query,0.308,2026-08-11 19:09:33,54.1.0,2026-07-18T08:59:01-04:00,8
clickbench_partitioned,q10,query,0.287,2026-08-11 19:09:33,54.1.0,2026-07-18T08:59:01-04:00,8
clickbench_partitioned,q10,query,0.287,2026-08-11 19:09:33,54.1.0,2026-07-18T08:59:01-04:00,8
clickbench_partitioned,q10,query,0.299,2026-08-11 19:09:33,54.1.0,2026-07-18T08:59:01-04:00,8
clickbench_partitioned,q10,query,0.299,2026-08-11 19:09:33,54.1.0,2026-07-18T08:59:01-04:00,8
clickbench_partitioned,q11,table_creation,0.057,2026-08-11 19:09:33,54.1.0,2026-07-18T08:59:01-04:00,8
clickbench_partitioned,q11,query,0.346,2026-08-11 19:09:33,54.1.0,2026-07-18T08:59:01-04:00,8
clickbench_partitioned,q11,query,0.33,2026-08-11 19:09:33,54.1.0,2026-07-18T08:59:01-04:00,8
clickbench_partitioned,q11,query,0.332,2026-08-11 19:09:33,54.1.0,2026-07-18T08:59:01-04:00,8
clickbench_partitioned,q11,query,0.336,2026-08-11 19:09:33,54.1.0,2026-07-18T08:59:01-04:00,8
clickbench_partitioned,q11,query,0.342,2026-08-11 19:09:33,54.1.0,2026-07-18T08:59:01-04:00,8
clickbench_partitioned,q12,table_creation,0.055,2026-08-11 19:09:33,54.1.0,2026-07-18T08:59:01-04:00,8
clickbench_partitioned,q12,query,0.986,2026-08-11 19:09:33,54.1.0,2026-07-18T08:59:01-04:00,8
clickbench_partitioned,q12,query,0.973,2026-08-11 19:09:33,54.1.0,2026-07-18T08:59:01-04:00,8
clickbench_partitioned,q12,query,0.962,2026-08-11 19:09:33,54.1.0,2026-07-18T08:59:01-04:00,8
clickbench_partitioned,q12,query,0.971,2026-08-11 19:09:33,54.1.0,2026-07-18T08:59:01-04:00,8
clickbench_partitioned,q12,query,0.966,2026-08-11 19:09:33,54.1.0,2026-07-18T08:59:01-04:00,8
clickbench_partitioned,q13,table_creation,0.055,2026-08-11 19:09:33,54.1.0,2026-07-18T08:59:01-04:00,8
clickbench_partitioned,q13,query,1.369,2026-08-11 19:09:33,54.1.0,2026-07-18T08:59:01-04:00,8
clickbench_partitioned,q13,query,1.37,2026-08-11 19:09:33,54.1.0,2026-07-18T08:59:01-04:00,8
clickbench_partitioned,q13,query,1.602,2026-08-11 19:09:33,54.1.0,2026-07-18T08:59:01-04:00,8
clickbench_partitioned,q13,query,1.4,2026-08-11 19:09:33,54.1.0,2026-07-18T08:59:01-04:00,8
clickbench_partitioned,q13,query,1.398,2026-08-11 19:09:33,54.1.0,2026-07-18T08:59:01-04:00,8
clickbench_partitioned,q14,table_creation,0.056,2026-08-11 19:09:33,54.1.0,2026-07-18T08:59:01-04:00,8
clickbench_partitioned,q14,query,0.993,2026-08-11 19:09:33,54.1.0,2026-07-18T08:59:01-04:00,8
clickbench_partitioned,q14,query,0.992,2026-08-11 19:09:33,54.1.0,2026-07-18T08:59:01-04:00,8
clickbench_partitioned,q14,query,0.996,2026-08-11 19:09:33,54.1.0,2026-07-18T08:59:01-04:00,8
clickbench_partitioned,q14,query,1.0,2026-08-11 19:09:33,54.1.0,2026-07-18T08:59:01-04:00,8
clickbench_partitioned,q14,query,0.98,2026-08-11 19:09:33,54.1.0,2026-07-18T08:59:01-04:00,8
clickbench_partitioned,q15,table_creation,0.056,2026-08-11 19:09:33,54.1.0,2026-07-18T08:59:01-04:00,8
clickbench_partitioned,q15,query,1.023,2026-08-11 19:09:33,54.1.0,2026-07-18T08:59:01-04:00,8
clickbench_partitioned,q15,query,1.069,2026-08-11 19:09:33,54.1.0,2026-07-18T08:59:01-04:00,8
clickbench_partitioned,q15,query,1.041,2026-08-11 19:09:33,54.1.0,2026-07-18T08:59:01-04:00,8
clickbench_partitioned,q15,query,1.056,2026-08-11 19:09:33,54.1.0,2026-07-18T08:59:01-04:00,8
clickbench_partitioned,q15,query,1.076,2026-08-11 19:09:33,54.1.0,2026-07-18T08:59:01-04:00,8
clickbench_partitioned,q16,table_creation,0.057,2026-08-11 19:09:33,54.1.0,2026-07-18T08:59:01-04:00,8
clickbench_partitioned,q16,query,2.238,2026-08-11 19:09:33,54.1.0,2026-07-18T08:59:01-04:00,8
clickbench_partitioned,q16,query,2.23,2026-08-11 19:09:33,54.1.0,2026-07-18T08:59:01-04:00,8
clickbench_partitioned,q16,query,2.265,2026-08-11 19:09:33,54.1.0,2026-07-18T08:59:01-04:00,8
clickbench_partitioned,q16,query,2.249,2026-08-11 19:09:33,54.1.0,2026-07-18T08:59:01-04:00,8
clickbench_partitioned,q16,query,2.277,2026-08-11 19:09:33,54.1.0,2026-07-18T08:59:01-04:00,8
clickbench_partitioned,q17,table_creation,0.055,2026-08-11 19:09:33,54.1.0,2026-07-18T08:59:01-04:00,8
clickbench_partitioned,q17,query,2.227,2026-08-11 19:09:33,54.1.0,2026-07-18T08:59:01-04:00,8
clickbench_partitioned,q17,query,2.255,2026-08-11 19:09:33,54.1.0,2026-07-18T08:59:01-04:00,8
clickbench_partitioned,q17,query,2.245,2026-08-11 19:09:33,54.1.0,2026-07-18T08:59:01-04:00,8
clickbench_partitioned,q17,query,2.242,2026-08-11 19:09:33,54.1.0,2026-07-18T08:59:01-04:00,8
clickbench_partitioned,q17,query,2.258,2026-08-11 19:09:33,54.1.0,2026-07-18T08:59:01-04:00,8
clickbench_partitioned,q18,table_creation,0.057,2026-08-11 19:09:33,54.1.0,2026-07-18T08:59:01-04:00,8
clickbench_partitioned,q18,query,4.321,2026-08-11 19:09:33,54.1.0,2026-07-18T08:59:01-04:00,8
clickbench_partitioned,q18,query,4.415,2026-08-11 19:09:33,54.1.0,2026-07-18T08:59:01-04:00,8
clickbench_partitioned,q18,query,4.32,2026-08-11 19:09:33,54.1.0,2026-07-18T08:59:01-04:00,8
clickbench_partitioned,q18,query,4.343,2026-08-11 19:09:33,54.1.0,2026-07-18T08:59:01-04:00,8
clickbench_partitioned,q18,query,4.343,2026-08-11 19:09:33,54.1.0,2026-07-18T08:59:01-04:00,8
clickbench_partitioned,q19,table_creation,0.057,2026-08-11 19:09:33,54.1.0,2026-07-18T08:59:01-04:00,8
clickbench_partitioned,q19,query,0.131,2026-08-11 19:09:33,54.1.0,2026-07-18T08:59:01-04:00,8
clickbench_partitioned,q19,query,0.123,2026-08-11 19:09:33,54.1.0,2026-07-18T08:59:01-04:00,8
clickbench_partitioned,q19,query,0.121,2026-08-11 19:09:33,54.1.0,2026-07-18T08:59:01-04:00,8
clickbench_partitioned,q19,query,0.122,2026-08-11 19:09:33,54.1.0,2026-07-18T08:59:01-04:00,8
clickbench_partitioned,q19,query,0.117,2026-08-11 19:09:33,54.1.0,2026-07-18T08:59:01-04:00,8
clickbench_partitioned,q20,table_creation,0.056,2026-08-11 19:09:33,54.1.0,2026-07-18T08:59:01-04:00,8
clickbench_partitioned,q20,query,1.672,2026-08-11 19:09:33,54.1.0,2026-07-18T08:59:01-04:00,8
clickbench_partitioned,q20,query,1.671,2026-08-11 19:09:33,54.1.0,2026-07-18T08:59:01-04:00,8
clickbench_partitioned,q20,query,1.669,2026-08-11 19:09:33,54.1.0,2026-07-18T08:59:01-04:00,8
clickbench_partitioned,q20,query,1.684,2026-08-11 19:09:33,54.1.0,2026-07-18T08:59:01-04:00,8
clickbench_partitioned,q20,query,1.688,2026-08-11 19:09:33,54.1.0,2026-07-18T08:59:01-04:00,8
clickbench_partitioned,q21,table_creation,0.057,2026-08-11 19:09:33,54.1.0,2026-07-18T08:59:01-04:00,8
clickbench_partitioned,q21,query,1.989,2026-08-11 19:09:33,54.1.0,2026-07-18T08:59:01-04:00,8
clickbench_partitioned,q21,query,1.991,2026-08-11 19:09:33,54.1.0,2026-07-18T08:59:01-04:00,8
clickbench_partitioned,q21,query,2.003,2026-08-11 19:09:33,54.1.0,2026-07-18T08:59:01-04:00,8
clickbench_partitioned,q21,query,1.987,2026-08-11 19:09:33,54.1.0,2026-07-18T08:59:01-04:00,8
clickbench_partitioned,q21,query,1.988,2026-08-11 19:09:33,54.1.0,2026-07-18T08:59:01-04:00,8
clickbench_partitioned,q22,table_creation,0.054,2026-08-11 19:09:33,54.1.0,2026-07-18T08:59:01-04:00,8
clickbench_partitioned,q22,query,3.696,2026-08-11 19:09:33,54.1.0,2026-07-18T08:59:01-04:00,8
clickbench_partitioned,q22,query,3.703,2026-08-11 19:09:33,54.1.0,2026-07-18T08:59:01-04:00,8
clickbench_partitioned,q22,query,3.71,2026-08-11 19:09:33,54.1.0,2026-07-18T08:59:01-04:00,8
clickbench_partitioned,q22,query,3.686,2026-08-11 19:09:33,54.1.0,2026-07-18T08:59:01-04:00,8
clickbench_partitioned,q22,query,3.689,2026-08-11 19:09:33,54.1.0,2026-07-18T08:59:01-04:00,8
clickbench_partitioned,q23,table_creation,0.054,2026-08-11 19:09:33,54.1.0,2026-07-18T08:59:01-04:00,8
clickbench_partitioned,q23,query,11.798,2026-08-11 19:09:33,54.1.0,2026-07-18T08:59:01-04:00,8
clickbench_partitioned,q23,query,11.889,2026-08-11 19:09:33,54.1.0,2026-07-18T08:59:01-04:00,8
clickbench_partitioned,q23,query,11.914,2026-08-11 19:09:33,54.1.0,2026-07-18T08:59:01-04:00,8
clickbench_partitioned,q23,query,11.938,2026-08-11 19:09:33,54.1.0,2026-07-18T08:59:01-04:00,8
clickbench_partitioned,q23,query,11.945,2026-08-11 19:09:33,54.1.0,2026-07-18T08:59:01-04:00,8
clickbench_partitioned,q24,table_creation,0.056,2026-08-11 19:09:33,54.1.0,2026-07-18T08:59:01-04:00,8
clickbench_partitioned,q24,query,0.136,2026-08-11 19:09:33,54.1.0,2026-07-18T08:59:01-04:00,8
clickbench_partitioned,q24,query,0.122,2026-08-11 19:09:33,54.1.0,2026-07-18T08:59:01-04:00,8
clickbench_partitioned,q24,query,0.118,2026-08-11 19:09:33,54.1.0,2026-07-18T08:59:01-04:00,8
clickbench_partitioned,q24,query,0.121,2026-08-11 19:09:33,54.1.0,2026-07-18T08:59:01-04:00,8
clickbench_partitioned,q24,query,0.116,2026-08-11 19:09:33,54.1.0,2026-07-18T08:59:01-04:00,8
clickbench_partitioned,q25,table_creation,0.055,2026-08-11 19:09:33,54.1.0,2026-07-18T08:59:01-04:00,8
clickbench_partitioned,q25,query,0.386,2026-08-11 19:09:33,54.1.0,2026-07-18T08:59:01-04:00,8
clickbench_partitioned,q25,query,0.373,2026-08-11 19:09:33,54.1.0,2026-07-18T08:59:01-04:00,8
clickbench_partitioned,q25,query,0.377,2026-08-11 19:09:33,54.1.0,2026-07-18T08:59:01-04:00,8
clickbench_partitioned,q25,query,0.369,2026-08-11 19:09:33,54.1.0,2026-07-18T08:59:01-04:00,8
clickbench_partitioned,q25,query,0.368,2026-08-11 19:09:33,54.1.0,2026-07-18T08:59:01-04:00,8
clickbench_partitioned,q26,table_creation,0.054,2026-08-11 19:09:33,54.1.0,2026-07-18T08:59:01-04:00,8
clickbench_partitioned,q26,query,0.134,2026-08-11 19:09:33,54.1.0,2026-07-18T08:59:01-04:00,8
clickbench_partitioned,q26,query,0.122,2026-08-11 19:09:33,54.1.0,2026-07-18T08:59:01-04:00,8
clickbench_partitioned,q26,query,0.121,2026-08-11 19:09:33,54.1.0,2026-07-18T08:59:01-04:00,8
clickbench_partitioned,q26,query,0.121,2026-08-11 19:09:33,54.1.0,2026-07-18T08:59:01-04:00,8
clickbench_partitioned,q26,query,0.118,2026-08-11 19:09:33,54.1.0,2026-07-18T08:59:01-04:00,8
clickbench_partitioned,q27,table_creation,0.06,2026-08-11 19:09:33,54.1.0,2026-07-18T08:59:01-04:00,8
clickbench_partitioned,q27,query,2.407,2026-08-11 19:09:33,54.1.0,2026-07-18T08:59:01-04:00,8
clickbench_partitioned,q27,query,2.428,2026-08-11 19:09:33,54.1.0,2026-07-18T08:59:01-04:00,8
clickbench_partitioned,q27,query,2.43,2026-08-11 19:09:33,54.1.0,2026-07-18T08:59:01-04:00,8
clickbench_partitioned,q27,query,2.411,2026-08-11 19:09:33,54.1.0,2026-07-18T08:59:01-04:00,8
clickbench_partitioned,q27,query,2.44,2026-08-11 19:09:33,54.1.0,2026-07-18T08:59:01-04:00,8
clickbench_partitioned,q28,table_creation,0.056,2026-08-11 19:09:33,54.1.0,2026-07-18T08:59:01-04:00,8
clickbench_partitioned,q28,query,9.613,2026-08-11 19:09:33,54.1.0,2026-07-18T08:59:01-04:00,8
clickbench_partitioned,q28,query,9.706,2026-08-11 19:09:33,54.1.0,2026-07-18T08:59:01-04:00,8
clickbench_partitioned,q28,query,9.708,2026-08-11 19:09:33,54.1.0,2026-07-18T08:59:01-04:00,8
clickbench_partitioned,q28,query,9.76,2026-08-11 19:09:33,54.1.0,2026-07-18T08:59:01-04:00,8
clickbench_partitioned,q28,query,9.75,2026-08-11 19:09:33,54.1.0,2026-07-18T08:59:01-04:00,8
clickbench_partitioned,q29,table_creation,0.058,2026-08-11 19:09:33,54.1.0,2026-07-18T08:59:01-04:00,8
clickbench_partitioned,q29,query,0.134,2026-08-11 19:09:33,54.1.0,2026-07-18T08:59:01-04:00,8
clickbench_partitioned,q29,query,0.114,2026-08-11 19:09:33,54.1.0,2026-07-18T08:59:01-04:00,8
clickbench_partitioned,q29,query,0.113,2026-08-11 19:09:33,54.1.0,2026-07-18T08:59:01-04:00,8
clickbench_partitioned,q29,query,0.116,2026-08-11 19:09:33,54.1.0,2026-07-18T08:59:01-04:00,8
clickbench_partitioned,q29,query,0.113,2026-08-11 19:09:33,54.1.0,2026-07-18T08:59:01-04:00,8
clickbench_partitioned,q30,table_creation,0.056,2026-08-11 19:09:33,54.1.0,2026-07-18T08:59:01-04:00,8
clickbench_partitioned,q30,query,1.07,2026-08-11 19:09:33,54.1.0,2026-07-18T08:59:01-04:00,8
clickbench_partitioned,q30,query,1.064,2026-08-11 19:09:33,54.1.0,2026-07-18T08:59:01-04:00,8
clickbench_partitioned,q30,query,1.068,2026-08-11 19:09:33,54.1.0,2026-07-18T08:59:01-04:00,8
clickbench_partitioned,q30,query,1.066,2026-08-11 19:09:33,54.1.0,2026-07-18T08:59:01-04:00,8
clickbench_partitioned,q30,query,1.071,2026-08-11 19:09:33,54.1.0,2026-07-18T08:59:01-04:00,8
clickbench_partitioned,q31,table_creation,0.059,2026-08-11 19:09:33,54.1.0,2026-07-18T08:59:01-04:00,8
clickbench_partitioned,q31,query,1.109,2026-08-11 19:09:33,54.1.0,2026-07-18T08:59:01-04:00,8
clickbench_partitioned,q31,query,1.091,2026-08-11 19:09:33,54.1.0,2026-07-18T08:59:01-04:00,8
clickbench_partitioned,q31,query,1.108,2026-08-11 19:09:33,54.1.0,2026-07-18T08:59:01-04:00,8
clickbench_partitioned,q31,query,1.1,2026-08-11 19:09:33,54.1.0,2026-07-18T08:59:01-04:00,8
clickbench_partitioned,q31,query,1.092,2026-08-11 19:09:33,54.1.0,2026-07-18T08:59:01-04:00,8
clickbench_partitioned,q32,table_creation,0.056,2026-08-11 19:09:33,54.1.0,2026-07-18T08:59:01-04:00,8
clickbench_partitioned,q32,query,3.377,2026-08-11 19:09:33,54.1.0,2026-07-18T08:59:01-04:00,8
clickbench_partitioned,q32,query,3.382,2026-08-11 19:09:33,54.1.0,2026-07-18T08:59:01-04:00,8
clickbench_partitioned,q32,query,3.407,2026-08-11 19:09:33,54.1.0,2026-07-18T08:59:01-04:00,8
clickbench_partitioned,q32,query,3.413,2026-08-11 19:09:33,54.1.0,2026-07-18T08:59:01-04:00,8
clickbench_partitioned,q32,query,3.39,2026-08-11 19:09:33,54.1.0,2026-07-18T08:59:01-04:00,8
clickbench_partitioned,q33,table_creation,0.055,2026-08-11 19:09:33,54.1.0,2026-07-18T08:59:01-04:00,8
clickbench_partitioned,q33,query,4.681,2026-08-11 19:09:33,54.1.0,2026-07-18T08:59:01-04:00,8
clickbench_partitioned,q33,query,4.72,2026-08-11 19:09:33,54.1.0,2026-07-18T08:59:01-04:00,8
clickbench_partitioned,q33,query,4.762,2026-08-11 19:09:33,54.1.0,2026-07-18T08:59:01-04:00,8
clickbench_partitioned,q33,query,4.783,2026-08-11 19:09:33,54.1.0,2026-07-18T08:59:01-04:00,8
clickbench_partitioned,q33,query,4.724,2026-08-11 19:09:33,54.1.0,2026-07-18T08:59:01-04:00,8
clickbench_partitioned,q34,table_creation,0.058,2026-08-11 19:09:33,54.1.0,2026-07-18T08:59:01-04:00,8
clickbench_partitioned,q34,query,4.678,2026-08-11 19:09:33,54.1.0,2026-07-18T08:59:01-04:00,8
clickbench_partitioned,q34,query,4.732,2026-08-11 19:09:33,54.1.0,2026-07-18T08:59:01-04:00,8
clickbench_partitioned,q34,query,4.748,2026-08-11 19:09:33,54.1.0,2026-07-18T08:59:01-04:00,8
clickbench_partitioned,q34,query,4.744,2026-08-11 19:09:33,54.1.0,2026-07-18T08:59:01-04:00,8
clickbench_partitioned,q34,query,4.73,2026-08-11 19:09:33,54.1.0,2026-07-18T08:59:01-04:00,8
clickbench_partitioned,q35,table_creation,0.055,2026-08-11 19:09:33,54.1.0,2026-07-18T08:59:01-04:00,8
clickbench_partitioned,q35,query,0.919,2026-08-11 19:09:33,54.1.0,2026-07-18T08:59:01-04:00,8
clickbench_partitioned,q35,query,0.904,2026-08-11 19:09:33,54.1.0,2026-07-18T08:59:01-04:00,8
clickbench_partitioned,q35,query,0.929,2026-08-11 19:09:33,54.1.0,2026-07-18T08:59:01-04:00,8
clickbench_partitioned,q35,query,0.947,2026-08-11 19:09:33,54.1.0,2026-07-18T08:59:01-04:00,8
clickbench_partitioned,q35,query,0.937,2026-08-11 19:09:33,54.1.0,2026-07-18T08:59:01-04:00,8
clickbench_partitioned,q36,table_creation,0.055,2026-08-11 19:09:33,54.1.0,2026-07-18T08:59:01-04:00,8
clickbench_partitioned,q37,table_creation,0.056,2026-08-11 19:09:33,54.1.0,2026-07-18T08:59:01-04:00,8
clickbench_partitioned,q38,table_creation,0.056,2026-08-11 19:09:33,54.1.0,2026-07-18T08:59:01-04:00,8
clickbench_partitioned,q39,table_creation,0.056,2026-08-11 19:09:33,54.1.0,2026-07-18T08:59:01-04:00,8
clickbench_partitioned,q40,table_creation,0.056,2026-08-11 19:09:33,54.1.0,2026-07-18T08:59:01-04:00,8
clickbench_partitioned,q41,table_creation,0.058,2026-08-11 19:09:33,54.1.0,2026-07-18T08:59:01-04:00,8
clickbench_partitioned,q42,table_creation,0.056,2026-08-11 19:09:33,54.1.0,2026-07-18T08:59:01-04:00,8
clickbench_partitioned,q0,table_creation,0.177,2026-08-11 19:15:13,53.0.0,2026-03-17T16:17:24-07:00,8
clickbench_partitioned,q0,query,0.073,2026-08-11 19:15:13,53.0.0,2026-03-17T16:17:24-07:00,8
clickbench_partitioned,q0,query,0.002,2026-08-11 19:15:13,53.0.0,2026-03-17T16:17:24-07:00,8
clickbench_partitioned,q0,query,0.002,2026-08-11 19:15:13,53.0.0,2026-03-17T16:17:24-07:00,8
clickbench_partitioned,q0,query,0.002,2026-08-11 19:15:13,53.0.0,2026-03-17T16:17:24-07:00,8
clickbench_partitioned,q0,query,0.002,2026-08-11 19:15:13,53.0.0,2026-03-17T16:17:24-07:00,8
clickbench_partitioned,q1,table_creation,0.051,2026-08-11 19:15:13,53.0.0,2026-03-17T16:17:24-07:00,8
clickbench_partitioned,q1,query,0.091,2026-08-11 19:15:13,53.0.0,2026-03-17T16:17:24-07:00,8
clickbench_partitioned,q1,query,0.051,2026-08-11 19:15:13,53.0.0,2026-03-17T16:17:24-07:00,8
clickbench_partitioned,q1,query,0.049,2026-08-11 19:15:13,53.0.0,2026-03-17T16:17:24-07:00,8
clickbench_partitioned,q1,query,0.051,2026-08-11 19:15:13,53.0.0,2026-03-17T16:17:24-07:00,8
clickbench_partitioned,q1,query,0.048,2026-08-11 19:15:13,53.0.0,2026-03-17T16:17:24-07:00,8
clickbench_partitioned,q2,table_creation,0.05,2026-08-11 19:15:13,53.0.0,2026-03-17T16:17:24-07:00,8
clickbench_partitioned,q2,query,0.171,2026-08-11 19:15:13,53.0.0,2026-03-17T16:17:24-07:00,8
clickbench_partitioned,q2,query,0.166,2026-08-11 19:15:13,53.0.0,2026-03-17T16:17:24-07:00,8
clickbench_partitioned,q2,query,0.169,2026-08-11 19:15:13,53.0.0,2026-03-17T16:17:24-07:00,8
clickbench_partitioned,q2,query,0.167,2026-08-11 19:15:13,53.0.0,2026-03-17T16:17:24-07:00,8
clickbench_partitioned,q2,query,0.169,2026-08-11 19:15:13,53.0.0,2026-03-17T16:17:24-07:00,8
clickbench_partitioned,q3,table_creation,0.051,2026-08-11 19:15:13,53.0.0,2026-03-17T16:17:24-07:00,8
clickbench_partitioned,q3,query,0.159,2026-08-11 19:15:13,53.0.0,2026-03-17T16:17:24-07:00,8
clickbench_partitioned,q3,query,0.162,2026-08-11 19:15:13,53.0.0,2026-03-17T16:17:24-07:00,8
clickbench_partitioned,q3,query,0.157,2026-08-11 19:15:13,53.0.0,2026-03-17T16:17:24-07:00,8
clickbench_partitioned,q3,query,0.157,2026-08-11 19:15:13,53.0.0,2026-03-17T16:17:24-07:00,8
clickbench_partitioned,q3,query,0.161,2026-08-11 19:15:13,53.0.0,2026-03-17T16:17:24-07:00,8
clickbench_partitioned,q4,table_creation,0.051,2026-08-11 19:15:13,53.0.0,2026-03-17T16:17:24-07:00,8
clickbench_partitioned,q4,query,1.035,2026-08-11 19:15:13,53.0.0,2026-03-17T16:17:24-07:00,8
clickbench_partitioned,q4,query,0.987,2026-08-11 19:15:13,53.0.0,2026-03-17T16:17:24-07:00,8
clickbench_partitioned,q4,query,0.988,2026-08-11 19:15:13,53.0.0,2026-03-17T16:17:24-07:00,8
clickbench_partitioned,q4,query,0.986,2026-08-11 19:15:13,53.0.0,2026-03-17T16:17:24-07:00,8
clickbench_partitioned,q4,query,0.975,2026-08-11 19:15:13,53.0.0,2026-03-17T16:17:24-07:00,8
clickbench_partitioned,q5,table_creation,0.051,2026-08-11 19:15:13,53.0.0,2026-03-17T16:17:24-07:00,8
clickbench_partitioned,q5,query,1.338,2026-08-11 19:15:13,53.0.0,2026-03-17T16:17:24-07:00,8
clickbench_partitioned,q5,query,1.253,2026-08-11 19:15:13,53.0.0,2026-03-17T16:17:24-07:00,8
clickbench_partitioned,q5,query,1.271,2026-08-11 19:15:13,53.0.0,2026-03-17T16:17:24-07:00,8
clickbench_partitioned,q5,query,1.371,2026-08-11 19:15:13,53.0.0,2026-03-17T16:17:24-07:00,8
clickbench_partitioned,q5,query,1.39,2026-08-11 19:15:13,53.0.0,2026-03-17T16:17:24-07:00,8
clickbench_partitioned,q6,table_creation,0.053,2026-08-11 19:15:13,53.0.0,2026-03-17T16:17:24-07:00,8
clickbench_partitioned,q6,query,0.005,2026-08-11 19:15:13,53.0.0,2026-03-17T16:17:24-07:00,8
clickbench_partitioned,q6,query,0.002,2026-08-11 19:15:13,53.0.0,2026-03-17T16:17:24-07:00,8
clickbench_partitioned,q6,query,0.002,2026-08-11 19:15:13,53.0.0,2026-03-17T16:17:24-07:00,8
clickbench_partitioned,q6,query,0.002,2026-08-11 19:15:13,53.0.0,2026-03-17T16:17:24-07:00,8
clickbench_partitioned,q6,query,0.002,2026-08-11 19:15:13,53.0.0,2026-03-17T16:17:24-07:00,8
clickbench_partitioned,q7,table_creation,0.051,2026-08-11 19:15:13,53.0.0,2026-03-17T16:17:24-07:00,8
clickbench_partitioned,q7,query,0.066,2026-08-11 19:15:13,53.0.0,2026-03-17T16:17:24-07:00,8
clickbench_partitioned,q7,query,0.055,2026-08-11 19:15:13,53.0.0,2026-03-17T16:17:24-07:00,8
clickbench_partitioned,q7,query,0.053,2026-08-11 19:15:13,53.0.0,2026-03-17T16:17:24-07:00,8
clickbench_partitioned,q7,query,0.053,2026-08-11 19:15:13,53.0.0,2026-03-17T16:17:24-07:00,8
clickbench_partitioned,q7,query,0.053,2026-08-11 19:15:13,53.0.0,2026-03-17T16:17:24-07:00,8
clickbench_partitioned,q8,table_creation,0.05,2026-08-11 19:15:13,53.0.0,2026-03-17T16:17:24-07:00,8
clickbench_partitioned,q8,query,1.525,2026-08-11 19:15:13,53.0.0,2026-03-17T16:17:24-07:00,8
clickbench_partitioned,q8,query,1.438,2026-08-11 19:15:13,53.0.0,2026-03-17T16:17:24-07:00,8
clickbench_partitioned,q8,query,1.38,2026-08-11 19:15:13,53.0.0,2026-03-17T16:17:24-07:00,8
clickbench_partitioned,q8,query,1.371,2026-08-11 19:15:13,53.0.0,2026-03-17T16:17:24-07:00,8
clickbench_partitioned,q8,query,1.389,2026-08-11 19:15:13,53.0.0,2026-03-17T16:17:24-07:00,8
clickbench_partitioned,q9,table_creation,0.051,2026-08-11 19:15:13,53.0.0,2026-03-17T16:17:24-07:00,8
clickbench_partitioned,q9,query,1.748,2026-08-11 19:15:13,53.0.0,2026-03-17T16:17:24-07:00,8
clickbench_partitioned,q9,query,1.775,2026-08-11 19:15:13,53.0.0,2026-03-17T16:17:24-07:00,8
clickbench_partitioned,q9,query,1.773,2026-08-11 19:15:13,53.0.0,2026-03-17T16:17:24-07:00,8
clickbench_partitioned,q9,query,1.779,2026-08-11 19:15:13,53.0.0,2026-03-17T16:17:24-07:00,8
clickbench_partitioned,q9,query,1.865,2026-08-11 19:15:13,53.0.0,2026-03-17T16:17:24-07:00,8
clickbench_partitioned,q10,table_creation,0.051,2026-08-11 19:15:13,53.0.0,2026-03-17T16:17:24-07:00,8
clickbench_partitioned,q10,query,0.348,2026-08-11 19:15:13,53.0.0,2026-03-17T16:17:24-07:00,8
clickbench_partitioned,q10,query,0.341,2026-08-11 19:15:13,53.0.0,2026-03-17T16:17:24-07:00,8
clickbench_partitioned,q10,query,0.34,2026-08-11 19:15:13,53.0.0,2026-03-17T16:17:24-07:00,8
clickbench_partitioned,q10,query,0.349,2026-08-11 19:15:13,53.0.0,2026-03-17T16:17:24-07:00,8
clickbench_partitioned,q10,query,0.33,2026-08-11 19:15:13,53.0.0,2026-03-17T16:17:24-07:00,8
clickbench_partitioned,q11,table_creation,0.051,2026-08-11 19:15:13,53.0.0,2026-03-17T16:17:24-07:00,8
clickbench_partitioned,q11,query,0.377,2026-08-11 19:15:13,53.0.0,2026-03-17T16:17:24-07:00,8
clickbench_partitioned,q11,query,0.376,2026-08-11 19:15:13,53.0.0,2026-03-17T16:17:24-07:00,8
clickbench_partitioned,q11,query,0.389,2026-08-11 19:15:13,53.0.0,2026-03-17T16:17:24-07:00,8
clickbench_partitioned,q11,query,0.377,2026-08-11 19:15:13,53.0.0,2026-03-17T16:17:24-07:00,8
clickbench_partitioned,q11,query,0.38,2026-08-11 19:15:13,53.0.0,2026-03-17T16:17:24-07:00,8
clickbench_partitioned,q12,table_creation,0.052,2026-08-11 19:15:13,53.0.0,2026-03-17T16:17:24-07:00,8
clickbench_partitioned,q12,query,1.273,2026-08-11 19:15:13,53.0.0,2026-03-17T16:17:24-07:00,8
clickbench_partitioned,q12,query,1.23,2026-08-11 19:15:13,53.0.0,2026-03-17T16:17:24-07:00,8
clickbench_partitioned,q12,query,1.21,2026-08-11 19:15:13,53.0.0,2026-03-17T16:17:24-07:00,8
clickbench_partitioned,q12,query,1.176,2026-08-11 19:15:13,53.0.0,2026-03-17T16:17:24-07:00,8
clickbench_partitioned,q12,query,1.162,2026-08-11 19:15:13,53.0.0,2026-03-17T16:17:24-07:00,8
clickbench_partitioned,q13,table_creation,0.051,2026-08-11 19:15:13,53.0.0,2026-03-17T16:17:24-07:00,8
clickbench_partitioned,q13,query,1.94,2026-08-11 19:15:13,53.0.0,2026-03-17T16:17:24-07:00,8
clickbench_partitioned,q13,query,1.815,2026-08-11 19:15:13,53.0.0,2026-03-17T16:17:24-07:00,8
clickbench_partitioned,q13,query,1.875,2026-08-11 19:15:13,53.0.0,2026-03-17T16:17:24-07:00,8
clickbench_partitioned,q13,query,1.845,2026-08-11 19:15:13,53.0.0,2026-03-17T16:17:24-07:00,8
clickbench_partitioned,q13,query,1.841,2026-08-11 19:15:13,53.0.0,2026-03-17T16:17:24-07:00,8
clickbench_partitioned,q14,table_creation,0.051,2026-08-11 19:15:13,53.0.0,2026-03-17T16:17:24-07:00,8
clickbench_partitioned,q14,query,1.254,2026-08-11 19:15:13,53.0.0,2026-03-17T16:17:24-07:00,8
clickbench_partitioned,q14,query,1.244,2026-08-11 19:15:13,53.0.0,2026-03-17T16:17:24-07:00,8
clickbench_partitioned,q14,query,1.195,2026-08-11 19:15:13,53.0.0,2026-03-17T16:17:24-07:00,8
clickbench_partitioned,q14,query,1.206,2026-08-11 19:15:13,53.0.0,2026-03-17T16:17:24-07:00,8
clickbench_partitioned,q14,query,1.2,2026-08-11 19:15:13,53.0.0,2026-03-17T16:17:24-07:00,8
clickbench_partitioned,q15,table_creation,0.05,2026-08-11 19:15:13,53.0.0,2026-03-17T16:17:24-07:00,8
clickbench_partitioned,q15,query,1.284,2026-08-11 19:15:13,53.0.0,2026-03-17T16:17:24-07:00,8
clickbench_partitioned,q15,query,1.218,2026-08-11 19:15:13,53.0.0,2026-03-17T16:17:24-07:00,8
clickbench_partitioned,q15,query,1.204,2026-08-11 19:15:13,53.0.0,2026-03-17T16:17:24-07:00,8
clickbench_partitioned,q15,query,1.149,2026-08-11 19:15:13,53.0.0,2026-03-17T16:17:24-07:00,8
clickbench_partitioned,q15,query,1.139,2026-08-11 19:15:13,53.0.0,2026-03-17T16:17:24-07:00,8
clickbench_partitioned,q16,table_creation,0.051,2026-08-11 19:15:13,53.0.0,2026-03-17T16:17:24-07:00,8
clickbench_partitioned,q16,query,2.575,2026-08-11 19:15:13,53.0.0,2026-03-17T16:17:24-07:00,8
clickbench_partitioned,q16,query,2.491,2026-08-11 19:15:13,53.0.0,2026-03-17T16:17:24-07:00,8
clickbench_partitioned,q16,query,2.478,2026-08-11 19:15:13,53.0.0,2026-03-17T16:17:24-07:00,8
clickbench_partitioned,q16,query,2.447,2026-08-11 19:15:13,53.0.0,2026-03-17T16:17:24-07:00,8
clickbench_partitioned,q16,query,2.399,2026-08-11 19:15:13,53.0.0,2026-03-17T16:17:24-07:00,8
clickbench_partitioned,q17,table_creation,0.05,2026-08-11 19:15:13,53.0.0,2026-03-17T16:17:24-07:00,8
clickbench_partitioned,q17,query,2.561,2026-08-11 19:15:13,53.0.0,2026-03-17T16:17:24-07:00,8
clickbench_partitioned,q17,query,2.532,2026-08-11 19:15:13,53.0.0,2026-03-17T16:17:24-07:00,8
clickbench_partitioned,q17,query,2.518,2026-08-11 19:15:13,53.0.0,2026-03-17T16:17:24-07:00,8
clickbench_partitioned,q17,query,2.428,2026-08-11 19:15:13,53.0.0,2026-03-17T16:17:24-07:00,8
clickbench_partitioned,q17,query,2.355,2026-08-11 19:15:13,53.0.0,2026-03-17T16:17:24-07:00,8
clickbench_partitioned,q18,table_creation,0.05,2026-08-11 19:15:13,53.0.0,2026-03-17T16:17:24-07:00,8
clickbench_partitioned,q18,query,4.906,2026-08-11 19:15:13,53.0.0,2026-03-17T16:17:24-07:00,8
clickbench_partitioned,q18,query,4.886,2026-08-11 19:15:13,53.0.0,2026-03-17T16:17:24-07:00,8
clickbench_partitioned,q18,query,4.941,2026-08-11 19:15:13,53.0.0,2026-03-17T16:17:24-07:00,8
clickbench_partitioned,q18,query,4.765,2026-08-11 19:15:13,53.0.0,2026-03-17T16:17:24-07:00,8
clickbench_partitioned,q18,query,4.762,2026-08-11 19:15:13,53.0.0,2026-03-17T16:17:24-07:00,8
clickbench_partitioned,q19,table_creation,0.049,2026-08-11 19:15:13,53.0.0,2026-03-17T16:17:24-07:00,8
clickbench_partitioned,q19,query,0.126,2026-08-11 19:15:13,53.0.0,2026-03-17T16:17:24-07:00,8
clickbench_partitioned,q19,query,0.128,2026-08-11 19:15:13,53.0.0,2026-03-17T16:17:24-07:00,8
clickbench_partitioned,q19,query,0.135,2026-08-11 19:15:13,53.0.0,2026-03-17T16:17:24-07:00,8
clickbench_partitioned,q19,query,0.137,2026-08-11 19:15:13,53.0.0,2026-03-17T16:17:24-07:00,8
clickbench_partitioned,q19,query,0.141,2026-08-11 19:15:13,53.0.0,2026-03-17T16:17:24-07:00,8
clickbench_partitioned,q20,table_creation,0.051,2026-08-11 19:15:13,53.0.0,2026-03-17T16:17:24-07:00,8
clickbench_partitioned,q20,query,1.852,2026-08-11 19:15:13,53.0.0,2026-03-17T16:17:24-07:00,8
clickbench_partitioned,q20,query,1.838,2026-08-11 19:15:13,53.0.0,2026-03-17T16:17:24-07:00,8
clickbench_partitioned,q20,query,1.863,2026-08-11 19:15:13,53.0.0,2026-03-17T16:17:24-07:00,8
clickbench_partitioned,q20,query,1.869,2026-08-11 19:15:13,53.0.0,2026-03-17T16:17:24-07:00,8
clickbench_partitioned,q20,query,1.843,2026-08-11 19:15:13,53.0.0,2026-03-17T16:17:24-07:00,8
clickbench_partitioned,q21,table_creation,0.051,2026-08-11 19:15:13,53.0.0,2026-03-17T16:17:24-07:00,8
clickbench_partitioned,q21,query,2.119,2026-08-11 19:15:13,53.0.0,2026-03-17T16:17:24-07:00,8
clickbench_partitioned,q21,query,2.128,2026-08-11 19:15:13,53.0.0,2026-03-17T16:17:24-07:00,8
clickbench_partitioned,q21,query,2.168,2026-08-11 19:15:13,53.0.0,2026-03-17T16:17:24-07:00,8
clickbench_partitioned,q21,query,2.122,2026-08-11 19:15:13,53.0.0,2026-03-17T16:17:24-07:00,8
clickbench_partitioned,q21,query,2.09,2026-08-11 19:15:13,53.0.0,2026-03-17T16:17:24-07:00,8
clickbench_partitioned,q22,table_creation,0.051,2026-08-11 19:15:13,53.0.0,2026-03-17T16:17:24-07:00,8
clickbench_partitioned,q22,query,3.669,2026-08-11 19:15:13,53.0.0,2026-03-17T16:17:24-07:00,8
clickbench_partitioned,q22,query,3.668,2026-08-11 19:15:13,53.0.0,2026-03-17T16:17:24-07:00,8
clickbench_partitioned,q22,query,3.813,2026-08-11 19:15:13,53.0.0,2026-03-17T16:17:24-07:00,8
clickbench_partitioned,q22,query,3.744,2026-08-11 19:15:13,53.0.0,2026-03-17T16:17:24-07:00,8
clickbench_partitioned,q22,query,3.648,2026-08-11 19:15:13,53.0.0,2026-03-17T16:17:24-07:00,8
clickbench_partitioned,q23,table_creation,0.05,2026-08-11 19:15:13,53.0.0,2026-03-17T16:17:24-07:00,8
clickbench_partitioned,q23,query,11.42,2026-08-11 19:15:13,53.0.0,2026-03-17T16:17:24-07:00,8
clickbench_partitioned,q23,query,11.904,2026-08-11 19:15:13,53.0.0,2026-03-17T16:17:24-07:00,8
clickbench_partitioned,q23,query,11.959,2026-08-11 19:15:13,53.0.0,2026-03-17T16:17:24-07:00,8
clickbench_partitioned,q23,query,11.898,2026-08-11 19:15:13,53.0.0,2026-03-17T16:17:24-07:00,8
clickbench_partitioned,q23,query,11.822,2026-08-11 19:15:13,53.0.0,2026-03-17T16:17:24-07:00,8
clickbench_partitioned,q24,table_creation,0.051,2026-08-11 19:15:13,53.0.0,2026-03-17T16:17:24-07:00,8
clickbench_partitioned,q24,query,0.205,2026-08-11 19:15:13,53.0.0,2026-03-17T16:17:24-07:00,8
clickbench_partitioned,q24,query,0.204,2026-08-11 19:15:13,53.0.0,2026-03-17T16:17:24-07:00,8
clickbench_partitioned,q24,query,0.203,2026-08-11 19:15:13,53.0.0,2026-03-17T16:17:24-07:00,8
clickbench_partitioned,q24,query,0.217,2026-08-11 19:15:13,53.0.0,2026-03-17T16:17:24-07:00,8
clickbench_partitioned,q24,query,0.195,2026-08-11 19:15:13,53.0.0,2026-03-17T16:17:24-07:00,8
clickbench_partitioned,q25,table_creation,0.051,2026-08-11 19:15:13,53.0.0,2026-03-17T16:17:24-07:00,8
clickbench_partitioned,q25,query,0.432,2026-08-11 19:15:13,53.0.0,2026-03-17T16:17:24-07:00,8
clickbench_partitioned,q25,query,0.443,2026-08-11 19:15:13,53.0.0,2026-03-17T16:17:24-07:00,8
clickbench_partitioned,q25,query,0.449,2026-08-11 19:15:13,53.0.0,2026-03-17T16:17:24-07:00,8
clickbench_partitioned,q25,query,0.45,2026-08-11 19:15:13,53.0.0,2026-03-17T16:17:24-07:00,8
clickbench_partitioned,q25,query,0.437,2026-08-11 19:15:13,53.0.0,2026-03-17T16:17:24-07:00,8
clickbench_partitioned,q26,table_creation,0.051,2026-08-11 19:15:13,53.0.0,2026-03-17T16:17:24-07:00,8
clickbench_partitioned,q26,query,0.21,2026-08-11 19:15:13,53.0.0,2026-03-17T16:17:24-07:00,8
clickbench_partitioned,q26,query,0.209,2026-08-11 19:15:13,53.0.0,2026-03-17T16:17:24-07:00,8
clickbench_partitioned,q26,query,0.198,2026-08-11 19:15:13,53.0.0,2026-03-17T16:17:24-07:00,8
clickbench_partitioned,q26,query,0.199,2026-08-11 19:15:13,53.0.0,2026-03-17T16:17:24-07:00,8
clickbench_partitioned,q26,query,0.206,2026-08-11 19:15:13,53.0.0,2026-03-17T16:17:24-07:00,8
clickbench_partitioned,q27,table_creation,0.052,2026-08-11 19:15:13,53.0.0,2026-03-17T16:17:24-07:00,8
clickbench_partitioned,q27,query,2.554,2026-08-11 19:15:13,53.0.0,2026-03-17T16:17:24-07:00,8
clickbench_partitioned,q27,query,2.62,2026-08-11 19:15:13,53.0.0,2026-03-17T16:17:24-07:00,8
clickbench_partitioned,q27,query,2.592,2026-08-11 19:15:13,53.0.0,2026-03-17T16:17:24-07:00,8
clickbench_partitioned,q27,query,2.621,2026-08-11 19:15:13,53.0.0,2026-03-17T16:17:24-07:00,8
clickbench_partitioned,q27,query,2.573,2026-08-11 19:15:13,53.0.0,2026-03-17T16:17:24-07:00,8
clickbench_partitioned,q28,table_creation,0.052,2026-08-11 19:15:13,53.0.0,2026-03-17T16:17:24-07:00,8
clickbench_partitioned,q28,query,23.98,2026-08-11 19:15:13,53.0.0,2026-03-17T16:17:24-07:00,8
clickbench_partitioned,q28,query,24.224,2026-08-11 19:15:13,53.0.0,2026-03-17T16:17:24-07:00,8
clickbench_partitioned,q28,query,24.063,2026-08-11 19:15:13,53.0.0,2026-03-17T16:17:24-07:00,8
clickbench_partitioned,q28,query,24.031,2026-08-11 19:15:13,53.0.0,2026-03-17T16:17:24-07:00,8
clickbench_partitioned,q28,query,23.991,2026-08-11 19:15:13,53.0.0,2026-03-17T16:17:24-07:00,8
clickbench_partitioned,q29,table_creation,0.053,2026-08-11 19:15:13,53.0.0,2026-03-17T16:17:24-07:00,8
clickbench_partitioned,q29,query,0.975,2026-08-11 19:15:13,53.0.0,2026-03-17T16:17:24-07:00,8
clickbench_partitioned,q29,query,0.978,2026-08-11 19:15:13,53.0.0,2026-03-17T16:17:24-07:00,8
clickbench_partitioned,q29,query,0.963,2026-08-11 19:15:13,53.0.0,2026-03-17T16:17:24-07:00,8
clickbench_partitioned,q29,query,0.986,2026-08-11 19:15:13,53.0.0,2026-03-17T16:17:24-07:00,8
clickbench_partitioned,q29,query,1.0,2026-08-11 19:15:13,53.0.0,2026-03-17T16:17:24-07:00,8
clickbench_partitioned,q30,table_creation,0.051,2026-08-11 19:15:13,53.0.0,2026-03-17T16:17:24-07:00,8
clickbench_partitioned,q30,query,1.242,2026-08-11 19:15:13,53.0.0,2026-03-17T16:17:24-07:00,8
clickbench_partitioned,q30,query,1.201,2026-08-11 19:15:13,53.0.0,2026-03-17T16:17:24-07:00,8
clickbench_partitioned,q30,query,1.164,2026-08-11 19:15:13,53.0.0,2026-03-17T16:17:24-07:00,8
clickbench_partitioned,q30,query,1.153,2026-08-11 19:15:13,53.0.0,2026-03-17T16:17:24-07:00,8
clickbench_partitioned,q30,query,1.156,2026-08-11 19:15:13,53.0.0,2026-03-17T16:17:24-07:00,8
clickbench_partitioned,q31,table_creation,0.05,2026-08-11 19:15:13,53.0.0,2026-03-17T16:17:24-07:00,8
clickbench_partitioned,q31,query,1.352,2026-08-11 19:15:13,53.0.0,2026-03-17T16:17:24-07:00,8
clickbench_partitioned,q31,query,1.27,2026-08-11 19:15:13,53.0.0,2026-03-17T16:17:24-07:00,8
clickbench_partitioned,q31,query,1.237,2026-08-11 19:15:13,53.0.0,2026-03-17T16:17:24-07:00,8
clickbench_partitioned,q31,query,1.243,2026-08-11 19:15:13,53.0.0,2026-03-17T16:17:24-07:00,8
clickbench_partitioned,q31,query,1.225,2026-08-11 19:15:13,53.0.0,2026-03-17T16:17:24-07:00,8
clickbench_partitioned,q32,table_creation,0.051,2026-08-11 19:15:13,53.0.0,2026-03-17T16:17:24-07:00,8
clickbench_partitioned,q32,query,3.959,2026-08-11 19:15:13,53.0.0,2026-03-17T16:17:24-07:00,8
clickbench_partitioned,q32,query,3.732,2026-08-11 19:15:13,53.0.0,2026-03-17T16:17:24-07:00,8
clickbench_partitioned,q32,query,3.803,2026-08-11 19:15:13,53.0.0,2026-03-17T16:17:24-07:00,8
clickbench_partitioned,q32,query,3.61,2026-08-11 19:15:13,53.0.0,2026-03-17T16:17:24-07:00,8
clickbench_partitioned,q32,query,3.565,2026-08-11 19:15:13,53.0.0,2026-03-17T16:17:24-07:00,8
clickbench_partitioned,q33,table_creation,0.05,2026-08-11 19:15:13,53.0.0,2026-03-17T16:17:24-07:00,8
clickbench_partitioned,q33,query,4.884,2026-08-11 19:15:13,53.0.0,2026-03-17T16:17:24-07:00,8
clickbench_partitioned,q33,query,4.873,2026-08-11 19:15:13,53.0.0,2026-03-17T16:17:24-07:00,8
clickbench_partitioned,q33,query,5.061,2026-08-11 19:15:13,53.0.0,2026-03-17T16:17:24-07:00,8
clickbench_partitioned,q33,query,5.345,2026-08-11 19:15:13,53.0.0,2026-03-17T16:17:24-07:00,8
clickbench_partitioned,q33,query,5.653,2026-08-11 19:15:13,53.0.0,2026-03-17T16:17:24-07:00,8
clickbench_partitioned,q34,table_creation,0.057,2026-08-11 19:15:13,53.0.0,2026-03-17T16:17:24-07:00,8
clickbench_partitioned,q34,query,4.921,2026-08-11 19:15:13,53.0.0,2026-03-17T16:17:24-07:00,8
clickbench_partitioned,q34,query,4.817,2026-08-11 19:15:13,53.0.0,2026-03-17T16:17:24-07:00,8
clickbench_partitioned,q34,query,5.264,2026-08-11 19:15:13,53.0.0,2026-03-17T16:17:24-07:00,8
clickbench_partitioned,q34,query,5.264,2026-08-11 19:15:13,53.0.0,2026-03-17T16:17:24-07:00,8
clickbench_partitioned,q34,query,6.126,2026-08-11 19:15:13,53.0.0,2026-03-17T16:17:24-07:00,8
clickbench_partitioned,q35,table_creation,0.214,2026-08-11 19:15:13,53.0.0,2026-03-17T16:17:24-07:00,8
clickbench_partitioned,q35,query,2.266,2026-08-11 19:15:13,53.0.0,2026-03-17T16:17:24-07:00,8
clickbench_partitioned,q35,query,1.864,2026-08-11 19:15:13,53.0.0,2026-03-17T16:17:24-07:00,8
clickbench_partitioned,q35,query,1.863,2026-08-11 19:15:13,53.0.0,2026-03-17T16:17:24-07:00,8
clickbench_partitioned,q35,query,1.878,2026-08-11 19:15:13,53.0.0,2026-03-17T16:17:24-07:00,8
clickbench_partitioned,q35,query,1.801,2026-08-11 19:15:13,53.0.0,2026-03-17T16:17:24-07:00,8
clickbench_partitioned,q36,table_creation,0.051,2026-08-11 19:15:13,53.0.0,2026-03-17T16:17:24-07:00,8
clickbench_partitioned,q36,query,0.191,2026-08-11 19:15:13,53.0.0,2026-03-17T16:17:24-07:00,8
clickbench_partitioned,q36,query,0.069,2026-08-11 19:15:13,53.0.0,2026-03-17T16:17:24-07:00,8
clickbench_partitioned,q36,query,0.076,2026-08-11 19:15:13,53.0.0,2026-03-17T16:17:24-07:00,8
clickbench_partitioned,q36,query,0.078,2026-08-11 19:15:13,53.0.0,2026-03-17T16:17:24-07:00,8
clickbench_partitioned,q36,query,0.07,2026-08-11 19:15:13,53.0.0,2026-03-17T16:17:24-07:00,8
clickbench_partitioned,q37,table_creation,0.051,2026-08-11 19:15:13,53.0.0,2026-03-17T16:17:24-07:00,8
clickbench_partitioned,q37,query,0.061,2026-08-11 19:15:13,53.0.0,2026-03-17T16:17:24-07:00,8
clickbench_partitioned,q37,query,0.043,2026-08-11 19:15:13,53.0.0,2026-03-17T16:17:24-07:00,8
clickbench_partitioned,q37,query,0.045,2026-08-11 19:15:13,53.0.0,2026-03-17T16:17:24-07:00,8
clickbench_partitioned,q37,query,0.042,2026-08-11 19:15:13,53.0.0,2026-03-17T16:17:24-07:00,8
clickbench_partitioned,q37,query,0.043,2026-08-11 19:15:13,53.0.0,2026-03-17T16:17:24-07:00,8
clickbench_partitioned,q38,table_creation,0.051,2026-08-11 19:15:13,53.0.0,2026-03-17T16:17:24-07:00,8
clickbench_partitioned,q38,query,0.063,2026-08-11 19:15:13,53.0.0,2026-03-17T16:17:24-07:00,8
clickbench_partitioned,q38,query,0.073,2026-08-11 19:15:13,53.0.0,2026-03-17T16:17:24-07:00,8
clickbench_partitioned,q38,query,0.063,2026-08-11 19:15:13,53.0.0,2026-03-17T16:17:24-07:00,8
clickbench_partitioned,q38,query,0.068,2026-08-11 19:15:13,53.0.0,2026-03-17T16:17:24-07:00,8
clickbench_partitioned,q38,query,0.067,2026-08-11 19:15:13,53.0.0,2026-03-17T16:17:24-07:00,8
clickbench_partitioned,q39,table_creation,0.05,2026-08-11 19:15:13,53.0.0,2026-03-17T16:17:24-07:00,8
clickbench_partitioned,q39,query,0.146,2026-08-11 19:15:13,53.0.0,2026-03-17T16:17:24-07:00,8
clickbench_partitioned,q39,query,0.108,2026-08-11 19:15:13,53.0.0,2026-03-17T16:17:24-07:00,8
clickbench_partitioned,q39,query,0.113,2026-08-11 19:15:13,53.0.0,2026-03-17T16:17:24-07:00,8
clickbench_partitioned,q39,query,0.119,2026-08-11 19:15:13,53.0.0,2026-03-17T16:17:24-07:00,8
clickbench_partitioned,q39,query,0.113,2026-08-11 19:15:13,53.0.0,2026-03-17T16:17:24-07:00,8
clickbench_partitioned,q40,table_creation,0.051,2026-08-11 19:15:13,53.0.0,2026-03-17T16:17:24-07:00,8
clickbench_partitioned,q40,query,0.054,2026-08-11 19:15:13,53.0.0,2026-03-17T16:17:24-07:00,8
clickbench_partitioned,q40,query,0.022,2026-08-11 19:15:13,53.0.0,2026-03-17T16:17:24-07:00,8
clickbench_partitioned,q40,query,0.022,2026-08-11 19:15:13,53.0.0,2026-03-17T16:17:24-07:00,8
clickbench_partitioned,q40,query,0.03,2026-08-11 19:15:13,53.0.0,2026-03-17T16:17:24-07:00,8
clickbench_partitioned,q40,query,0.023,2026-08-11 19:15:13,53.0.0,2026-03-17T16:17:24-07:00,8
clickbench_partitioned,q41,table_creation,0.051,2026-08-11 19:15:13,53.0.0,2026-03-17T16:17:24-07:00,8
clickbench_partitioned,q41,query,0.026,2026-08-11 19:15:13,53.0.0,2026-03-17T16:17:24-07:00,8
clickbench_partitioned,q41,query,0.02,2026-08-11 19:15:13,53.0.0,2026-03-17T16:17:24-07:00,8
clickbench_partitioned,q41,query,0.021,2026-08-11 19:15:13,53.0.0,2026-03-17T16:17:24-07:00,8
clickbench_partitioned,q41,query,0.026,2026-08-11 19:15:13,53.0.0,2026-03-17T16:17:24-07:00,8
clickbench_partitioned,q41,query,0.02,2026-08-11 19:15:13,53.0.0,2026-03-17T16:17:24-07:00,8
clickbench_partitioned,q42,table_creation,0.05,2026-08-11 19:15:13,53.0.0,2026-03-17T16:17:24-07:00,8
clickbench_partitioned,q42,query,0.028,2026-08-11 19:15:13,53.0.0,2026-03-17T16:17:24-07:00,8
clickbench_partitioned,q42,query,0.023,2026-08-11 19:15:13,53.0.0,2026-03-17T16:17:24-07:00,8
clickbench_partitioned,q42,query,0.02,2026-08-11 19:15:13,53.0.0,2026-03-17T16:17:24-07:00,8
clickbench_partitioned,q42,query,0.018,2026-08-11 19:15:13,53.0.0,2026-03-17T16:17:24-07:00,8
clickbench_partitioned,q42,query,0.019,2026-08-11 19:15:13,53.0.0,2026-03-17T16:17:24-07:00,8
clickbench_partitioned,q0,table_creation,0.201,2026-08-11 19:22:44,52.0.0,2026-01-09T18:50:30+08:00,8
clickbench_partitioned,q0,query,0.083,2026-08-11 19:22:44,52.0.0,2026-01-09T18:50:30+08:00,8
clickbench_partitioned,q0,query,0.002,2026-08-11 19:22:44,52.0.0,2026-01-09T18:50:30+08:00,8
clickbench_partitioned,q0,query,0.002,2026-08-11 19:22:44,52.0.0,2026-01-09T18:50:30+08:00,8
clickbench_partitioned,q0,query,0.001,2026-08-11 19:22:44,52.0.0,2026-01-09T18:50:30+08:00,8
clickbench_partitioned,q0,query,0.001,2026-08-11 19:22:44,52.0.0,2026-01-09T18:50:30+08:00,8
clickbench_partitioned,q1,table_creation,0.064,2026-08-11 19:22:44,52.0.0,2026-01-09T18:50:30+08:00,8
clickbench_partitioned,q1,query,0.097,2026-08-11 19:22:44,52.0.0,2026-01-09T18:50:30+08:00,8
clickbench_partitioned,q1,query,0.054,2026-08-11 19:22:44,52.0.0,2026-01-09T18:50:30+08:00,8
clickbench_partitioned,q1,query,0.056,2026-08-11 19:22:44,52.0.0,2026-01-09T18:50:30+08:00,8
clickbench_partitioned,q1,query,0.053,2026-08-11 19:22:44,52.0.0,2026-01-09T18:50:30+08:00,8
clickbench_partitioned,q1,query,0.054,2026-08-11 19:22:44,52.0.0,2026-01-09T18:50:30+08:00,8
clickbench_partitioned,q2,table_creation,0.065,2026-08-11 19:22:44,52.0.0,2026-01-09T18:50:30+08:00,8
clickbench_partitioned,q2,query,0.187,2026-08-11 19:22:44,52.0.0,2026-01-09T18:50:30+08:00,8
clickbench_partitioned,q2,query,0.149,2026-08-11 19:22:44,52.0.0,2026-01-09T18:50:30+08:00,8
clickbench_partitioned,q2,query,0.149,2026-08-11 19:22:44,52.0.0,2026-01-09T18:50:30+08:00,8
clickbench_partitioned,q2,query,0.148,2026-08-11 19:22:44,52.0.0,2026-01-09T18:50:30+08:00,8
clickbench_partitioned,q2,query,0.15,2026-08-11 19:22:44,52.0.0,2026-01-09T18:50:30+08:00,8
clickbench_partitioned,q3,table_creation,0.064,2026-08-11 19:22:44,52.0.0,2026-01-09T18:50:30+08:00,8
clickbench_partitioned,q3,query,0.274,2026-08-11 19:22:44,52.0.0,2026-01-09T18:50:30+08:00,8
clickbench_partitioned,q3,query,0.152,2026-08-11 19:22:44,52.0.0,2026-01-09T18:50:30+08:00,8
clickbench_partitioned,q3,query,0.165,2026-08-11 19:22:44,52.0.0,2026-01-09T18:50:30+08:00,8
clickbench_partitioned,q3,query,0.16,2026-08-11 19:22:44,52.0.0,2026-01-09T18:50:30+08:00,8
clickbench_partitioned,q3,query,0.17,2026-08-11 19:22:44,52.0.0,2026-01-09T18:50:30+08:00,8
clickbench_partitioned,q4,table_creation,0.064,2026-08-11 19:22:44,52.0.0,2026-01-09T18:50:30+08:00,8
clickbench_partitioned,q4,query,1.275,2026-08-11 19:22:44,52.0.0,2026-01-09T18:50:30+08:00,8
clickbench_partitioned,q4,query,1.214,2026-08-11 19:22:44,52.0.0,2026-01-09T18:50:30+08:00,8
clickbench_partitioned,q4,query,1.158,2026-08-11 19:22:44,52.0.0,2026-01-09T18:50:30+08:00,8
clickbench_partitioned,q4,query,1.106,2026-08-11 19:22:44,52.0.0,2026-01-09T18:50:30+08:00,8
clickbench_partitioned,q4,query,1.101,2026-08-11 19:22:44,52.0.0,2026-01-09T18:50:30+08:00,8
clickbench_partitioned,q5,table_creation,0.064,2026-08-11 19:22:44,52.0.0,2026-01-09T18:50:30+08:00,8
clickbench_partitioned,q5,query,1.616,2026-08-11 19:22:44,52.0.0,2026-01-09T18:50:30+08:00,8
clickbench_partitioned,q5,query,1.444,2026-08-11 19:22:44,52.0.0,2026-01-09T18:50:30+08:00,8
clickbench_partitioned,q5,query,1.411,2026-08-11 19:22:44,52.0.0,2026-01-09T18:50:30+08:00,8
clickbench_partitioned,q5,query,1.407,2026-08-11 19:22:44,52.0.0,2026-01-09T18:50:30+08:00,8
clickbench_partitioned,q5,query,1.389,2026-08-11 19:22:44,52.0.0,2026-01-09T18:50:30+08:00,8
clickbench_partitioned,q6,table_creation,0.066,2026-08-11 19:22:44,52.0.0,2026-01-09T18:50:30+08:00,8
clickbench_partitioned,q6,query,0.004,2026-08-11 19:22:44,52.0.0,2026-01-09T18:50:30+08:00,8
clickbench_partitioned,q6,query,0.002,2026-08-11 19:22:44,52.0.0,2026-01-09T18:50:30+08:00,8
clickbench_partitioned,q6,query,0.001,2026-08-11 19:22:44,52.0.0,2026-01-09T18:50:30+08:00,8
clickbench_partitioned,q6,query,0.001,2026-08-11 19:22:44,52.0.0,2026-01-09T18:50:30+08:00,8
clickbench_partitioned,q6,query,0.001,2026-08-11 19:22:44,52.0.0,2026-01-09T18:50:30+08:00,8
clickbench_partitioned,q7,table_creation,0.064,2026-08-11 19:22:44,52.0.0,2026-01-09T18:50:30+08:00,8
clickbench_partitioned,q7,query,0.061,2026-08-11 19:22:44,52.0.0,2026-01-09T18:50:30+08:00,8
clickbench_partitioned,q7,query,0.056,2026-08-11 19:22:44,52.0.0,2026-01-09T18:50:30+08:00,8
clickbench_partitioned,q7,query,0.055,2026-08-11 19:22:44,52.0.0,2026-01-09T18:50:30+08:00,8
clickbench_partitioned,q7,query,0.055,2026-08-11 19:22:44,52.0.0,2026-01-09T18:50:30+08:00,8
clickbench_partitioned,q7,query,0.057,2026-08-11 19:22:44,52.0.0,2026-01-09T18:50:30+08:00,8
clickbench_partitioned,q8,table_creation,0.063,2026-08-11 19:22:44,52.0.0,2026-01-09T18:50:30+08:00,8
clickbench_partitioned,q8,query,1.606,2026-08-11 19:22:44,52.0.0,2026-01-09T18:50:30+08:00,8
clickbench_partitioned,q8,query,1.557,2026-08-11 19:22:44,52.0.0,2026-01-09T18:50:30+08:00,8
clickbench_partitioned,q8,query,1.523,2026-08-11 19:22:44,52.0.0,2026-01-09T18:50:30+08:00,8
clickbench_partitioned,q8,query,1.489,2026-08-11 19:22:44,52.0.0,2026-01-09T18:50:30+08:00,8
clickbench_partitioned,q8,query,1.454,2026-08-11 19:22:44,52.0.0,2026-01-09T18:50:30+08:00,8
clickbench_partitioned,q9,table_creation,0.065,2026-08-11 19:22:44,52.0.0,2026-01-09T18:50:30+08:00,8
clickbench_partitioned,q9,query,2.007,2026-08-11 19:22:44,52.0.0,2026-01-09T18:50:30+08:00,8
clickbench_partitioned,q9,query,1.953,2026-08-11 19:22:44,52.0.0,2026-01-09T18:50:30+08:00,8
clickbench_partitioned,q9,query,2.015,2026-08-11 19:22:44,52.0.0,2026-01-09T18:50:30+08:00,8
clickbench_partitioned,q9,query,2.002,2026-08-11 19:22:44,52.0.0,2026-01-09T18:50:30+08:00,8
clickbench_partitioned,q9,query,2.009,2026-08-11 19:22:44,52.0.0,2026-01-09T18:50:30+08:00,8
clickbench_partitioned,q10,table_creation,0.065,2026-08-11 19:22:44,52.0.0,2026-01-09T18:50:30+08:00,8
clickbench_partitioned,q10,query,0.377,2026-08-11 19:22:44,52.0.0,2026-01-09T18:50:30+08:00,8
clickbench_partitioned,q10,query,0.358,2026-08-11 19:22:44,52.0.0,2026-01-09T18:50:30+08:00,8
clickbench_partitioned,q10,query,0.357,2026-08-11 19:22:44,52.0.0,2026-01-09T18:50:30+08:00,8
clickbench_partitioned,q10,query,0.369,2026-08-11 19:22:44,52.0.0,2026-01-09T18:50:30+08:00,8
clickbench_partitioned,q10,query,0.357,2026-08-11 19:22:44,52.0.0,2026-01-09T18:50:30+08:00,8
clickbench_partitioned,q11,table_creation,0.063,2026-08-11 19:22:44,52.0.0,2026-01-09T18:50:30+08:00,8
clickbench_partitioned,q11,query,0.422,2026-08-11 19:22:44,52.0.0,2026-01-09T18:50:30+08:00,8
clickbench_partitioned,q11,query,0.4,2026-08-11 19:22:44,52.0.0,2026-01-09T18:50:30+08:00,8
clickbench_partitioned,q11,query,0.426,2026-08-11 19:22:44,52.0.0,2026-01-09T18:50:30+08:00,8
clickbench_partitioned,q11,query,0.422,2026-08-11 19:22:44,52.0.0,2026-01-09T18:50:30+08:00,8
clickbench_partitioned,q11,query,0.403,2026-08-11 19:22:44,52.0.0,2026-01-09T18:50:30+08:00,8
clickbench_partitioned,q12,table_creation,0.066,2026-08-11 19:22:44,52.0.0,2026-01-09T18:50:30+08:00,8
clickbench_partitioned,q12,query,1.199,2026-08-11 19:22:44,52.0.0,2026-01-09T18:50:30+08:00,8
clickbench_partitioned,q12,query,1.21,2026-08-11 19:22:44,52.0.0,2026-01-09T18:50:30+08:00,8
clickbench_partitioned,q12,query,1.218,2026-08-11 19:22:44,52.0.0,2026-01-09T18:50:30+08:00,8
clickbench_partitioned,q12,query,1.235,2026-08-11 19:22:44,52.0.0,2026-01-09T18:50:30+08:00,8
clickbench_partitioned,q12,query,1.223,2026-08-11 19:22:44,52.0.0,2026-01-09T18:50:30+08:00,8
clickbench_partitioned,q13,table_creation,0.065,2026-08-11 19:22:44,52.0.0,2026-01-09T18:50:30+08:00,8
clickbench_partitioned,q13,query,1.931,2026-08-11 19:22:44,52.0.0,2026-01-09T18:50:30+08:00,8
clickbench_partitioned,q13,query,1.956,2026-08-11 19:22:44,52.0.0,2026-01-09T18:50:30+08:00,8
clickbench_partitioned,q13,query,1.981,2026-08-11 19:22:44,52.0.0,2026-01-09T18:50:30+08:00,8
clickbench_partitioned,q13,query,1.914,2026-08-11 19:22:44,52.0.0,2026-01-09T18:50:30+08:00,8
clickbench_partitioned,q13,query,1.918,2026-08-11 19:22:44,52.0.0,2026-01-09T18:50:30+08:00,8
clickbench_partitioned,q14,table_creation,0.064,2026-08-11 19:22:44,52.0.0,2026-01-09T18:50:30+08:00,8
clickbench_partitioned,q14,query,1.382,2026-08-11 19:22:44,52.0.0,2026-01-09T18:50:30+08:00,8
clickbench_partitioned,q14,query,1.353,2026-08-11 19:22:44,52.0.0,2026-01-09T18:50:30+08:00,8
clickbench_partitioned,q14,query,1.302,2026-08-11 19:22:44,52.0.0,2026-01-09T18:50:30+08:00,8
clickbench_partitioned,q14,query,1.31,2026-08-11 19:22:44,52.0.0,2026-01-09T18:50:30+08:00,8
clickbench_partitioned,q14,query,1.274,2026-08-11 19:22:44,52.0.0,2026-01-09T18:50:30+08:00,8
clickbench_partitioned,q15,table_creation,0.063,2026-08-11 19:22:44,52.0.0,2026-01-09T18:50:30+08:00,8
clickbench_partitioned,q15,query,1.398,2026-08-11 19:22:44,52.0.0,2026-01-09T18:50:30+08:00,8
clickbench_partitioned,q15,query,1.345,2026-08-11 19:22:44,52.0.0,2026-01-09T18:50:30+08:00,8
clickbench_partitioned,q15,query,1.299,2026-08-11 19:22:44,52.0.0,2026-01-09T18:50:30+08:00,8
clickbench_partitioned,q15,query,1.253,2026-08-11 19:22:44,52.0.0,2026-01-09T18:50:30+08:00,8
clickbench_partitioned,q15,query,1.246,2026-08-11 19:22:44,52.0.0,2026-01-09T18:50:30+08:00,8
clickbench_partitioned,q16,table_creation,0.065,2026-08-11 19:22:44,52.0.0,2026-01-09T18:50:30+08:00,8
clickbench_partitioned,q16,query,2.664,2026-08-11 19:22:44,52.0.0,2026-01-09T18:50:30+08:00,8
clickbench_partitioned,q16,query,2.576,2026-08-11 19:22:44,52.0.0,2026-01-09T18:50:30+08:00,8
clickbench_partitioned,q16,query,2.599,2026-08-11 19:22:44,52.0.0,2026-01-09T18:50:30+08:00,8
clickbench_partitioned,q16,query,2.58,2026-08-11 19:22:44,52.0.0,2026-01-09T18:50:30+08:00,8
clickbench_partitioned,q16,query,2.53,2026-08-11 19:22:44,52.0.0,2026-01-09T18:50:30+08:00,8
clickbench_partitioned,q17,table_creation,0.065,2026-08-11 19:22:44,52.0.0,2026-01-09T18:50:30+08:00,8
clickbench_partitioned,q17,query,2.529,2026-08-11 19:22:44,52.0.0,2026-01-09T18:50:30+08:00,8
clickbench_partitioned,q17,query,2.528,2026-08-11 19:22:44,52.0.0,2026-01-09T18:50:30+08:00,8
clickbench_partitioned,q17,query,2.566,2026-08-11 19:22:44,52.0.0,2026-01-09T18:50:30+08:00,8
clickbench_partitioned,q17,query,2.472,2026-08-11 19:22:44,52.0.0,2026-01-09T18:50:30+08:00,8
clickbench_partitioned,q17,query,2.434,2026-08-11 19:22:44,52.0.0,2026-01-09T18:50:30+08:00,8
clickbench_partitioned,q18,table_creation,0.064,2026-08-11 19:22:44,52.0.0,2026-01-09T18:50:30+08:00,8
clickbench_partitioned,q18,query,5.103,2026-08-11 19:22:44,52.0.0,2026-01-09T18:50:30+08:00,8
clickbench_partitioned,q18,query,5.069,2026-08-11 19:22:44,52.0.0,2026-01-09T18:50:30+08:00,8
clickbench_partitioned,q18,query,4.999,2026-08-11 19:22:44,52.0.0,2026-01-09T18:50:30+08:00,8
clickbench_partitioned,q18,query,4.851,2026-08-11 19:22:44,52.0.0,2026-01-09T18:50:30+08:00,8
clickbench_partitioned,q18,query,4.736,2026-08-11 19:22:44,52.0.0,2026-01-09T18:50:30+08:00,8
clickbench_partitioned,q19,table_creation,0.065,2026-08-11 19:22:44,52.0.0,2026-01-09T18:50:30+08:00,8
clickbench_partitioned,q19,query,0.137,2026-08-11 19:22:44,52.0.0,2026-01-09T18:50:30+08:00,8
clickbench_partitioned,q19,query,0.131,2026-08-11 19:22:44,52.0.0,2026-01-09T18:50:30+08:00,8
clickbench_partitioned,q19,query,0.134,2026-08-11 19:22:44,52.0.0,2026-01-09T18:50:30+08:00,8
clickbench_partitioned,q19,query,0.135,2026-08-11 19:22:44,52.0.0,2026-01-09T18:50:30+08:00,8
clickbench_partitioned,q19,query,0.142,2026-08-11 19:22:44,52.0.0,2026-01-09T18:50:30+08:00,8
clickbench_partitioned,q20,table_creation,0.065,2026-08-11 19:22:44,52.0.0,2026-01-09T18:50:30+08:00,8
clickbench_partitioned,q20,query,7.878,2026-08-11 19:22:44,52.0.0,2026-01-09T18:50:30+08:00,8
clickbench_partitioned,q20,query,1.795,2026-08-11 19:22:44,52.0.0,2026-01-09T18:50:30+08:00,8
clickbench_partitioned,q20,query,1.773,2026-08-11 19:22:44,52.0.0,2026-01-09T18:50:30+08:00,8
clickbench_partitioned,q20,query,1.787,2026-08-11 19:22:44,52.0.0,2026-01-09T18:50:30+08:00,8
clickbench_partitioned,q20,query,1.742,2026-08-11 19:22:44,52.0.0,2026-01-09T18:50:30+08:00,8
clickbench_partitioned,q21,table_creation,0.063,2026-08-11 19:22:44,52.0.0,2026-01-09T18:50:30+08:00,8
clickbench_partitioned,q21,query,2.067,2026-08-11 19:22:44,52.0.0,2026-01-09T18:50:30+08:00,8
clickbench_partitioned,q21,query,2.053,2026-08-11 19:22:44,52.0.0,2026-01-09T18:50:30+08:00,8
clickbench_partitioned,q21,query,2.087,2026-08-11 19:22:44,52.0.0,2026-01-09T18:50:30+08:00,8
clickbench_partitioned,q21,query,2.081,2026-08-11 19:22:44,52.0.0,2026-01-09T18:50:30+08:00,8
clickbench_partitioned,q21,query,2.038,2026-08-11 19:22:44,52.0.0,2026-01-09T18:50:30+08:00,8
clickbench_partitioned,q22,table_creation,0.064,2026-08-11 19:22:44,52.0.0,2026-01-09T18:50:30+08:00,8
clickbench_partitioned,q22,query,3.874,2026-08-11 19:22:44,52.0.0,2026-01-09T18:50:30+08:00,8
clickbench_partitioned,q22,query,3.515,2026-08-11 19:22:44,52.0.0,2026-01-09T18:50:30+08:00,8
clickbench_partitioned,q22,query,3.654,2026-08-11 19:22:44,52.0.0,2026-01-09T18:50:30+08:00,8
clickbench_partitioned,q22,query,7.249,2026-08-11 19:22:44,52.0.0,2026-01-09T18:50:30+08:00,8
clickbench_partitioned,q22,query,3.441,2026-08-11 19:22:44,52.0.0,2026-01-09T18:50:30+08:00,8
clickbench_partitioned,q23,table_creation,0.065,2026-08-11 19:22:44,52.0.0,2026-01-09T18:50:30+08:00,8
clickbench_partitioned,q23,query,19.111,2026-08-11 19:22:44,52.0.0,2026-01-09T18:50:30+08:00,8
clickbench_partitioned,q23,query,12.152,2026-08-11 19:22:44,52.0.0,2026-01-09T18:50:30+08:00,8
clickbench_partitioned,q23,query,12.361,2026-08-11 19:22:44,52.0.0,2026-01-09T18:50:30+08:00,8
clickbench_partitioned,q23,query,12.335,2026-08-11 19:22:44,52.0.0,2026-01-09T18:50:30+08:00,8
clickbench_partitioned,q23,query,12.321,2026-08-11 19:22:44,52.0.0,2026-01-09T18:50:30+08:00,8
clickbench_partitioned,q24,table_creation,0.064,2026-08-11 19:22:44,52.0.0,2026-01-09T18:50:30+08:00,8
clickbench_partitioned,q24,query,0.206,2026-08-11 19:22:44,52.0.0,2026-01-09T18:50:30+08:00,8
clickbench_partitioned,q24,query,0.208,2026-08-11 19:22:44,52.0.0,2026-01-09T18:50:30+08:00,8
clickbench_partitioned,q24,query,0.208,2026-08-11 19:22:44,52.0.0,2026-01-09T18:50:30+08:00,8
clickbench_partitioned,q24,query,0.211,2026-08-11 19:22:44,52.0.0,2026-01-09T18:50:30+08:00,8
clickbench_partitioned,q24,query,0.209,2026-08-11 19:22:44,52.0.0,2026-01-09T18:50:30+08:00,8
clickbench_partitioned,q25,table_creation,0.066,2026-08-11 19:22:44,52.0.0,2026-01-09T18:50:30+08:00,8
clickbench_partitioned,q25,query,0.428,2026-08-11 19:22:44,52.0.0,2026-01-09T18:50:30+08:00,8
clickbench_partitioned,q25,query,0.439,2026-08-11 19:22:44,52.0.0,2026-01-09T18:50:30+08:00,8
clickbench_partitioned,q25,query,0.461,2026-08-11 19:22:44,52.0.0,2026-01-09T18:50:30+08:00,8
clickbench_partitioned,q25,query,0.448,2026-08-11 19:22:44,52.0.0,2026-01-09T18:50:30+08:00,8
clickbench_partitioned,q25,query,0.438,2026-08-11 19:22:44,52.0.0,2026-01-09T18:50:30+08:00,8
clickbench_partitioned,q26,table_creation,0.064,2026-08-11 19:22:44,52.0.0,2026-01-09T18:50:30+08:00,8
clickbench_partitioned,q26,query,0.22,2026-08-11 19:22:44,52.0.0,2026-01-09T18:50:30+08:00,8
clickbench_partitioned,q26,query,0.217,2026-08-11 19:22:44,52.0.0,2026-01-09T18:50:30+08:00,8
clickbench_partitioned,q26,query,0.211,2026-08-11 19:22:44,52.0.0,2026-01-09T18:50:30+08:00,8
clickbench_partitioned,q26,query,0.219,2026-08-11 19:22:44,52.0.0,2026-01-09T18:50:30+08:00,8
clickbench_partitioned,q26,query,0.213,2026-08-11 19:22:44,52.0.0,2026-01-09T18:50:30+08:00,8
clickbench_partitioned,q27,table_creation,0.065,2026-08-11 19:22:44,52.0.0,2026-01-09T18:50:30+08:00,8
clickbench_partitioned,q27,query,2.607,2026-08-11 19:22:44,52.0.0,2026-01-09T18:50:30+08:00,8
clickbench_partitioned,q27,query,2.596,2026-08-11 19:22:44,52.0.0,2026-01-09T18:50:30+08:00,8
clickbench_partitioned,q27,query,2.622,2026-08-11 19:22:44,52.0.0,2026-01-09T18:50:30+08:00,8
clickbench_partitioned,q27,query,2.604,2026-08-11 19:22:44,52.0.0,2026-01-09T18:50:30+08:00,8
clickbench_partitioned,q27,query,2.592,2026-08-11 19:22:44,52.0.0,2026-01-09T18:50:30+08:00,8
clickbench_partitioned,q28,table_creation,0.065,2026-08-11 19:22:44,52.0.0,2026-01-09T18:50:30+08:00,8
clickbench_partitioned,q28,query,24.134,2026-08-11 19:22:44,52.0.0,2026-01-09T18:50:30+08:00,8
clickbench_partitioned,q28,query,24.264,2026-08-11 19:22:44,52.0.0,2026-01-09T18:50:30+08:00,8
clickbench_partitioned,q28,query,24.339,2026-08-11 19:22:44,52.0.0,2026-01-09T18:50:30+08:00,8
clickbench_partitioned,q28,query,24.271,2026-08-11 19:22:44,52.0.0,2026-01-09T18:50:30+08:00,8
clickbench_partitioned,q28,query,24.269,2026-08-11 19:22:44,52.0.0,2026-01-09T18:50:30+08:00,8
clickbench_partitioned,q29,table_creation,0.065,2026-08-11 19:22:44,52.0.0,2026-01-09T18:50:30+08:00,8
clickbench_partitioned,q29,query,0.97,2026-08-11 19:22:44,52.0.0,2026-01-09T18:50:30+08:00,8
clickbench_partitioned,q29,query,0.958,2026-08-11 19:22:44,52.0.0,2026-01-09T18:50:30+08:00,8
clickbench_partitioned,q29,query,0.975,2026-08-11 19:22:44,52.0.0,2026-01-09T18:50:30+08:00,8
clickbench_partitioned,q29,query,0.965,2026-08-11 19:22:44,52.0.0,2026-01-09T18:50:30+08:00,8
clickbench_partitioned,q29,query,0.961,2026-08-11 19:22:44,52.0.0,2026-01-09T18:50:30+08:00,8
clickbench_partitioned,q30,table_creation,0.063,2026-08-11 19:22:44,52.0.0,2026-01-09T18:50:30+08:00,8
clickbench_partitioned,q30,query,1.4,2026-08-11 19:22:44,52.0.0,2026-01-09T18:50:30+08:00,8
clickbench_partitioned,q30,query,1.296,2026-08-11 19:22:44,52.0.0,2026-01-09T18:50:30+08:00,8
clickbench_partitioned,q30,query,1.274,2026-08-11 19:22:44,52.0.0,2026-01-09T18:50:30+08:00,8
clickbench_partitioned,q30,query,1.248,2026-08-11 19:22:44,52.0.0,2026-01-09T18:50:30+08:00,8
clickbench_partitioned,q30,query,1.248,2026-08-11 19:22:44,52.0.0,2026-01-09T18:50:30+08:00,8
clickbench_partitioned,q31,table_creation,0.068,2026-08-11 19:22:44,52.0.0,2026-01-09T18:50:30+08:00,8
clickbench_partitioned,q31,query,1.433,2026-08-11 19:22:44,52.0.0,2026-01-09T18:50:30+08:00,8
clickbench_partitioned,q31,query,1.364,2026-08-11 19:22:44,52.0.0,2026-01-09T18:50:30+08:00,8
clickbench_partitioned,q31,query,1.345,2026-08-11 19:22:44,52.0.0,2026-01-09T18:50:30+08:00,8
clickbench_partitioned,q31,query,1.314,2026-08-11 19:22:44,52.0.0,2026-01-09T18:50:30+08:00,8
clickbench_partitioned,q31,query,1.388,2026-08-11 19:22:44,52.0.0,2026-01-09T18:50:30+08:00,8
clickbench_partitioned,q32,table_creation,0.063,2026-08-11 19:22:44,52.0.0,2026-01-09T18:50:30+08:00,8
clickbench_partitioned,q32,query,4.742,2026-08-11 19:22:44,52.0.0,2026-01-09T18:50:30+08:00,8
clickbench_partitioned,q32,query,4.654,2026-08-11 19:22:44,52.0.0,2026-01-09T18:50:30+08:00,8
clickbench_partitioned,q32,query,4.893,2026-08-11 19:22:44,52.0.0,2026-01-09T18:50:30+08:00,8
clickbench_partitioned,q32,query,4.275,2026-08-11 19:22:44,52.0.0,2026-01-09T18:50:30+08:00,8
clickbench_partitioned,q32,query,4.23,2026-08-11 19:22:44,52.0.0,2026-01-09T18:50:30+08:00,8
clickbench_partitioned,q33,table_creation,0.064,2026-08-11 19:22:44,52.0.0,2026-01-09T18:50:30+08:00,8
clickbench_partitioned,q33,query,5.057,2026-08-11 19:22:44,52.0.0,2026-01-09T18:50:30+08:00,8
clickbench_partitioned,q33,query,4.995,2026-08-11 19:22:44,52.0.0,2026-01-09T18:50:30+08:00,8
clickbench_partitioned,q33,query,5.135,2026-08-11 19:22:44,52.0.0,2026-01-09T18:50:30+08:00,8
clickbench_partitioned,q33,query,5.357,2026-08-11 19:22:44,52.0.0,2026-01-09T18:50:30+08:00,8
clickbench_partitioned,q33,query,5.939,2026-08-11 19:22:44,52.0.0,2026-01-09T18:50:30+08:00,8
clickbench_partitioned,q34,table_creation,0.067,2026-08-11 19:22:44,52.0.0,2026-01-09T18:50:30+08:00,8
clickbench_partitioned,q34,query,5.213,2026-08-11 19:22:44,52.0.0,2026-01-09T18:50:30+08:00,8
clickbench_partitioned,q34,query,4.958,2026-08-11 19:22:44,52.0.0,2026-01-09T18:50:30+08:00,8
clickbench_partitioned,q34,query,5.305,2026-08-11 19:22:44,52.0.0,2026-01-09T18:50:30+08:00,8
clickbench_partitioned,q34,query,6.018,2026-08-11 19:22:44,52.0.0,2026-01-09T18:50:30+08:00,8
clickbench_partitioned,q34,query,5.758,2026-08-11 19:22:44,52.0.0,2026-01-09T18:50:30+08:00,8
clickbench_partitioned,q35,table_creation,0.142,2026-08-11 19:22:44,52.0.0,2026-01-09T18:50:30+08:00,8
clickbench_partitioned,q35,query,2.219,2026-08-11 19:22:44,52.0.0,2026-01-09T18:50:30+08:00,8
clickbench_partitioned,q35,query,1.993,2026-08-11 19:22:44,52.0.0,2026-01-09T18:50:30+08:00,8
clickbench_partitioned,q35,query,1.996,2026-08-11 19:22:44,52.0.0,2026-01-09T18:50:30+08:00,8
clickbench_partitioned,q35,query,1.978,2026-08-11 19:22:44,52.0.0,2026-01-09T18:50:30+08:00,8
clickbench_partitioned,q35,query,1.915,2026-08-11 19:22:44,52.0.0,2026-01-09T18:50:30+08:00,8
clickbench_partitioned,q36,table_creation,0.066,2026-08-11 19:22:44,52.0.0,2026-01-09T18:50:30+08:00,8
clickbench_partitioned,q36,query,0.076,2026-08-11 19:22:44,52.0.0,2026-01-09T18:50:30+08:00,8
clickbench_partitioned,q36,query,0.069,2026-08-11 19:22:44,52.0.0,2026-01-09T18:50:30+08:00,8
clickbench_partitioned,q36,query,0.068,2026-08-11 19:22:44,52.0.0,2026-01-09T18:50:30+08:00,8
clickbench_partitioned,q36,query,0.069,2026-08-11 19:22:44,52.0.0,2026-01-09T18:50:30+08:00,8
clickbench_partitioned,q36,query,0.073,2026-08-11 19:22:44,52.0.0,2026-01-09T18:50:30+08:00,8
clickbench_partitioned,q37,table_creation,0.064,2026-08-11 19:22:44,52.0.0,2026-01-09T18:50:30+08:00,8
clickbench_partitioned,q37,query,0.073,2026-08-11 19:22:44,52.0.0,2026-01-09T18:50:30+08:00,8
clickbench_partitioned,q37,query,0.04,2026-08-11 19:22:44,52.0.0,2026-01-09T18:50:30+08:00,8
clickbench_partitioned,q37,query,0.048,2026-08-11 19:22:44,52.0.0,2026-01-09T18:50:30+08:00,8
clickbench_partitioned,q37,query,0.042,2026-08-11 19:22:44,52.0.0,2026-01-09T18:50:30+08:00,8
clickbench_partitioned,q37,query,0.046,2026-08-11 19:22:44,52.0.0,2026-01-09T18:50:30+08:00,8
clickbench_partitioned,q38,table_creation,0.065,2026-08-11 19:22:44,52.0.0,2026-01-09T18:50:30+08:00,8
clickbench_partitioned,q38,query,0.072,2026-08-11 19:22:44,52.0.0,2026-01-09T18:50:30+08:00,8
clickbench_partitioned,q38,query,0.076,2026-08-11 19:22:44,52.0.0,2026-01-09T18:50:30+08:00,8
clickbench_partitioned,q38,query,0.065,2026-08-11 19:22:44,52.0.0,2026-01-09T18:50:30+08:00,8
clickbench_partitioned,q38,query,0.067,2026-08-11 19:22:44,52.0.0,2026-01-09T18:50:30+08:00,8
clickbench_partitioned,q38,query,0.069,2026-08-11 19:22:44,52.0.0,2026-01-09T18:50:30+08:00,8
clickbench_partitioned,q39,table_creation,0.064,2026-08-11 19:22:44,52.0.0,2026-01-09T18:50:30+08:00,8
clickbench_partitioned,q39,query,0.156,2026-08-11 19:22:44,52.0.0,2026-01-09T18:50:30+08:00,8
clickbench_partitioned,q39,query,0.113,2026-08-11 19:22:44,52.0.0,2026-01-09T18:50:30+08:00,8
clickbench_partitioned,q39,query,0.107,2026-08-11 19:22:44,52.0.0,2026-01-09T18:50:30+08:00,8
clickbench_partitioned,q39,query,0.112,2026-08-11 19:22:44,52.0.0,2026-01-09T18:50:30+08:00,8
clickbench_partitioned,q39,query,0.111,2026-08-11 19:22:44,52.0.0,2026-01-09T18:50:30+08:00,8
clickbench_partitioned,q40,table_creation,0.066,2026-08-11 19:22:44,52.0.0,2026-01-09T18:50:30+08:00,8
clickbench_partitioned,q40,query,0.048,2026-08-11 19:22:44,52.0.0,2026-01-09T18:50:30+08:00,8
clickbench_partitioned,q40,query,0.024,2026-08-11 19:22:44,52.0.0,2026-01-09T18:50:30+08:00,8
clickbench_partitioned,q40,query,0.026,2026-08-11 19:22:44,52.0.0,2026-01-09T18:50:30+08:00,8
clickbench_partitioned,q40,query,0.026,2026-08-11 19:22:44,52.0.0,2026-01-09T18:50:30+08:00,8
clickbench_partitioned,q40,query,0.024,2026-08-11 19:22:44,52.0.0,2026-01-09T18:50:30+08:00,8
clickbench_partitioned,q41,table_creation,0.063,2026-08-11 19:22:44,52.0.0,2026-01-09T18:50:30+08:00,8
clickbench_partitioned,q41,query,0.036,2026-08-11 19:22:44,52.0.0,2026-01-09T18:50:30+08:00,8
clickbench_partitioned,q41,query,0.022,2026-08-11 19:22:44,52.0.0,2026-01-09T18:50:30+08:00,8
clickbench_partitioned,q41,query,0.022,2026-08-11 19:22:44,52.0.0,2026-01-09T18:50:30+08:00,8
clickbench_partitioned,q41,query,0.022,2026-08-11 19:22:44,52.0.0,2026-01-09T18:50:30+08:00,8
clickbench_partitioned,q41,query,0.027,2026-08-11 19:22:44,52.0.0,2026-01-09T18:50:30+08:00,8
clickbench_partitioned,q42,table_creation,0.064,2026-08-11 19:22:44,52.0.0,2026-01-09T18:50:30+08:00,8
clickbench_partitioned,q42,query,0.035,2026-08-11 19:22:44,52.0.0,2026-01-09T18:50:30+08:00,8
clickbench_partitioned,q42,query,0.023,2026-08-11 19:22:44,52.0.0,2026-01-09T18:50:30+08:00,8
clickbench_partitioned,q42,query,0.019,2026-08-11 19:22:44,52.0.0,2026-01-09T18:50:30+08:00,8
clickbench_partitioned,q42,query,0.019,2026-08-11 19:22:44,52.0.0,2026-01-09T18:50:30+08:00,8
clickbench_partitioned,q42,query,0.019,2026-08-11 19:22:44,52.0.0,2026-01-09T18:50:30+08:00,8
