benchmark_name,query_name,query_type,execution_time,run_timestamp,git_revision,git_revision_timestamp,num_cores
clickbench_partitioned,q0,table_creation,0.049,2026-08-11 21:14:57,50.0.0,2025-09-13T16:17:34+08:00,8
clickbench_partitioned,q0,query,0.032,2026-08-11 21:14:57,50.0.0,2025-09-13T16:17:34+08:00,8
clickbench_partitioned,q0,query,0.003,2026-08-11 21:14:57,50.0.0,2025-09-13T16:17:34+08:00,8
clickbench_partitioned,q0,query,0.003,2026-08-11 21:14:57,50.0.0,2025-09-13T16:17:34+08:00,8
clickbench_partitioned,q0,query,0.002,2026-08-11 21:14:57,50.0.0,2025-09-13T16:17:34+08:00,8
clickbench_partitioned,q0,query,0.002,2026-08-11 21:14:57,50.0.0,2025-09-13T16:17:34+08:00,8
clickbench_partitioned,q1,table_creation,0.047,2026-08-11 21:14:57,50.0.0,2025-09-13T16:17:34+08:00,8
clickbench_partitioned,q1,query,0.149,2026-08-11 21:14:57,50.0.0,2025-09-13T16:17:34+08:00,8
clickbench_partitioned,q1,query,0.058,2026-08-11 21:14:57,50.0.0,2025-09-13T16:17:34+08:00,8
clickbench_partitioned,q1,query,0.052,2026-08-11 21:14:57,50.0.0,2025-09-13T16:17:34+08:00,8
clickbench_partitioned,q1,query,0.052,2026-08-11 21:14:57,50.0.0,2025-09-13T16:17:34+08:00,8
clickbench_partitioned,q1,query,0.051,2026-08-11 21:14:57,50.0.0,2025-09-13T16:17:34+08:00,8
clickbench_partitioned,q2,table_creation,0.048,2026-08-11 21:14:57,50.0.0,2025-09-13T16:17:34+08:00,8
clickbench_partitioned,q2,query,0.355,2026-08-11 21:14:57,50.0.0,2025-09-13T16:17:34+08:00,8
clickbench_partitioned,q2,query,0.135,2026-08-11 21:14:57,50.0.0,2025-09-13T16:17:34+08:00,8
clickbench_partitioned,q2,query,0.142,2026-08-11 21:14:57,50.0.0,2025-09-13T16:17:34+08:00,8
clickbench_partitioned,q2,query,0.132,2026-08-11 21:14:57,50.0.0,2025-09-13T16:17:34+08:00,8
clickbench_partitioned,q2,query,0.137,2026-08-11 21:14:57,50.0.0,2025-09-13T16:17:34+08:00,8
clickbench_partitioned,q3,table_creation,0.047,2026-08-11 21:14:57,50.0.0,2025-09-13T16:17:34+08:00,8
clickbench_partitioned,q3,query,1.153,2026-08-11 21:14:57,50.0.0,2025-09-13T16:17:34+08:00,8
clickbench_partitioned,q3,query,0.167,2026-08-11 21:14:57,50.0.0,2025-09-13T16:17:34+08:00,8
clickbench_partitioned,q3,query,0.159,2026-08-11 21:14:57,50.0.0,2025-09-13T16:17:34+08:00,8
clickbench_partitioned,q3,query,0.156,2026-08-11 21:14:57,50.0.0,2025-09-13T16:17:34+08:00,8
clickbench_partitioned,q3,query,0.161,2026-08-11 21:14:57,50.0.0,2025-09-13T16:17:34+08:00,8
clickbench_partitioned,q4,table_creation,0.048,2026-08-11 21:14:57,50.0.0,2025-09-13T16:17:34+08:00,8
clickbench_partitioned,q4,query,1.287,2026-08-11 21:14:57,50.0.0,2025-09-13T16:17:34+08:00,8
clickbench_partitioned,q4,query,1.203,2026-08-11 21:14:57,50.0.0,2025-09-13T16:17:34+08:00,8
clickbench_partitioned,q4,query,1.116,2026-08-11 21:14:57,50.0.0,2025-09-13T16:17:34+08:00,8
clickbench_partitioned,q4,query,1.073,2026-08-11 21:14:57,50.0.0,2025-09-13T16:17:34+08:00,8
clickbench_partitioned,q4,query,1.065,2026-08-11 21:14:57,50.0.0,2025-09-13T16:17:34+08:00,8
clickbench_partitioned,q5,table_creation,0.048,2026-08-11 21:14:57,50.0.0,2025-09-13T16:17:34+08:00,8
clickbench_partitioned,q5,query,2.15,2026-08-11 21:14:57,50.0.0,2025-09-13T16:17:34+08:00,8
clickbench_partitioned,q5,query,1.606,2026-08-11 21:14:57,50.0.0,2025-09-13T16:17:34+08:00,8
clickbench_partitioned,q5,query,1.591,2026-08-11 21:14:57,50.0.0,2025-09-13T16:17:34+08:00,8
clickbench_partitioned,q5,query,1.559,2026-08-11 21:14:57,50.0.0,2025-09-13T16:17:34+08:00,8
clickbench_partitioned,q5,query,1.542,2026-08-11 21:14:57,50.0.0,2025-09-13T16:17:34+08:00,8
clickbench_partitioned,q6,table_creation,0.048,2026-08-11 21:14:57,50.0.0,2025-09-13T16:17:34+08:00,8
clickbench_partitioned,q6,query,0.032,2026-08-11 21:14:57,50.0.0,2025-09-13T16:17:34+08:00,8
clickbench_partitioned,q6,query,0.003,2026-08-11 21:14:57,50.0.0,2025-09-13T16:17:34+08:00,8
clickbench_partitioned,q6,query,0.003,2026-08-11 21:14:57,50.0.0,2025-09-13T16:17:34+08:00,8
clickbench_partitioned,q6,query,0.003,2026-08-11 21:14:57,50.0.0,2025-09-13T16:17:34+08:00,8
clickbench_partitioned,q6,query,0.002,2026-08-11 21:14:57,50.0.0,2025-09-13T16:17:34+08:00,8
clickbench_partitioned,q7,table_creation,0.047,2026-08-11 21:14:57,50.0.0,2025-09-13T16:17:34+08:00,8
clickbench_partitioned,q7,query,0.083,2026-08-11 21:14:57,50.0.0,2025-09-13T16:17:34+08:00,8
clickbench_partitioned,q7,query,0.051,2026-08-11 21:14:57,50.0.0,2025-09-13T16:17:34+08:00,8
clickbench_partitioned,q7,query,0.054,2026-08-11 21:14:57,50.0.0,2025-09-13T16:17:34+08:00,8
clickbench_partitioned,q7,query,0.054,2026-08-11 21:14:57,50.0.0,2025-09-13T16:17:34+08:00,8
clickbench_partitioned,q7,query,0.056,2026-08-11 21:14:57,50.0.0,2025-09-13T16:17:34+08:00,8
clickbench_partitioned,q8,table_creation,0.048,2026-08-11 21:14:57,50.0.0,2025-09-13T16:17:34+08:00,8
clickbench_partitioned,q8,query,1.515,2026-08-11 21:14:57,50.0.0,2025-09-13T16:17:34+08:00,8
clickbench_partitioned,q8,query,1.436,2026-08-11 21:14:57,50.0.0,2025-09-13T16:17:34+08:00,8
clickbench_partitioned,q8,query,1.408,2026-08-11 21:14:57,50.0.0,2025-09-13T16:17:34+08:00,8
clickbench_partitioned,q8,query,1.507,2026-08-11 21:14:57,50.0.0,2025-09-13T16:17:34+08:00,8
clickbench_partitioned,q8,query,1.444,2026-08-11 21:14:57,50.0.0,2025-09-13T16:17:34+08:00,8
clickbench_partitioned,q9,table_creation,0.048,2026-08-11 21:14:57,50.0.0,2025-09-13T16:17:34+08:00,8
clickbench_partitioned,q9,query,1.77,2026-08-11 21:14:57,50.0.0,2025-09-13T16:17:34+08:00,8
clickbench_partitioned,q9,query,1.837,2026-08-11 21:14:57,50.0.0,2025-09-13T16:17:34+08:00,8
clickbench_partitioned,q9,query,1.83,2026-08-11 21:14:57,50.0.0,2025-09-13T16:17:34+08:00,8
clickbench_partitioned,q9,query,1.828,2026-08-11 21:14:57,50.0.0,2025-09-13T16:17:34+08:00,8
clickbench_partitioned,q9,query,1.928,2026-08-11 21:14:57,50.0.0,2025-09-13T16:17:34+08:00,8
clickbench_partitioned,q10,table_creation,0.047,2026-08-11 21:14:57,50.0.0,2025-09-13T16:17:34+08:00,8
clickbench_partitioned,q10,query,0.454,2026-08-11 21:14:57,50.0.0,2025-09-13T16:17:34+08:00,8
clickbench_partitioned,q10,query,0.384,2026-08-11 21:14:57,50.0.0,2025-09-13T16:17:34+08:00,8
clickbench_partitioned,q10,query,0.364,2026-08-11 21:14:57,50.0.0,2025-09-13T16:17:34+08:00,8
clickbench_partitioned,q10,query,0.361,2026-08-11 21:14:57,50.0.0,2025-09-13T16:17:34+08:00,8
clickbench_partitioned,q10,query,0.386,2026-08-11 21:14:57,50.0.0,2025-09-13T16:17:34+08:00,8
clickbench_partitioned,q11,table_creation,0.051,2026-08-11 21:14:57,50.0.0,2025-09-13T16:17:34+08:00,8
clickbench_partitioned,q11,query,0.51,2026-08-11 21:14:57,50.0.0,2025-09-13T16:17:34+08:00,8
clickbench_partitioned,q11,query,0.439,2026-08-11 21:14:57,50.0.0,2025-09-13T16:17:34+08:00,8
clickbench_partitioned,q11,query,0.435,2026-08-11 21:14:57,50.0.0,2025-09-13T16:17:34+08:00,8
clickbench_partitioned,q11,query,0.444,2026-08-11 21:14:57,50.0.0,2025-09-13T16:17:34+08:00,8
clickbench_partitioned,q11,query,0.438,2026-08-11 21:14:57,50.0.0,2025-09-13T16:17:34+08:00,8
clickbench_partitioned,q12,table_creation,0.047,2026-08-11 21:14:57,50.0.0,2025-09-13T16:17:34+08:00,8
clickbench_partitioned,q12,query,1.366,2026-08-11 21:14:57,50.0.0,2025-09-13T16:17:34+08:00,8
clickbench_partitioned,q12,query,1.331,2026-08-11 21:14:57,50.0.0,2025-09-13T16:17:34+08:00,8
clickbench_partitioned,q12,query,1.357,2026-08-11 21:14:57,50.0.0,2025-09-13T16:17:34+08:00,8
clickbench_partitioned,q12,query,1.356,2026-08-11 21:14:57,50.0.0,2025-09-13T16:17:34+08:00,8
clickbench_partitioned,q12,query,1.384,2026-08-11 21:14:57,50.0.0,2025-09-13T16:17:34+08:00,8
clickbench_partitioned,q13,table_creation,0.049,2026-08-11 21:14:57,50.0.0,2025-09-13T16:17:34+08:00,8
clickbench_partitioned,q13,query,2.296,2026-08-11 21:14:57,50.0.0,2025-09-13T16:17:34+08:00,8
clickbench_partitioned,q13,query,2.364,2026-08-11 21:14:57,50.0.0,2025-09-13T16:17:34+08:00,8
clickbench_partitioned,q13,query,2.295,2026-08-11 21:14:57,50.0.0,2025-09-13T16:17:34+08:00,8
clickbench_partitioned,q13,query,2.288,2026-08-11 21:14:57,50.0.0,2025-09-13T16:17:34+08:00,8
clickbench_partitioned,q13,query,2.185,2026-08-11 21:14:57,50.0.0,2025-09-13T16:17:34+08:00,8
clickbench_partitioned,q14,table_creation,0.047,2026-08-11 21:14:57,50.0.0,2025-09-13T16:17:34+08:00,8
clickbench_partitioned,q14,query,1.315,2026-08-11 21:14:57,50.0.0,2025-09-13T16:17:34+08:00,8
clickbench_partitioned,q14,query,1.258,2026-08-11 21:14:57,50.0.0,2025-09-13T16:17:34+08:00,8
clickbench_partitioned,q14,query,1.237,2026-08-11 21:14:57,50.0.0,2025-09-13T16:17:34+08:00,8
clickbench_partitioned,q14,query,1.277,2026-08-11 21:14:57,50.0.0,2025-09-13T16:17:34+08:00,8
clickbench_partitioned,q14,query,1.278,2026-08-11 21:14:57,50.0.0,2025-09-13T16:17:34+08:00,8
clickbench_partitioned,q15,table_creation,0.047,2026-08-11 21:14:57,50.0.0,2025-09-13T16:17:34+08:00,8
clickbench_partitioned,q15,query,1.266,2026-08-11 21:14:57,50.0.0,2025-09-13T16:17:34+08:00,8
clickbench_partitioned,q15,query,1.21,2026-08-11 21:14:57,50.0.0,2025-09-13T16:17:34+08:00,8
clickbench_partitioned,q15,query,1.191,2026-08-11 21:14:57,50.0.0,2025-09-13T16:17:34+08:00,8
clickbench_partitioned,q15,query,1.205,2026-08-11 21:14:57,50.0.0,2025-09-13T16:17:34+08:00,8
clickbench_partitioned,q15,query,1.199,2026-08-11 21:14:57,50.0.0,2025-09-13T16:17:34+08:00,8
clickbench_partitioned,q16,table_creation,0.048,2026-08-11 21:14:57,50.0.0,2025-09-13T16:17:34+08:00,8
clickbench_partitioned,q16,query,2.75,2026-08-11 21:14:57,50.0.0,2025-09-13T16:17:34+08:00,8
clickbench_partitioned,q16,query,2.719,2026-08-11 21:14:57,50.0.0,2025-09-13T16:17:34+08:00,8
clickbench_partitioned,q16,query,2.685,2026-08-11 21:14:57,50.0.0,2025-09-13T16:17:34+08:00,8
clickbench_partitioned,q16,query,2.696,2026-08-11 21:14:57,50.0.0,2025-09-13T16:17:34+08:00,8
clickbench_partitioned,q16,query,2.635,2026-08-11 21:14:57,50.0.0,2025-09-13T16:17:34+08:00,8
clickbench_partitioned,q17,table_creation,0.049,2026-08-11 21:14:57,50.0.0,2025-09-13T16:17:34+08:00,8
clickbench_partitioned,q17,query,2.885,2026-08-11 21:14:57,50.0.0,2025-09-13T16:17:34+08:00,8
clickbench_partitioned,q17,query,2.764,2026-08-11 21:14:57,50.0.0,2025-09-13T16:17:34+08:00,8
clickbench_partitioned,q17,query,2.795,2026-08-11 21:14:57,50.0.0,2025-09-13T16:17:34+08:00,8
clickbench_partitioned,q17,query,2.704,2026-08-11 21:14:57,50.0.0,2025-09-13T16:17:34+08:00,8
clickbench_partitioned,q17,query,2.761,2026-08-11 21:14:57,50.0.0,2025-09-13T16:17:34+08:00,8
clickbench_partitioned,q18,table_creation,0.049,2026-08-11 21:14:57,50.0.0,2025-09-13T16:17:34+08:00,8
clickbench_partitioned,q18,query,6.15,2026-08-11 21:14:57,50.0.0,2025-09-13T16:17:34+08:00,8
clickbench_partitioned,q18,query,6.303,2026-08-11 21:14:57,50.0.0,2025-09-13T16:17:34+08:00,8
clickbench_partitioned,q18,query,5.357,2026-08-11 21:14:57,50.0.0,2025-09-13T16:17:34+08:00,8
clickbench_partitioned,q18,query,5.203,2026-08-11 21:14:57,50.0.0,2025-09-13T16:17:34+08:00,8
clickbench_partitioned,q18,query,5.138,2026-08-11 21:14:57,50.0.0,2025-09-13T16:17:34+08:00,8
clickbench_partitioned,q19,table_creation,0.048,2026-08-11 21:14:57,50.0.0,2025-09-13T16:17:34+08:00,8
clickbench_partitioned,q19,query,0.171,2026-08-11 21:14:57,50.0.0,2025-09-13T16:17:34+08:00,8
clickbench_partitioned,q19,query,0.13,2026-08-11 21:14:57,50.0.0,2025-09-13T16:17:34+08:00,8
clickbench_partitioned,q19,query,0.139,2026-08-11 21:14:57,50.0.0,2025-09-13T16:17:34+08:00,8
clickbench_partitioned,q19,query,0.135,2026-08-11 21:14:57,50.0.0,2025-09-13T16:17:34+08:00,8
clickbench_partitioned,q19,query,0.143,2026-08-11 21:14:57,50.0.0,2025-09-13T16:17:34+08:00,8
clickbench_partitioned,q20,table_creation,0.048,2026-08-11 21:14:57,50.0.0,2025-09-13T16:17:34+08:00,8
clickbench_partitioned,q20,query,2.11,2026-08-11 21:14:57,50.0.0,2025-09-13T16:17:34+08:00,8
clickbench_partitioned,q20,query,1.973,2026-08-11 21:14:57,50.0.0,2025-09-13T16:17:34+08:00,8
clickbench_partitioned,q20,query,1.978,2026-08-11 21:14:57,50.0.0,2025-09-13T16:17:34+08:00,8
clickbench_partitioned,q20,query,1.982,2026-08-11 21:14:57,50.0.0,2025-09-13T16:17:34+08:00,8
clickbench_partitioned,q20,query,1.971,2026-08-11 21:14:57,50.0.0,2025-09-13T16:17:34+08:00,8
clickbench_partitioned,q21,table_creation,0.048,2026-08-11 21:14:57,50.0.0,2025-09-13T16:17:34+08:00,8
clickbench_partitioned,q21,query,2.339,2026-08-11 21:14:57,50.0.0,2025-09-13T16:17:34+08:00,8
clickbench_partitioned,q21,query,2.337,2026-08-11 21:14:57,50.0.0,2025-09-13T16:17:34+08:00,8
clickbench_partitioned,q21,query,2.339,2026-08-11 21:14:57,50.0.0,2025-09-13T16:17:34+08:00,8
clickbench_partitioned,q21,query,2.297,2026-08-11 21:14:57,50.0.0,2025-09-13T16:17:34+08:00,8
clickbench_partitioned,q21,query,2.29,2026-08-11 21:14:57,50.0.0,2025-09-13T16:17:34+08:00,8
clickbench_partitioned,q22,table_creation,0.047,2026-08-11 21:14:57,50.0.0,2025-09-13T16:17:34+08:00,8
clickbench_partitioned,q22,query,8.795,2026-08-11 21:14:57,50.0.0,2025-09-13T16:17:34+08:00,8
clickbench_partitioned,q22,query,3.912,2026-08-11 21:14:57,50.0.0,2025-09-13T16:17:34+08:00,8
clickbench_partitioned,q22,query,3.863,2026-08-11 21:14:57,50.0.0,2025-09-13T16:17:34+08:00,8
clickbench_partitioned,q22,query,3.823,2026-08-11 21:14:57,50.0.0,2025-09-13T16:17:34+08:00,8
clickbench_partitioned,q22,query,3.8,2026-08-11 21:14:57,50.0.0,2025-09-13T16:17:34+08:00,8
clickbench_partitioned,q23,table_creation,0.047,2026-08-11 21:14:57,50.0.0,2025-09-13T16:17:34+08:00,8
clickbench_partitioned,q23,query,21.577,2026-08-11 21:14:57,50.0.0,2025-09-13T16:17:34+08:00,8
clickbench_partitioned,q23,query,12.467,2026-08-11 21:14:57,50.0.0,2025-09-13T16:17:34+08:00,8
clickbench_partitioned,q23,query,12.584,2026-08-11 21:14:57,50.0.0,2025-09-13T16:17:34+08:00,8
clickbench_partitioned,q23,query,12.475,2026-08-11 21:14:57,50.0.0,2025-09-13T16:17:34+08:00,8
clickbench_partitioned,q23,query,12.385,2026-08-11 21:14:57,50.0.0,2025-09-13T16:17:34+08:00,8
clickbench_partitioned,q24,table_creation,0.049,2026-08-11 21:14:57,50.0.0,2025-09-13T16:17:34+08:00,8
clickbench_partitioned,q24,query,0.259,2026-08-11 21:14:57,50.0.0,2025-09-13T16:17:34+08:00,8
clickbench_partitioned,q24,query,0.214,2026-08-11 21:14:57,50.0.0,2025-09-13T16:17:34+08:00,8
clickbench_partitioned,q24,query,0.213,2026-08-11 21:14:57,50.0.0,2025-09-13T16:17:34+08:00,8
clickbench_partitioned,q24,query,0.231,2026-08-11 21:14:57,50.0.0,2025-09-13T16:17:34+08:00,8
clickbench_partitioned,q24,query,0.234,2026-08-11 21:14:57,50.0.0,2025-09-13T16:17:34+08:00,8
clickbench_partitioned,q25,table_creation,0.047,2026-08-11 21:14:57,50.0.0,2025-09-13T16:17:34+08:00,8
clickbench_partitioned,q25,query,0.51,2026-08-11 21:14:57,50.0.0,2025-09-13T16:17:34+08:00,8
clickbench_partitioned,q25,query,0.486,2026-08-11 21:14:57,50.0.0,2025-09-13T16:17:34+08:00,8
clickbench_partitioned,q25,query,0.504,2026-08-11 21:14:57,50.0.0,2025-09-13T16:17:34+08:00,8
clickbench_partitioned,q25,query,0.5,2026-08-11 21:14:57,50.0.0,2025-09-13T16:17:34+08:00,8
clickbench_partitioned,q25,query,0.478,2026-08-11 21:14:57,50.0.0,2025-09-13T16:17:34+08:00,8
clickbench_partitioned,q26,table_creation,0.049,2026-08-11 21:14:57,50.0.0,2025-09-13T16:17:34+08:00,8
clickbench_partitioned,q26,query,0.239,2026-08-11 21:14:57,50.0.0,2025-09-13T16:17:34+08:00,8
clickbench_partitioned,q26,query,0.228,2026-08-11 21:14:57,50.0.0,2025-09-13T16:17:34+08:00,8
clickbench_partitioned,q26,query,0.226,2026-08-11 21:14:57,50.0.0,2025-09-13T16:17:34+08:00,8
clickbench_partitioned,q26,query,0.209,2026-08-11 21:14:57,50.0.0,2025-09-13T16:17:34+08:00,8
clickbench_partitioned,q26,query,0.23,2026-08-11 21:14:57,50.0.0,2025-09-13T16:17:34+08:00,8
clickbench_partitioned,q27,table_creation,0.049,2026-08-11 21:14:57,50.0.0,2025-09-13T16:17:34+08:00,8
clickbench_partitioned,q27,query,2.828,2026-08-11 21:14:57,50.0.0,2025-09-13T16:17:34+08:00,8
clickbench_partitioned,q27,query,2.791,2026-08-11 21:14:57,50.0.0,2025-09-13T16:17:34+08:00,8
clickbench_partitioned,q27,query,2.86,2026-08-11 21:14:57,50.0.0,2025-09-13T16:17:34+08:00,8
clickbench_partitioned,q27,query,2.928,2026-08-11 21:14:57,50.0.0,2025-09-13T16:17:34+08:00,8
clickbench_partitioned,q27,query,2.866,2026-08-11 21:14:57,50.0.0,2025-09-13T16:17:34+08:00,8
clickbench_partitioned,q28,table_creation,0.048,2026-08-11 21:14:57,50.0.0,2025-09-13T16:17:34+08:00,8
clickbench_partitioned,q28,query,22.989,2026-08-11 21:14:57,50.0.0,2025-09-13T16:17:34+08:00,8
clickbench_partitioned,q28,query,23.12,2026-08-11 21:14:57,50.0.0,2025-09-13T16:17:34+08:00,8
clickbench_partitioned,q28,query,23.112,2026-08-11 21:14:57,50.0.0,2025-09-13T16:17:34+08:00,8
clickbench_partitioned,q28,query,23.481,2026-08-11 21:14:57,50.0.0,2025-09-13T16:17:34+08:00,8
clickbench_partitioned,q28,query,23.691,2026-08-11 21:14:57,50.0.0,2025-09-13T16:17:34+08:00,8
clickbench_partitioned,q29,table_creation,0.049,2026-08-11 21:14:57,50.0.0,2025-09-13T16:17:34+08:00,8
clickbench_partitioned,q29,query,1.018,2026-08-11 21:14:57,50.0.0,2025-09-13T16:17:34+08:00,8
clickbench_partitioned,q29,query,0.957,2026-08-11 21:14:57,50.0.0,2025-09-13T16:17:34+08:00,8
clickbench_partitioned,q29,query,0.972,2026-08-11 21:14:57,50.0.0,2025-09-13T16:17:34+08:00,8
clickbench_partitioned,q29,query,1.005,2026-08-11 21:14:57,50.0.0,2025-09-13T16:17:34+08:00,8
clickbench_partitioned,q29,query,0.987,2026-08-11 21:14:57,50.0.0,2025-09-13T16:17:34+08:00,8
clickbench_partitioned,q30,table_creation,0.05,2026-08-11 21:14:57,50.0.0,2025-09-13T16:17:34+08:00,8
clickbench_partitioned,q30,query,1.414,2026-08-11 21:14:57,50.0.0,2025-09-13T16:17:34+08:00,8
clickbench_partitioned,q30,query,1.337,2026-08-11 21:14:57,50.0.0,2025-09-13T16:17:34+08:00,8
clickbench_partitioned,q30,query,1.324,2026-08-11 21:14:57,50.0.0,2025-09-13T16:17:34+08:00,8
clickbench_partitioned,q30,query,1.3,2026-08-11 21:14:57,50.0.0,2025-09-13T16:17:34+08:00,8
clickbench_partitioned,q30,query,1.268,2026-08-11 21:14:57,50.0.0,2025-09-13T16:17:34+08:00,8
clickbench_partitioned,q31,table_creation,0.048,2026-08-11 21:14:57,50.0.0,2025-09-13T16:17:34+08:00,8
clickbench_partitioned,q31,query,1.389,2026-08-11 21:14:57,50.0.0,2025-09-13T16:17:34+08:00,8
clickbench_partitioned,q31,query,1.31,2026-08-11 21:14:57,50.0.0,2025-09-13T16:17:34+08:00,8
clickbench_partitioned,q31,query,1.31,2026-08-11 21:14:57,50.0.0,2025-09-13T16:17:34+08:00,8
clickbench_partitioned,q31,query,1.321,2026-08-11 21:14:57,50.0.0,2025-09-13T16:17:34+08:00,8
clickbench_partitioned,q31,query,1.278,2026-08-11 21:14:57,50.0.0,2025-09-13T16:17:34+08:00,8
clickbench_partitioned,q32,table_creation,0.049,2026-08-11 21:14:57,50.0.0,2025-09-13T16:17:34+08:00,8
clickbench_partitioned,q32,query,4.645,2026-08-11 21:14:57,50.0.0,2025-09-13T16:17:34+08:00,8
clickbench_partitioned,q32,query,4.637,2026-08-11 21:14:57,50.0.0,2025-09-13T16:17:34+08:00,8
clickbench_partitioned,q32,query,4.575,2026-08-11 21:14:57,50.0.0,2025-09-13T16:17:34+08:00,8
clickbench_partitioned,q32,query,4.677,2026-08-11 21:14:57,50.0.0,2025-09-13T16:17:34+08:00,8
clickbench_partitioned,q32,query,4.65,2026-08-11 21:14:57,50.0.0,2025-09-13T16:17:34+08:00,8
clickbench_partitioned,q33,table_creation,0.049,2026-08-11 21:14:57,50.0.0,2025-09-13T16:17:34+08:00,8
clickbench_partitioned,q33,query,5.621,2026-08-11 21:14:57,50.0.0,2025-09-13T16:17:34+08:00,8
clickbench_partitioned,q33,query,6.115,2026-08-11 21:14:57,50.0.0,2025-09-13T16:17:34+08:00,8
clickbench_partitioned,q33,query,6.212,2026-08-11 21:14:57,50.0.0,2025-09-13T16:17:34+08:00,8
clickbench_partitioned,q33,query,7.495,2026-08-11 21:14:57,50.0.0,2025-09-13T16:17:34+08:00,8
clickbench_partitioned,q33,query,7.299,2026-08-11 21:14:57,50.0.0,2025-09-13T16:17:34+08:00,8
clickbench_partitioned,q34,table_creation,0.054,2026-08-11 21:14:57,50.0.0,2025-09-13T16:17:34+08:00,8
clickbench_partitioned,q34,query,7.333,2026-08-11 21:14:57,50.0.0,2025-09-13T16:17:34+08:00,8
clickbench_partitioned,q34,query,5.691,2026-08-11 21:14:57,50.0.0,2025-09-13T16:17:34+08:00,8
clickbench_partitioned,q34,query,5.934,2026-08-11 21:14:57,50.0.0,2025-09-13T16:17:34+08:00,8
clickbench_partitioned,q34,query,6.396,2026-08-11 21:14:57,50.0.0,2025-09-13T16:17:34+08:00,8
clickbench_partitioned,q34,query,6.442,2026-08-11 21:14:57,50.0.0,2025-09-13T16:17:34+08:00,8
clickbench_partitioned,q35,table_creation,0.05,2026-08-11 21:14:57,50.0.0,2025-09-13T16:17:34+08:00,8
clickbench_partitioned,q35,query,2.474,2026-08-11 21:14:57,50.0.0,2025-09-13T16:17:34+08:00,8
clickbench_partitioned,q35,query,2.301,2026-08-11 21:14:57,50.0.0,2025-09-13T16:17:34+08:00,8
clickbench_partitioned,q35,query,2.255,2026-08-11 21:14:57,50.0.0,2025-09-13T16:17:34+08:00,8
clickbench_partitioned,q35,query,2.198,2026-08-11 21:14:57,50.0.0,2025-09-13T16:17:34+08:00,8
clickbench_partitioned,q35,query,2.106,2026-08-11 21:14:57,50.0.0,2025-09-13T16:17:34+08:00,8
clickbench_partitioned,q36,table_creation,0.047,2026-08-11 21:14:57,50.0.0,2025-09-13T16:17:34+08:00,8
clickbench_partitioned,q36,query,0.154,2026-08-11 21:14:57,50.0.0,2025-09-13T16:17:34+08:00,8
clickbench_partitioned,q36,query,0.122,2026-08-11 21:14:57,50.0.0,2025-09-13T16:17:34+08:00,8
clickbench_partitioned,q36,query,0.126,2026-08-11 21:14:57,50.0.0,2025-09-13T16:17:34+08:00,8
clickbench_partitioned,q36,query,0.122,2026-08-11 21:14:57,50.0.0,2025-09-13T16:17:34+08:00,8
clickbench_partitioned,q36,query,0.133,2026-08-11 21:14:57,50.0.0,2025-09-13T16:17:34+08:00,8
clickbench_partitioned,q37,table_creation,0.05,2026-08-11 21:14:57,50.0.0,2025-09-13T16:17:34+08:00,8
clickbench_partitioned,q37,query,0.104,2026-08-11 21:14:57,50.0.0,2025-09-13T16:17:34+08:00,8
clickbench_partitioned,q37,query,0.063,2026-08-11 21:14:57,50.0.0,2025-09-13T16:17:34+08:00,8
clickbench_partitioned,q37,query,0.063,2026-08-11 21:14:57,50.0.0,2025-09-13T16:17:34+08:00,8
clickbench_partitioned,q37,query,0.053,2026-08-11 21:14:57,50.0.0,2025-09-13T16:17:34+08:00,8
clickbench_partitioned,q37,query,0.055,2026-08-11 21:14:57,50.0.0,2025-09-13T16:17:34+08:00,8
clickbench_partitioned,q38,table_creation,0.049,2026-08-11 21:14:57,50.0.0,2025-09-13T16:17:34+08:00,8
clickbench_partitioned,q38,query,0.161,2026-08-11 21:14:57,50.0.0,2025-09-13T16:17:34+08:00,8
clickbench_partitioned,q38,query,0.129,2026-08-11 21:14:57,50.0.0,2025-09-13T16:17:34+08:00,8
clickbench_partitioned,q38,query,0.133,2026-08-11 21:14:57,50.0.0,2025-09-13T16:17:34+08:00,8
clickbench_partitioned,q38,query,0.13,2026-08-11 21:14:57,50.0.0,2025-09-13T16:17:34+08:00,8
clickbench_partitioned,q38,query,0.135,2026-08-11 21:14:57,50.0.0,2025-09-13T16:17:34+08:00,8
clickbench_partitioned,q39,table_creation,0.048,2026-08-11 21:14:57,50.0.0,2025-09-13T16:17:34+08:00,8
clickbench_partitioned,q39,query,0.313,2026-08-11 21:14:57,50.0.0,2025-09-13T16:17:34+08:00,8
clickbench_partitioned,q39,query,0.198,2026-08-11 21:14:57,50.0.0,2025-09-13T16:17:34+08:00,8
clickbench_partitioned,q39,query,0.2,2026-08-11 21:14:57,50.0.0,2025-09-13T16:17:34+08:00,8
clickbench_partitioned,q39,query,0.206,2026-08-11 21:14:57,50.0.0,2025-09-13T16:17:34+08:00,8
clickbench_partitioned,q39,query,0.199,2026-08-11 21:14:57,50.0.0,2025-09-13T16:17:34+08:00,8
clickbench_partitioned,q40,table_creation,0.047,2026-08-11 21:14:57,50.0.0,2025-09-13T16:17:34+08:00,8
clickbench_partitioned,q40,query,0.1,2026-08-11 21:14:57,50.0.0,2025-09-13T16:17:34+08:00,8
clickbench_partitioned,q40,query,0.041,2026-08-11 21:14:57,50.0.0,2025-09-13T16:17:34+08:00,8
clickbench_partitioned,q40,query,0.042,2026-08-11 21:14:57,50.0.0,2025-09-13T16:17:34+08:00,8
clickbench_partitioned,q40,query,0.043,2026-08-11 21:14:57,50.0.0,2025-09-13T16:17:34+08:00,8
clickbench_partitioned,q40,query,0.045,2026-08-11 21:14:57,50.0.0,2025-09-13T16:17:34+08:00,8
clickbench_partitioned,q41,table_creation,0.05,2026-08-11 21:14:57,50.0.0,2025-09-13T16:17:34+08:00,8
clickbench_partitioned,q41,query,0.073,2026-08-11 21:14:57,50.0.0,2025-09-13T16:17:34+08:00,8
clickbench_partitioned,q41,query,0.042,2026-08-11 21:14:57,50.0.0,2025-09-13T16:17:34+08:00,8
clickbench_partitioned,q41,query,0.041,2026-08-11 21:14:57,50.0.0,2025-09-13T16:17:34+08:00,8
clickbench_partitioned,q41,query,0.048,2026-08-11 21:14:57,50.0.0,2025-09-13T16:17:34+08:00,8
clickbench_partitioned,q41,query,0.048,2026-08-11 21:14:57,50.0.0,2025-09-13T16:17:34+08:00,8
clickbench_partitioned,q42,table_creation,0.047,2026-08-11 21:14:57,50.0.0,2025-09-13T16:17:34+08:00,8
clickbench_partitioned,q42,query,0.072,2026-08-11 21:14:57,50.0.0,2025-09-13T16:17:34+08:00,8
clickbench_partitioned,q42,query,0.033,2026-08-11 21:14:57,50.0.0,2025-09-13T16:17:34+08:00,8
clickbench_partitioned,q42,query,0.031,2026-08-11 21:14:57,50.0.0,2025-09-13T16:17:34+08:00,8
clickbench_partitioned,q42,query,0.04,2026-08-11 21:14:57,50.0.0,2025-09-13T16:17:34+08:00,8
clickbench_partitioned,q42,query,0.033,2026-08-11 21:14:57,50.0.0,2025-09-13T16:17:34+08:00,8
clickbench_partitioned,q0,table_creation,0.243,2026-08-11 21:23:21,041a71671c,2026-08-11T19:47:09+00:00,8
clickbench_partitioned,q0,query,0.072,2026-08-11 21:23:21,041a71671c,2026-08-11T19:47:09+00:00,8
clickbench_partitioned,q0,query,0.002,2026-08-11 21:23:21,041a71671c,2026-08-11T19:47:09+00:00,8
clickbench_partitioned,q0,query,0.002,2026-08-11 21:23:21,041a71671c,2026-08-11T19:47:09+00:00,8
clickbench_partitioned,q0,query,0.002,2026-08-11 21:23:21,041a71671c,2026-08-11T19:47:09+00:00,8
clickbench_partitioned,q0,query,0.001,2026-08-11 21:23:21,041a71671c,2026-08-11T19:47:09+00:00,8
clickbench_partitioned,q1,table_creation,0.046,2026-08-11 21:23:21,041a71671c,2026-08-11T19:47:09+00:00,8
clickbench_partitioned,q1,query,0.103,2026-08-11 21:23:21,041a71671c,2026-08-11T19:47:09+00:00,8
clickbench_partitioned,q1,query,0.041,2026-08-11 21:23:21,041a71671c,2026-08-11T19:47:09+00:00,8
clickbench_partitioned,q1,query,0.043,2026-08-11 21:23:21,041a71671c,2026-08-11T19:47:09+00:00,8
clickbench_partitioned,q1,query,0.041,2026-08-11 21:23:21,041a71671c,2026-08-11T19:47:09+00:00,8
clickbench_partitioned,q1,query,0.041,2026-08-11 21:23:21,041a71671c,2026-08-11T19:47:09+00:00,8
clickbench_partitioned,q2,table_creation,0.049,2026-08-11 21:23:21,041a71671c,2026-08-11T19:47:09+00:00,8
clickbench_partitioned,q2,query,0.213,2026-08-11 21:23:21,041a71671c,2026-08-11T19:47:09+00:00,8
clickbench_partitioned,q2,query,0.138,2026-08-11 21:23:21,041a71671c,2026-08-11T19:47:09+00:00,8
clickbench_partitioned,q2,query,0.134,2026-08-11 21:23:21,041a71671c,2026-08-11T19:47:09+00:00,8
clickbench_partitioned,q2,query,0.139,2026-08-11 21:23:21,041a71671c,2026-08-11T19:47:09+00:00,8
clickbench_partitioned,q2,query,0.134,2026-08-11 21:23:21,041a71671c,2026-08-11T19:47:09+00:00,8
clickbench_partitioned,q3,table_creation,0.05,2026-08-11 21:23:21,041a71671c,2026-08-11T19:47:09+00:00,8
clickbench_partitioned,q3,query,0.276,2026-08-11 21:23:21,041a71671c,2026-08-11T19:47:09+00:00,8
clickbench_partitioned,q3,query,0.15,2026-08-11 21:23:21,041a71671c,2026-08-11T19:47:09+00:00,8
clickbench_partitioned,q3,query,0.155,2026-08-11 21:23:21,041a71671c,2026-08-11T19:47:09+00:00,8
clickbench_partitioned,q3,query,0.15,2026-08-11 21:23:21,041a71671c,2026-08-11T19:47:09+00:00,8
clickbench_partitioned,q3,query,0.153,2026-08-11 21:23:21,041a71671c,2026-08-11T19:47:09+00:00,8
clickbench_partitioned,q4,table_creation,0.047,2026-08-11 21:23:21,041a71671c,2026-08-11T19:47:09+00:00,8
clickbench_partitioned,q4,query,1.063,2026-08-11 21:23:21,041a71671c,2026-08-11T19:47:09+00:00,8
clickbench_partitioned,q4,query,0.962,2026-08-11 21:23:21,041a71671c,2026-08-11T19:47:09+00:00,8
clickbench_partitioned,q4,query,0.96,2026-08-11 21:23:21,041a71671c,2026-08-11T19:47:09+00:00,8
clickbench_partitioned,q4,query,0.983,2026-08-11 21:23:21,041a71671c,2026-08-11T19:47:09+00:00,8
clickbench_partitioned,q4,query,0.953,2026-08-11 21:23:21,041a71671c,2026-08-11T19:47:09+00:00,8
clickbench_partitioned,q5,table_creation,0.048,2026-08-11 21:23:21,041a71671c,2026-08-11T19:47:09+00:00,8
clickbench_partitioned,q5,query,1.125,2026-08-11 21:23:21,041a71671c,2026-08-11T19:47:09+00:00,8
clickbench_partitioned,q5,query,1.04,2026-08-11 21:23:21,041a71671c,2026-08-11T19:47:09+00:00,8
clickbench_partitioned,q5,query,1.066,2026-08-11 21:23:21,041a71671c,2026-08-11T19:47:09+00:00,8
clickbench_partitioned,q5,query,1.084,2026-08-11 21:23:21,041a71671c,2026-08-11T19:47:09+00:00,8
clickbench_partitioned,q5,query,1.101,2026-08-11 21:23:21,041a71671c,2026-08-11T19:47:09+00:00,8
clickbench_partitioned,q6,table_creation,0.045,2026-08-11 21:23:21,041a71671c,2026-08-11T19:47:09+00:00,8
clickbench_partitioned,q6,query,0.007,2026-08-11 21:23:21,041a71671c,2026-08-11T19:47:09+00:00,8
clickbench_partitioned,q6,query,0.002,2026-08-11 21:23:21,041a71671c,2026-08-11T19:47:09+00:00,8
clickbench_partitioned,q6,query,0.002,2026-08-11 21:23:21,041a71671c,2026-08-11T19:47:09+00:00,8
clickbench_partitioned,q6,query,0.001,2026-08-11 21:23:21,041a71671c,2026-08-11T19:47:09+00:00,8
clickbench_partitioned,q6,query,0.001,2026-08-11 21:23:21,041a71671c,2026-08-11T19:47:09+00:00,8
clickbench_partitioned,q7,table_creation,0.046,2026-08-11 21:23:21,041a71671c,2026-08-11T19:47:09+00:00,8
clickbench_partitioned,q7,query,0.06,2026-08-11 21:23:21,041a71671c,2026-08-11T19:47:09+00:00,8
clickbench_partitioned,q7,query,0.047,2026-08-11 21:23:21,041a71671c,2026-08-11T19:47:09+00:00,8
clickbench_partitioned,q7,query,0.044,2026-08-11 21:23:21,041a71671c,2026-08-11T19:47:09+00:00,8
clickbench_partitioned,q7,query,0.043,2026-08-11 21:23:21,041a71671c,2026-08-11T19:47:09+00:00,8
clickbench_partitioned,q7,query,0.044,2026-08-11 21:23:21,041a71671c,2026-08-11T19:47:09+00:00,8
clickbench_partitioned,q8,table_creation,0.048,2026-08-11 21:23:21,041a71671c,2026-08-11T19:47:09+00:00,8
clickbench_partitioned,q8,query,1.357,2026-08-11 21:23:21,041a71671c,2026-08-11T19:47:09+00:00,8
clickbench_partitioned,q8,query,1.382,2026-08-11 21:23:21,041a71671c,2026-08-11T19:47:09+00:00,8
clickbench_partitioned,q8,query,1.37,2026-08-11 21:23:21,041a71671c,2026-08-11T19:47:09+00:00,8
clickbench_partitioned,q8,query,1.385,2026-08-11 21:23:21,041a71671c,2026-08-11T19:47:09+00:00,8
clickbench_partitioned,q8,query,1.376,2026-08-11 21:23:21,041a71671c,2026-08-11T19:47:09+00:00,8
clickbench_partitioned,q9,table_creation,0.048,2026-08-11 21:23:21,041a71671c,2026-08-11T19:47:09+00:00,8
clickbench_partitioned,q9,query,1.468,2026-08-11 21:23:21,041a71671c,2026-08-11T19:47:09+00:00,8
clickbench_partitioned,q9,query,1.44,2026-08-11 21:23:21,041a71671c,2026-08-11T19:47:09+00:00,8
clickbench_partitioned,q9,query,1.432,2026-08-11 21:23:21,041a71671c,2026-08-11T19:47:09+00:00,8
clickbench_partitioned,q9,query,1.418,2026-08-11 21:23:21,041a71671c,2026-08-11T19:47:09+00:00,8
clickbench_partitioned,q9,query,1.428,2026-08-11 21:23:21,041a71671c,2026-08-11T19:47:09+00:00,8
clickbench_partitioned,q10,table_creation,0.048,2026-08-11 21:23:21,041a71671c,2026-08-11T19:47:09+00:00,8
clickbench_partitioned,q10,query,0.3,2026-08-11 21:23:21,041a71671c,2026-08-11T19:47:09+00:00,8
clickbench_partitioned,q10,query,0.282,2026-08-11 21:23:21,041a71671c,2026-08-11T19:47:09+00:00,8
clickbench_partitioned,q10,query,0.286,2026-08-11 21:23:21,041a71671c,2026-08-11T19:47:09+00:00,8
clickbench_partitioned,q10,query,0.293,2026-08-11 21:23:21,041a71671c,2026-08-11T19:47:09+00:00,8
clickbench_partitioned,q10,query,0.292,2026-08-11 21:23:21,041a71671c,2026-08-11T19:47:09+00:00,8
clickbench_partitioned,q11,table_creation,0.047,2026-08-11 21:23:21,041a71671c,2026-08-11T19:47:09+00:00,8
clickbench_partitioned,q11,query,0.349,2026-08-11 21:23:21,041a71671c,2026-08-11T19:47:09+00:00,8
clickbench_partitioned,q11,query,0.33,2026-08-11 21:23:21,041a71671c,2026-08-11T19:47:09+00:00,8
clickbench_partitioned,q11,query,0.333,2026-08-11 21:23:21,041a71671c,2026-08-11T19:47:09+00:00,8
clickbench_partitioned,q11,query,0.345,2026-08-11 21:23:21,041a71671c,2026-08-11T19:47:09+00:00,8
clickbench_partitioned,q11,query,0.344,2026-08-11 21:23:21,041a71671c,2026-08-11T19:47:09+00:00,8
clickbench_partitioned,q12,table_creation,0.049,2026-08-11 21:23:21,041a71671c,2026-08-11T19:47:09+00:00,8
clickbench_partitioned,q12,query,0.972,2026-08-11 21:23:21,041a71671c,2026-08-11T19:47:09+00:00,8
clickbench_partitioned,q12,query,0.978,2026-08-11 21:23:21,041a71671c,2026-08-11T19:47:09+00:00,8
clickbench_partitioned,q12,query,0.991,2026-08-11 21:23:21,041a71671c,2026-08-11T19:47:09+00:00,8
clickbench_partitioned,q12,query,0.982,2026-08-11 21:23:21,041a71671c,2026-08-11T19:47:09+00:00,8
clickbench_partitioned,q12,query,0.995,2026-08-11 21:23:21,041a71671c,2026-08-11T19:47:09+00:00,8
clickbench_partitioned,q13,table_creation,0.045,2026-08-11 21:23:21,041a71671c,2026-08-11T19:47:09+00:00,8
clickbench_partitioned,q13,query,1.445,2026-08-11 21:23:21,041a71671c,2026-08-11T19:47:09+00:00,8
clickbench_partitioned,q13,query,1.376,2026-08-11 21:23:21,041a71671c,2026-08-11T19:47:09+00:00,8
clickbench_partitioned,q13,query,1.398,2026-08-11 21:23:21,041a71671c,2026-08-11T19:47:09+00:00,8
clickbench_partitioned,q13,query,1.435,2026-08-11 21:23:21,041a71671c,2026-08-11T19:47:09+00:00,8
clickbench_partitioned,q13,query,1.465,2026-08-11 21:23:21,041a71671c,2026-08-11T19:47:09+00:00,8
clickbench_partitioned,q14,table_creation,0.049,2026-08-11 21:23:21,041a71671c,2026-08-11T19:47:09+00:00,8
clickbench_partitioned,q14,query,0.99,2026-08-11 21:23:21,041a71671c,2026-08-11T19:47:09+00:00,8
clickbench_partitioned,q14,query,1.007,2026-08-11 21:23:21,041a71671c,2026-08-11T19:47:09+00:00,8
clickbench_partitioned,q14,query,1.001,2026-08-11 21:23:21,041a71671c,2026-08-11T19:47:09+00:00,8
clickbench_partitioned,q14,query,1.019,2026-08-11 21:23:21,041a71671c,2026-08-11T19:47:09+00:00,8
clickbench_partitioned,q14,query,1.024,2026-08-11 21:23:21,041a71671c,2026-08-11T19:47:09+00:00,8
clickbench_partitioned,q15,table_creation,0.047,2026-08-11 21:23:21,041a71671c,2026-08-11T19:47:09+00:00,8
clickbench_partitioned,q15,query,1.086,2026-08-11 21:23:21,041a71671c,2026-08-11T19:47:09+00:00,8
clickbench_partitioned,q15,query,1.048,2026-08-11 21:23:21,041a71671c,2026-08-11T19:47:09+00:00,8
clickbench_partitioned,q15,query,1.082,2026-08-11 21:23:21,041a71671c,2026-08-11T19:47:09+00:00,8
clickbench_partitioned,q15,query,1.109,2026-08-11 21:23:21,041a71671c,2026-08-11T19:47:09+00:00,8
clickbench_partitioned,q15,query,1.11,2026-08-11 21:23:21,041a71671c,2026-08-11T19:47:09+00:00,8
clickbench_partitioned,q16,table_creation,0.046,2026-08-11 21:23:21,041a71671c,2026-08-11T19:47:09+00:00,8
clickbench_partitioned,q16,query,2.25,2026-08-11 21:23:21,041a71671c,2026-08-11T19:47:09+00:00,8
clickbench_partitioned,q16,query,2.317,2026-08-11 21:23:21,041a71671c,2026-08-11T19:47:09+00:00,8
clickbench_partitioned,q16,query,2.333,2026-08-11 21:23:21,041a71671c,2026-08-11T19:47:09+00:00,8
clickbench_partitioned,q16,query,2.328,2026-08-11 21:23:21,041a71671c,2026-08-11T19:47:09+00:00,8
clickbench_partitioned,q16,query,2.361,2026-08-11 21:23:21,041a71671c,2026-08-11T19:47:09+00:00,8
clickbench_partitioned,q17,table_creation,0.048,2026-08-11 21:23:21,041a71671c,2026-08-11T19:47:09+00:00,8
clickbench_partitioned,q17,query,2.227,2026-08-11 21:23:21,041a71671c,2026-08-11T19:47:09+00:00,8
clickbench_partitioned,q17,query,2.314,2026-08-11 21:23:21,041a71671c,2026-08-11T19:47:09+00:00,8
clickbench_partitioned,q17,query,2.324,2026-08-11 21:23:21,041a71671c,2026-08-11T19:47:09+00:00,8
clickbench_partitioned,q17,query,2.323,2026-08-11 21:23:21,041a71671c,2026-08-11T19:47:09+00:00,8
clickbench_partitioned,q17,query,2.33,2026-08-11 21:23:21,041a71671c,2026-08-11T19:47:09+00:00,8
clickbench_partitioned,q18,table_creation,0.048,2026-08-11 21:23:21,041a71671c,2026-08-11T19:47:09+00:00,8
clickbench_partitioned,q18,query,4.428,2026-08-11 21:23:21,041a71671c,2026-08-11T19:47:09+00:00,8
clickbench_partitioned,q18,query,4.58,2026-08-11 21:23:21,041a71671c,2026-08-11T19:47:09+00:00,8
clickbench_partitioned,q18,query,4.604,2026-08-11 21:23:21,041a71671c,2026-08-11T19:47:09+00:00,8
clickbench_partitioned,q18,query,4.544,2026-08-11 21:23:21,041a71671c,2026-08-11T19:47:09+00:00,8
clickbench_partitioned,q18,query,4.588,2026-08-11 21:23:21,041a71671c,2026-08-11T19:47:09+00:00,8
clickbench_partitioned,q19,table_creation,0.046,2026-08-11 21:23:21,041a71671c,2026-08-11T19:47:09+00:00,8
clickbench_partitioned,q19,query,0.13,2026-08-11 21:23:21,041a71671c,2026-08-11T19:47:09+00:00,8
clickbench_partitioned,q19,query,0.118,2026-08-11 21:23:21,041a71671c,2026-08-11T19:47:09+00:00,8
clickbench_partitioned,q19,query,0.12,2026-08-11 21:23:21,041a71671c,2026-08-11T19:47:09+00:00,8
clickbench_partitioned,q19,query,0.118,2026-08-11 21:23:21,041a71671c,2026-08-11T19:47:09+00:00,8
clickbench_partitioned,q19,query,0.123,2026-08-11 21:23:21,041a71671c,2026-08-11T19:47:09+00:00,8
clickbench_partitioned,q20,table_creation,0.048,2026-08-11 21:23:21,041a71671c,2026-08-11T19:47:09+00:00,8
clickbench_partitioned,q20,query,1.629,2026-08-11 21:23:21,041a71671c,2026-08-11T19:47:09+00:00,8
clickbench_partitioned,q20,query,1.644,2026-08-11 21:23:21,041a71671c,2026-08-11T19:47:09+00:00,8
clickbench_partitioned,q20,query,1.628,2026-08-11 21:23:21,041a71671c,2026-08-11T19:47:09+00:00,8
clickbench_partitioned,q20,query,1.653,2026-08-11 21:23:21,041a71671c,2026-08-11T19:47:09+00:00,8
clickbench_partitioned,q20,query,1.643,2026-08-11 21:23:21,041a71671c,2026-08-11T19:47:09+00:00,8
clickbench_partitioned,q21,table_creation,0.048,2026-08-11 21:23:21,041a71671c,2026-08-11T19:47:09+00:00,8
clickbench_partitioned,q21,query,1.728,2026-08-11 21:23:21,041a71671c,2026-08-11T19:47:09+00:00,8
clickbench_partitioned,q21,query,1.736,2026-08-11 21:23:21,041a71671c,2026-08-11T19:47:09+00:00,8
clickbench_partitioned,q21,query,1.756,2026-08-11 21:23:21,041a71671c,2026-08-11T19:47:09+00:00,8
clickbench_partitioned,q21,query,1.733,2026-08-11 21:23:21,041a71671c,2026-08-11T19:47:09+00:00,8
clickbench_partitioned,q21,query,1.751,2026-08-11 21:23:21,041a71671c,2026-08-11T19:47:09+00:00,8
clickbench_partitioned,q22,table_creation,0.046,2026-08-11 21:23:21,041a71671c,2026-08-11T19:47:09+00:00,8
clickbench_partitioned,q22,query,3.809,2026-08-11 21:23:21,041a71671c,2026-08-11T19:47:09+00:00,8
clickbench_partitioned,q22,query,3.686,2026-08-11 21:23:21,041a71671c,2026-08-11T19:47:09+00:00,8
clickbench_partitioned,q22,query,3.443,2026-08-11 21:23:21,041a71671c,2026-08-11T19:47:09+00:00,8
clickbench_partitioned,q22,query,3.479,2026-08-11 21:23:21,041a71671c,2026-08-11T19:47:09+00:00,8
clickbench_partitioned,q22,query,3.467,2026-08-11 21:23:21,041a71671c,2026-08-11T19:47:09+00:00,8
clickbench_partitioned,q23,table_creation,0.046,2026-08-11 21:23:21,041a71671c,2026-08-11T19:47:09+00:00,8
clickbench_partitioned,q23,query,13.464,2026-08-11 21:23:21,041a71671c,2026-08-11T19:47:09+00:00,8
clickbench_partitioned,q23,query,11.787,2026-08-11 21:23:21,041a71671c,2026-08-11T19:47:09+00:00,8
clickbench_partitioned,q23,query,11.876,2026-08-11 21:23:21,041a71671c,2026-08-11T19:47:09+00:00,8
clickbench_partitioned,q23,query,11.788,2026-08-11 21:23:21,041a71671c,2026-08-11T19:47:09+00:00,8
clickbench_partitioned,q23,query,11.802,2026-08-11 21:23:21,041a71671c,2026-08-11T19:47:09+00:00,8
clickbench_partitioned,q24,table_creation,0.048,2026-08-11 21:23:21,041a71671c,2026-08-11T19:47:09+00:00,8
clickbench_partitioned,q24,query,0.131,2026-08-11 21:23:21,041a71671c,2026-08-11T19:47:09+00:00,8
clickbench_partitioned,q24,query,0.112,2026-08-11 21:23:21,041a71671c,2026-08-11T19:47:09+00:00,8
clickbench_partitioned,q24,query,0.118,2026-08-11 21:23:21,041a71671c,2026-08-11T19:47:09+00:00,8
clickbench_partitioned,q24,query,0.11,2026-08-11 21:23:21,041a71671c,2026-08-11T19:47:09+00:00,8
clickbench_partitioned,q24,query,0.111,2026-08-11 21:23:21,041a71671c,2026-08-11T19:47:09+00:00,8
clickbench_partitioned,q25,table_creation,0.051,2026-08-11 21:23:21,041a71671c,2026-08-11T19:47:09+00:00,8
clickbench_partitioned,q25,query,0.362,2026-08-11 21:23:21,041a71671c,2026-08-11T19:47:09+00:00,8
clickbench_partitioned,q25,query,0.345,2026-08-11 21:23:21,041a71671c,2026-08-11T19:47:09+00:00,8
clickbench_partitioned,q25,query,0.349,2026-08-11 21:23:21,041a71671c,2026-08-11T19:47:09+00:00,8
clickbench_partitioned,q25,query,0.346,2026-08-11 21:23:21,041a71671c,2026-08-11T19:47:09+00:00,8
clickbench_partitioned,q25,query,0.358,2026-08-11 21:23:21,041a71671c,2026-08-11T19:47:09+00:00,8
clickbench_partitioned,q26,table_creation,0.048,2026-08-11 21:23:21,041a71671c,2026-08-11T19:47:09+00:00,8
clickbench_partitioned,q26,query,0.127,2026-08-11 21:23:21,041a71671c,2026-08-11T19:47:09+00:00,8
clickbench_partitioned,q26,query,0.113,2026-08-11 21:23:21,041a71671c,2026-08-11T19:47:09+00:00,8
clickbench_partitioned,q26,query,0.113,2026-08-11 21:23:21,041a71671c,2026-08-11T19:47:09+00:00,8
clickbench_partitioned,q26,query,0.114,2026-08-11 21:23:21,041a71671c,2026-08-11T19:47:09+00:00,8
clickbench_partitioned,q26,query,0.114,2026-08-11 21:23:21,041a71671c,2026-08-11T19:47:09+00:00,8
clickbench_partitioned,q27,table_creation,0.047,2026-08-11 21:23:21,041a71671c,2026-08-11T19:47:09+00:00,8
clickbench_partitioned,q27,query,2.357,2026-08-11 21:23:21,041a71671c,2026-08-11T19:47:09+00:00,8
clickbench_partitioned,q27,query,2.361,2026-08-11 21:23:21,041a71671c,2026-08-11T19:47:09+00:00,8
clickbench_partitioned,q27,query,2.384,2026-08-11 21:23:21,041a71671c,2026-08-11T19:47:09+00:00,8
clickbench_partitioned,q27,query,2.393,2026-08-11 21:23:21,041a71671c,2026-08-11T19:47:09+00:00,8
clickbench_partitioned,q27,query,2.404,2026-08-11 21:23:21,041a71671c,2026-08-11T19:47:09+00:00,8
clickbench_partitioned,q28,table_creation,0.047,2026-08-11 21:23:21,041a71671c,2026-08-11T19:47:09+00:00,8
clickbench_partitioned,q28,query,9.409,2026-08-11 21:23:21,041a71671c,2026-08-11T19:47:09+00:00,8
clickbench_partitioned,q28,query,9.464,2026-08-11 21:23:21,041a71671c,2026-08-11T19:47:09+00:00,8
clickbench_partitioned,q28,query,9.531,2026-08-11 21:23:21,041a71671c,2026-08-11T19:47:09+00:00,8
clickbench_partitioned,q28,query,9.524,2026-08-11 21:23:21,041a71671c,2026-08-11T19:47:09+00:00,8
clickbench_partitioned,q28,query,9.577,2026-08-11 21:23:21,041a71671c,2026-08-11T19:47:09+00:00,8
clickbench_partitioned,q29,table_creation,0.049,2026-08-11 21:23:21,041a71671c,2026-08-11T19:47:09+00:00,8
clickbench_partitioned,q29,query,0.133,2026-08-11 21:23:21,041a71671c,2026-08-11T19:47:09+00:00,8
clickbench_partitioned,q29,query,0.117,2026-08-11 21:23:21,041a71671c,2026-08-11T19:47:09+00:00,8
clickbench_partitioned,q29,query,0.112,2026-08-11 21:23:21,041a71671c,2026-08-11T19:47:09+00:00,8
clickbench_partitioned,q29,query,0.115,2026-08-11 21:23:21,041a71671c,2026-08-11T19:47:09+00:00,8
clickbench_partitioned,q29,query,0.112,2026-08-11 21:23:21,041a71671c,2026-08-11T19:47:09+00:00,8
clickbench_partitioned,q30,table_creation,0.049,2026-08-11 21:23:21,041a71671c,2026-08-11T19:47:09+00:00,8
clickbench_partitioned,q30,query,1.062,2026-08-11 21:23:21,041a71671c,2026-08-11T19:47:09+00:00,8
clickbench_partitioned,q30,query,1.063,2026-08-11 21:23:21,041a71671c,2026-08-11T19:47:09+00:00,8
clickbench_partitioned,q30,query,1.077,2026-08-11 21:23:21,041a71671c,2026-08-11T19:47:09+00:00,8
clickbench_partitioned,q30,query,1.081,2026-08-11 21:23:21,041a71671c,2026-08-11T19:47:09+00:00,8
clickbench_partitioned,q30,query,1.097,2026-08-11 21:23:21,041a71671c,2026-08-11T19:47:09+00:00,8
clickbench_partitioned,q31,table_creation,0.047,2026-08-11 21:23:21,041a71671c,2026-08-11T19:47:09+00:00,8
clickbench_partitioned,q31,query,1.115,2026-08-11 21:23:21,041a71671c,2026-08-11T19:47:09+00:00,8
clickbench_partitioned,q31,query,1.104,2026-08-11 21:23:21,041a71671c,2026-08-11T19:47:09+00:00,8
clickbench_partitioned,q31,query,1.121,2026-08-11 21:23:21,041a71671c,2026-08-11T19:47:09+00:00,8
clickbench_partitioned,q31,query,1.111,2026-08-11 21:23:21,041a71671c,2026-08-11T19:47:09+00:00,8
clickbench_partitioned,q31,query,1.113,2026-08-11 21:23:21,041a71671c,2026-08-11T19:47:09+00:00,8
clickbench_partitioned,q32,table_creation,0.046,2026-08-11 21:23:21,041a71671c,2026-08-11T19:47:09+00:00,8
clickbench_partitioned,q32,query,3.495,2026-08-11 21:23:21,041a71671c,2026-08-11T19:47:09+00:00,8
clickbench_partitioned,q32,query,3.582,2026-08-11 21:23:21,041a71671c,2026-08-11T19:47:09+00:00,8
clickbench_partitioned,q32,query,3.613,2026-08-11 21:23:21,041a71671c,2026-08-11T19:47:09+00:00,8
clickbench_partitioned,q32,query,3.538,2026-08-11 21:23:21,041a71671c,2026-08-11T19:47:09+00:00,8
clickbench_partitioned,q32,query,3.557,2026-08-11 21:23:21,041a71671c,2026-08-11T19:47:09+00:00,8
clickbench_partitioned,q33,table_creation,0.048,2026-08-11 21:23:21,041a71671c,2026-08-11T19:47:09+00:00,8
clickbench_partitioned,q33,query,4.759,2026-08-11 21:23:21,041a71671c,2026-08-11T19:47:09+00:00,8
clickbench_partitioned,q33,query,4.934,2026-08-11 21:23:21,041a71671c,2026-08-11T19:47:09+00:00,8
clickbench_partitioned,q33,query,4.955,2026-08-11 21:23:21,041a71671c,2026-08-11T19:47:09+00:00,8
clickbench_partitioned,q33,query,4.912,2026-08-11 21:23:21,041a71671c,2026-08-11T19:47:09+00:00,8
clickbench_partitioned,q33,query,4.955,2026-08-11 21:23:21,041a71671c,2026-08-11T19:47:09+00:00,8
clickbench_partitioned,q34,table_creation,0.046,2026-08-11 21:23:21,041a71671c,2026-08-11T19:47:09+00:00,8
clickbench_partitioned,q34,query,4.736,2026-08-11 21:23:21,041a71671c,2026-08-11T19:47:09+00:00,8
clickbench_partitioned,q34,query,4.957,2026-08-11 21:23:21,041a71671c,2026-08-11T19:47:09+00:00,8
clickbench_partitioned,q34,query,4.931,2026-08-11 21:23:21,041a71671c,2026-08-11T19:47:09+00:00,8
clickbench_partitioned,q34,query,4.894,2026-08-11 21:23:21,041a71671c,2026-08-11T19:47:09+00:00,8
clickbench_partitioned,q34,query,4.875,2026-08-11 21:23:21,041a71671c,2026-08-11T19:47:09+00:00,8
clickbench_partitioned,q35,table_creation,0.048,2026-08-11 21:23:21,041a71671c,2026-08-11T19:47:09+00:00,8
clickbench_partitioned,q35,query,0.916,2026-08-11 21:23:21,041a71671c,2026-08-11T19:47:09+00:00,8
clickbench_partitioned,q35,query,0.975,2026-08-11 21:23:21,041a71671c,2026-08-11T19:47:09+00:00,8
clickbench_partitioned,q35,query,0.939,2026-08-11 21:23:21,041a71671c,2026-08-11T19:47:09+00:00,8
clickbench_partitioned,q35,query,0.945,2026-08-11 21:23:21,041a71671c,2026-08-11T19:47:09+00:00,8
clickbench_partitioned,q35,query,0.946,2026-08-11 21:23:21,041a71671c,2026-08-11T19:47:09+00:00,8
clickbench_partitioned,q36,table_creation,0.05,2026-08-11 21:23:21,041a71671c,2026-08-11T19:47:09+00:00,8
clickbench_partitioned,q37,table_creation,0.047,2026-08-11 21:23:21,041a71671c,2026-08-11T19:47:09+00:00,8
clickbench_partitioned,q38,table_creation,0.049,2026-08-11 21:23:21,041a71671c,2026-08-11T19:47:09+00:00,8
clickbench_partitioned,q39,table_creation,0.047,2026-08-11 21:23:21,041a71671c,2026-08-11T19:47:09+00:00,8
clickbench_partitioned,q40,table_creation,0.049,2026-08-11 21:23:21,041a71671c,2026-08-11T19:47:09+00:00,8
clickbench_partitioned,q41,table_creation,0.047,2026-08-11 21:23:21,041a71671c,2026-08-11T19:47:09+00:00,8
clickbench_partitioned,q42,table_creation,0.047,2026-08-11 21:23:21,041a71671c,2026-08-11T19:47:09+00:00,8
clickbench_partitioned,q0,table_creation,0.173,2026-08-11 21:29:05,54.0.0,2026-06-03T19:04:38-04:00,8
clickbench_partitioned,q0,query,0.076,2026-08-11 21:29:05,54.0.0,2026-06-03T19:04:38-04:00,8
clickbench_partitioned,q0,query,0.002,2026-08-11 21:29:05,54.0.0,2026-06-03T19:04:38-04:00,8
clickbench_partitioned,q0,query,0.003,2026-08-11 21:29:05,54.0.0,2026-06-03T19:04:38-04:00,8
clickbench_partitioned,q0,query,0.001,2026-08-11 21:29:05,54.0.0,2026-06-03T19:04:38-04:00,8
clickbench_partitioned,q0,query,0.001,2026-08-11 21:29:05,54.0.0,2026-06-03T19:04:38-04:00,8
clickbench_partitioned,q1,table_creation,0.049,2026-08-11 21:29:05,54.0.0,2026-06-03T19:04:38-04:00,8
clickbench_partitioned,q1,query,0.084,2026-08-11 21:29:05,54.0.0,2026-06-03T19:04:38-04:00,8
clickbench_partitioned,q1,query,0.044,2026-08-11 21:29:05,54.0.0,2026-06-03T19:04:38-04:00,8
clickbench_partitioned,q1,query,0.044,2026-08-11 21:29:05,54.0.0,2026-06-03T19:04:38-04:00,8
clickbench_partitioned,q1,query,0.043,2026-08-11 21:29:05,54.0.0,2026-06-03T19:04:38-04:00,8
clickbench_partitioned,q1,query,0.042,2026-08-11 21:29:05,54.0.0,2026-06-03T19:04:38-04:00,8
clickbench_partitioned,q2,table_creation,0.051,2026-08-11 21:29:05,54.0.0,2026-06-03T19:04:38-04:00,8
clickbench_partitioned,q2,query,0.151,2026-08-11 21:29:05,54.0.0,2026-06-03T19:04:38-04:00,8
clickbench_partitioned,q2,query,0.131,2026-08-11 21:29:05,54.0.0,2026-06-03T19:04:38-04:00,8
clickbench_partitioned,q2,query,0.127,2026-08-11 21:29:05,54.0.0,2026-06-03T19:04:38-04:00,8
clickbench_partitioned,q2,query,0.13,2026-08-11 21:29:05,54.0.0,2026-06-03T19:04:38-04:00,8
clickbench_partitioned,q2,query,0.136,2026-08-11 21:29:05,54.0.0,2026-06-03T19:04:38-04:00,8
clickbench_partitioned,q3,table_creation,0.05,2026-08-11 21:29:05,54.0.0,2026-06-03T19:04:38-04:00,8
clickbench_partitioned,q3,query,0.161,2026-08-11 21:29:05,54.0.0,2026-06-03T19:04:38-04:00,8
clickbench_partitioned,q3,query,0.147,2026-08-11 21:29:05,54.0.0,2026-06-03T19:04:38-04:00,8
clickbench_partitioned,q3,query,0.144,2026-08-11 21:29:05,54.0.0,2026-06-03T19:04:38-04:00,8
clickbench_partitioned,q3,query,0.141,2026-08-11 21:29:05,54.0.0,2026-06-03T19:04:38-04:00,8
clickbench_partitioned,q3,query,0.143,2026-08-11 21:29:05,54.0.0,2026-06-03T19:04:38-04:00,8
clickbench_partitioned,q4,table_creation,0.05,2026-08-11 21:29:05,54.0.0,2026-06-03T19:04:38-04:00,8
clickbench_partitioned,q4,query,1.016,2026-08-11 21:29:05,54.0.0,2026-06-03T19:04:38-04:00,8
clickbench_partitioned,q4,query,0.89,2026-08-11 21:29:05,54.0.0,2026-06-03T19:04:38-04:00,8
clickbench_partitioned,q4,query,0.902,2026-08-11 21:29:05,54.0.0,2026-06-03T19:04:38-04:00,8
clickbench_partitioned,q4,query,0.918,2026-08-11 21:29:05,54.0.0,2026-06-03T19:04:38-04:00,8
clickbench_partitioned,q4,query,0.936,2026-08-11 21:29:05,54.0.0,2026-06-03T19:04:38-04:00,8
clickbench_partitioned,q5,table_creation,0.05,2026-08-11 21:29:05,54.0.0,2026-06-03T19:04:38-04:00,8
clickbench_partitioned,q5,query,1.041,2026-08-11 21:29:05,54.0.0,2026-06-03T19:04:38-04:00,8
clickbench_partitioned,q5,query,1.019,2026-08-11 21:29:05,54.0.0,2026-06-03T19:04:38-04:00,8
clickbench_partitioned,q5,query,1.013,2026-08-11 21:29:05,54.0.0,2026-06-03T19:04:38-04:00,8
clickbench_partitioned,q5,query,1.029,2026-08-11 21:29:05,54.0.0,2026-06-03T19:04:38-04:00,8
clickbench_partitioned,q5,query,1.035,2026-08-11 21:29:05,54.0.0,2026-06-03T19:04:38-04:00,8
clickbench_partitioned,q6,table_creation,0.053,2026-08-11 21:29:05,54.0.0,2026-06-03T19:04:38-04:00,8
clickbench_partitioned,q6,query,0.006,2026-08-11 21:29:05,54.0.0,2026-06-03T19:04:38-04:00,8
clickbench_partitioned,q6,query,0.002,2026-08-11 21:29:05,54.0.0,2026-06-03T19:04:38-04:00,8
clickbench_partitioned,q6,query,0.001,2026-08-11 21:29:05,54.0.0,2026-06-03T19:04:38-04:00,8
clickbench_partitioned,q6,query,0.001,2026-08-11 21:29:05,54.0.0,2026-06-03T19:04:38-04:00,8
clickbench_partitioned,q6,query,0.001,2026-08-11 21:29:05,54.0.0,2026-06-03T19:04:38-04:00,8
clickbench_partitioned,q7,table_creation,0.052,2026-08-11 21:29:05,54.0.0,2026-06-03T19:04:38-04:00,8
clickbench_partitioned,q7,query,0.057,2026-08-11 21:29:05,54.0.0,2026-06-03T19:04:38-04:00,8
clickbench_partitioned,q7,query,0.048,2026-08-11 21:29:05,54.0.0,2026-06-03T19:04:38-04:00,8
clickbench_partitioned,q7,query,0.047,2026-08-11 21:29:05,54.0.0,2026-06-03T19:04:38-04:00,8
clickbench_partitioned,q7,query,0.047,2026-08-11 21:29:05,54.0.0,2026-06-03T19:04:38-04:00,8
clickbench_partitioned,q7,query,0.047,2026-08-11 21:29:05,54.0.0,2026-06-03T19:04:38-04:00,8
clickbench_partitioned,q8,table_creation,0.053,2026-08-11 21:29:05,54.0.0,2026-06-03T19:04:38-04:00,8
clickbench_partitioned,q8,query,1.296,2026-08-11 21:29:05,54.0.0,2026-06-03T19:04:38-04:00,8
clickbench_partitioned,q8,query,1.283,2026-08-11 21:29:05,54.0.0,2026-06-03T19:04:38-04:00,8
clickbench_partitioned,q8,query,1.298,2026-08-11 21:29:05,54.0.0,2026-06-03T19:04:38-04:00,8
clickbench_partitioned,q8,query,1.3,2026-08-11 21:29:05,54.0.0,2026-06-03T19:04:38-04:00,8
clickbench_partitioned,q8,query,1.293,2026-08-11 21:29:05,54.0.0,2026-06-03T19:04:38-04:00,8
clickbench_partitioned,q9,table_creation,0.051,2026-08-11 21:29:05,54.0.0,2026-06-03T19:04:38-04:00,8
clickbench_partitioned,q9,query,1.382,2026-08-11 21:29:05,54.0.0,2026-06-03T19:04:38-04:00,8
clickbench_partitioned,q9,query,1.377,2026-08-11 21:29:05,54.0.0,2026-06-03T19:04:38-04:00,8
clickbench_partitioned,q9,query,1.347,2026-08-11 21:29:05,54.0.0,2026-06-03T19:04:38-04:00,8
clickbench_partitioned,q9,query,1.362,2026-08-11 21:29:05,54.0.0,2026-06-03T19:04:38-04:00,8
clickbench_partitioned,q9,query,1.366,2026-08-11 21:29:05,54.0.0,2026-06-03T19:04:38-04:00,8
clickbench_partitioned,q10,table_creation,0.053,2026-08-11 21:29:05,54.0.0,2026-06-03T19:04:38-04:00,8
clickbench_partitioned,q10,query,0.309,2026-08-11 21:29:05,54.0.0,2026-06-03T19:04:38-04:00,8
clickbench_partitioned,q10,query,0.29,2026-08-11 21:29:05,54.0.0,2026-06-03T19:04:38-04:00,8
clickbench_partitioned,q10,query,0.286,2026-08-11 21:29:05,54.0.0,2026-06-03T19:04:38-04:00,8
clickbench_partitioned,q10,query,0.292,2026-08-11 21:29:05,54.0.0,2026-06-03T19:04:38-04:00,8
clickbench_partitioned,q10,query,0.29,2026-08-11 21:29:05,54.0.0,2026-06-03T19:04:38-04:00,8
clickbench_partitioned,q11,table_creation,0.052,2026-08-11 21:29:05,54.0.0,2026-06-03T19:04:38-04:00,8
clickbench_partitioned,q11,query,0.346,2026-08-11 21:29:05,54.0.0,2026-06-03T19:04:38-04:00,8
clickbench_partitioned,q11,query,0.331,2026-08-11 21:29:05,54.0.0,2026-06-03T19:04:38-04:00,8
clickbench_partitioned,q11,query,0.346,2026-08-11 21:29:05,54.0.0,2026-06-03T19:04:38-04:00,8
clickbench_partitioned,q11,query,0.338,2026-08-11 21:29:05,54.0.0,2026-06-03T19:04:38-04:00,8
clickbench_partitioned,q11,query,0.337,2026-08-11 21:29:05,54.0.0,2026-06-03T19:04:38-04:00,8
clickbench_partitioned,q12,table_creation,0.053,2026-08-11 21:29:05,54.0.0,2026-06-03T19:04:38-04:00,8
clickbench_partitioned,q12,query,0.952,2026-08-11 21:29:05,54.0.0,2026-06-03T19:04:38-04:00,8
clickbench_partitioned,q12,query,0.94,2026-08-11 21:29:05,54.0.0,2026-06-03T19:04:38-04:00,8
clickbench_partitioned,q12,query,0.944,2026-08-11 21:29:05,54.0.0,2026-06-03T19:04:38-04:00,8
clickbench_partitioned,q12,query,0.95,2026-08-11 21:29:05,54.0.0,2026-06-03T19:04:38-04:00,8
clickbench_partitioned,q12,query,0.946,2026-08-11 21:29:05,54.0.0,2026-06-03T19:04:38-04:00,8
clickbench_partitioned,q13,table_creation,0.051,2026-08-11 21:29:05,54.0.0,2026-06-03T19:04:38-04:00,8
clickbench_partitioned,q13,query,1.355,2026-08-11 21:29:05,54.0.0,2026-06-03T19:04:38-04:00,8
clickbench_partitioned,q13,query,1.339,2026-08-11 21:29:05,54.0.0,2026-06-03T19:04:38-04:00,8
clickbench_partitioned,q13,query,1.415,2026-08-11 21:29:05,54.0.0,2026-06-03T19:04:38-04:00,8
clickbench_partitioned,q13,query,1.338,2026-08-11 21:29:05,54.0.0,2026-06-03T19:04:38-04:00,8
clickbench_partitioned,q13,query,1.567,2026-08-11 21:29:05,54.0.0,2026-06-03T19:04:38-04:00,8
clickbench_partitioned,q14,table_creation,0.051,2026-08-11 21:29:05,54.0.0,2026-06-03T19:04:38-04:00,8
clickbench_partitioned,q14,query,0.975,2026-08-11 21:29:05,54.0.0,2026-06-03T19:04:38-04:00,8
clickbench_partitioned,q14,query,0.951,2026-08-11 21:29:05,54.0.0,2026-06-03T19:04:38-04:00,8
clickbench_partitioned,q14,query,0.957,2026-08-11 21:29:05,54.0.0,2026-06-03T19:04:38-04:00,8
clickbench_partitioned,q14,query,0.97,2026-08-11 21:29:05,54.0.0,2026-06-03T19:04:38-04:00,8
clickbench_partitioned,q14,query,0.978,2026-08-11 21:29:05,54.0.0,2026-06-03T19:04:38-04:00,8
clickbench_partitioned,q15,table_creation,0.054,2026-08-11 21:29:05,54.0.0,2026-06-03T19:04:38-04:00,8
clickbench_partitioned,q15,query,1.051,2026-08-11 21:29:05,54.0.0,2026-06-03T19:04:38-04:00,8
clickbench_partitioned,q15,query,1.008,2026-08-11 21:29:05,54.0.0,2026-06-03T19:04:38-04:00,8
clickbench_partitioned,q15,query,1.024,2026-08-11 21:29:05,54.0.0,2026-06-03T19:04:38-04:00,8
clickbench_partitioned,q15,query,1.029,2026-08-11 21:29:05,54.0.0,2026-06-03T19:04:38-04:00,8
clickbench_partitioned,q15,query,1.036,2026-08-11 21:29:05,54.0.0,2026-06-03T19:04:38-04:00,8
clickbench_partitioned,q16,table_creation,0.052,2026-08-11 21:29:05,54.0.0,2026-06-03T19:04:38-04:00,8
clickbench_partitioned,q16,query,2.24,2026-08-11 21:29:05,54.0.0,2026-06-03T19:04:38-04:00,8
clickbench_partitioned,q16,query,2.23,2026-08-11 21:29:05,54.0.0,2026-06-03T19:04:38-04:00,8
clickbench_partitioned,q16,query,2.245,2026-08-11 21:29:05,54.0.0,2026-06-03T19:04:38-04:00,8
clickbench_partitioned,q16,query,2.242,2026-08-11 21:29:05,54.0.0,2026-06-03T19:04:38-04:00,8
clickbench_partitioned,q16,query,2.245,2026-08-11 21:29:05,54.0.0,2026-06-03T19:04:38-04:00,8
clickbench_partitioned,q17,table_creation,0.054,2026-08-11 21:29:05,54.0.0,2026-06-03T19:04:38-04:00,8
clickbench_partitioned,q17,query,2.208,2026-08-11 21:29:05,54.0.0,2026-06-03T19:04:38-04:00,8
clickbench_partitioned,q17,query,2.249,2026-08-11 21:29:05,54.0.0,2026-06-03T19:04:38-04:00,8
clickbench_partitioned,q17,query,2.228,2026-08-11 21:29:05,54.0.0,2026-06-03T19:04:38-04:00,8
clickbench_partitioned,q17,query,2.241,2026-08-11 21:29:05,54.0.0,2026-06-03T19:04:38-04:00,8
clickbench_partitioned,q17,query,2.243,2026-08-11 21:29:05,54.0.0,2026-06-03T19:04:38-04:00,8
clickbench_partitioned,q18,table_creation,0.049,2026-08-11 21:29:05,54.0.0,2026-06-03T19:04:38-04:00,8
clickbench_partitioned,q18,query,4.327,2026-08-11 21:29:05,54.0.0,2026-06-03T19:04:38-04:00,8
clickbench_partitioned,q18,query,4.409,2026-08-11 21:29:05,54.0.0,2026-06-03T19:04:38-04:00,8
clickbench_partitioned,q18,query,4.406,2026-08-11 21:29:05,54.0.0,2026-06-03T19:04:38-04:00,8
clickbench_partitioned,q18,query,4.394,2026-08-11 21:29:05,54.0.0,2026-06-03T19:04:38-04:00,8
clickbench_partitioned,q18,query,4.334,2026-08-11 21:29:05,54.0.0,2026-06-03T19:04:38-04:00,8
clickbench_partitioned,q19,table_creation,0.052,2026-08-11 21:29:05,54.0.0,2026-06-03T19:04:38-04:00,8
clickbench_partitioned,q19,query,0.131,2026-08-11 21:29:05,54.0.0,2026-06-03T19:04:38-04:00,8
clickbench_partitioned,q19,query,0.118,2026-08-11 21:29:05,54.0.0,2026-06-03T19:04:38-04:00,8
clickbench_partitioned,q19,query,0.12,2026-08-11 21:29:05,54.0.0,2026-06-03T19:04:38-04:00,8
clickbench_partitioned,q19,query,0.123,2026-08-11 21:29:05,54.0.0,2026-06-03T19:04:38-04:00,8
clickbench_partitioned,q19,query,0.119,2026-08-11 21:29:05,54.0.0,2026-06-03T19:04:38-04:00,8
clickbench_partitioned,q20,table_creation,0.055,2026-08-11 21:29:05,54.0.0,2026-06-03T19:04:38-04:00,8
clickbench_partitioned,q20,query,1.577,2026-08-11 21:29:05,54.0.0,2026-06-03T19:04:38-04:00,8
clickbench_partitioned,q20,query,1.567,2026-08-11 21:29:05,54.0.0,2026-06-03T19:04:38-04:00,8
clickbench_partitioned,q20,query,1.589,2026-08-11 21:29:05,54.0.0,2026-06-03T19:04:38-04:00,8
clickbench_partitioned,q20,query,1.579,2026-08-11 21:29:05,54.0.0,2026-06-03T19:04:38-04:00,8
clickbench_partitioned,q20,query,1.582,2026-08-11 21:29:05,54.0.0,2026-06-03T19:04:38-04:00,8
clickbench_partitioned,q21,table_creation,0.052,2026-08-11 21:29:05,54.0.0,2026-06-03T19:04:38-04:00,8
clickbench_partitioned,q21,query,1.838,2026-08-11 21:29:05,54.0.0,2026-06-03T19:04:38-04:00,8
clickbench_partitioned,q21,query,1.846,2026-08-11 21:29:05,54.0.0,2026-06-03T19:04:38-04:00,8
clickbench_partitioned,q21,query,1.851,2026-08-11 21:29:05,54.0.0,2026-06-03T19:04:38-04:00,8
clickbench_partitioned,q21,query,1.856,2026-08-11 21:29:05,54.0.0,2026-06-03T19:04:38-04:00,8
clickbench_partitioned,q21,query,1.863,2026-08-11 21:29:05,54.0.0,2026-06-03T19:04:38-04:00,8
clickbench_partitioned,q22,table_creation,0.054,2026-08-11 21:29:05,54.0.0,2026-06-03T19:04:38-04:00,8
clickbench_partitioned,q22,query,3.382,2026-08-11 21:29:05,54.0.0,2026-06-03T19:04:38-04:00,8
clickbench_partitioned,q22,query,3.411,2026-08-11 21:29:05,54.0.0,2026-06-03T19:04:38-04:00,8
clickbench_partitioned,q22,query,3.417,2026-08-11 21:29:05,54.0.0,2026-06-03T19:04:38-04:00,8
clickbench_partitioned,q22,query,3.392,2026-08-11 21:29:05,54.0.0,2026-06-03T19:04:38-04:00,8
clickbench_partitioned,q22,query,3.393,2026-08-11 21:29:05,54.0.0,2026-06-03T19:04:38-04:00,8
clickbench_partitioned,q23,table_creation,0.052,2026-08-11 21:29:05,54.0.0,2026-06-03T19:04:38-04:00,8
clickbench_partitioned,q23,query,11.332,2026-08-11 21:29:05,54.0.0,2026-06-03T19:04:38-04:00,8
clickbench_partitioned,q23,query,11.324,2026-08-11 21:29:05,54.0.0,2026-06-03T19:04:38-04:00,8
clickbench_partitioned,q23,query,11.419,2026-08-11 21:29:05,54.0.0,2026-06-03T19:04:38-04:00,8
clickbench_partitioned,q23,query,11.421,2026-08-11 21:29:05,54.0.0,2026-06-03T19:04:38-04:00,8
clickbench_partitioned,q23,query,11.515,2026-08-11 21:29:05,54.0.0,2026-06-03T19:04:38-04:00,8
clickbench_partitioned,q24,table_creation,0.053,2026-08-11 21:29:05,54.0.0,2026-06-03T19:04:38-04:00,8
clickbench_partitioned,q24,query,0.126,2026-08-11 21:29:05,54.0.0,2026-06-03T19:04:38-04:00,8
clickbench_partitioned,q24,query,0.107,2026-08-11 21:29:05,54.0.0,2026-06-03T19:04:38-04:00,8
clickbench_partitioned,q24,query,0.113,2026-08-11 21:29:05,54.0.0,2026-06-03T19:04:38-04:00,8
clickbench_partitioned,q24,query,0.108,2026-08-11 21:29:05,54.0.0,2026-06-03T19:04:38-04:00,8
clickbench_partitioned,q24,query,0.109,2026-08-11 21:29:05,54.0.0,2026-06-03T19:04:38-04:00,8
clickbench_partitioned,q25,table_creation,0.05,2026-08-11 21:29:05,54.0.0,2026-06-03T19:04:38-04:00,8
clickbench_partitioned,q25,query,0.347,2026-08-11 21:29:05,54.0.0,2026-06-03T19:04:38-04:00,8
clickbench_partitioned,q25,query,0.336,2026-08-11 21:29:05,54.0.0,2026-06-03T19:04:38-04:00,8
clickbench_partitioned,q25,query,0.336,2026-08-11 21:29:05,54.0.0,2026-06-03T19:04:38-04:00,8
clickbench_partitioned,q25,query,0.335,2026-08-11 21:29:05,54.0.0,2026-06-03T19:04:38-04:00,8
clickbench_partitioned,q25,query,0.334,2026-08-11 21:29:05,54.0.0,2026-06-03T19:04:38-04:00,8
clickbench_partitioned,q26,table_creation,0.05,2026-08-11 21:29:05,54.0.0,2026-06-03T19:04:38-04:00,8
clickbench_partitioned,q26,query,0.131,2026-08-11 21:29:05,54.0.0,2026-06-03T19:04:38-04:00,8
clickbench_partitioned,q26,query,0.11,2026-08-11 21:29:05,54.0.0,2026-06-03T19:04:38-04:00,8
clickbench_partitioned,q26,query,0.116,2026-08-11 21:29:05,54.0.0,2026-06-03T19:04:38-04:00,8
clickbench_partitioned,q26,query,0.108,2026-08-11 21:29:05,54.0.0,2026-06-03T19:04:38-04:00,8
clickbench_partitioned,q26,query,0.109,2026-08-11 21:29:05,54.0.0,2026-06-03T19:04:38-04:00,8
clickbench_partitioned,q27,table_creation,0.053,2026-08-11 21:29:05,54.0.0,2026-06-03T19:04:38-04:00,8
clickbench_partitioned,q27,query,2.237,2026-08-11 21:29:05,54.0.0,2026-06-03T19:04:38-04:00,8
clickbench_partitioned,q27,query,2.258,2026-08-11 21:29:05,54.0.0,2026-06-03T19:04:38-04:00,8
clickbench_partitioned,q27,query,2.258,2026-08-11 21:29:05,54.0.0,2026-06-03T19:04:38-04:00,8
clickbench_partitioned,q27,query,2.279,2026-08-11 21:29:05,54.0.0,2026-06-03T19:04:38-04:00,8
clickbench_partitioned,q27,query,2.293,2026-08-11 21:29:05,54.0.0,2026-06-03T19:04:38-04:00,8
clickbench_partitioned,q28,table_creation,0.053,2026-08-11 21:29:05,54.0.0,2026-06-03T19:04:38-04:00,8
clickbench_partitioned,q28,query,9.163,2026-08-11 21:29:05,54.0.0,2026-06-03T19:04:38-04:00,8
clickbench_partitioned,q28,query,9.138,2026-08-11 21:29:05,54.0.0,2026-06-03T19:04:38-04:00,8
clickbench_partitioned,q28,query,9.207,2026-08-11 21:29:05,54.0.0,2026-06-03T19:04:38-04:00,8
clickbench_partitioned,q28,query,9.21,2026-08-11 21:29:05,54.0.0,2026-06-03T19:04:38-04:00,8
clickbench_partitioned,q28,query,9.196,2026-08-11 21:29:05,54.0.0,2026-06-03T19:04:38-04:00,8
clickbench_partitioned,q29,table_creation,0.055,2026-08-11 21:29:05,54.0.0,2026-06-03T19:04:38-04:00,8
clickbench_partitioned,q29,query,0.134,2026-08-11 21:29:05,54.0.0,2026-06-03T19:04:38-04:00,8
clickbench_partitioned,q29,query,0.115,2026-08-11 21:29:05,54.0.0,2026-06-03T19:04:38-04:00,8
clickbench_partitioned,q29,query,0.112,2026-08-11 21:29:05,54.0.0,2026-06-03T19:04:38-04:00,8
clickbench_partitioned,q29,query,0.113,2026-08-11 21:29:05,54.0.0,2026-06-03T19:04:38-04:00,8
clickbench_partitioned,q29,query,0.109,2026-08-11 21:29:05,54.0.0,2026-06-03T19:04:38-04:00,8
clickbench_partitioned,q30,table_creation,0.053,2026-08-11 21:29:05,54.0.0,2026-06-03T19:04:38-04:00,8
clickbench_partitioned,q30,query,1.045,2026-08-11 21:29:05,54.0.0,2026-06-03T19:04:38-04:00,8
clickbench_partitioned,q30,query,1.025,2026-08-11 21:29:05,54.0.0,2026-06-03T19:04:38-04:00,8
clickbench_partitioned,q30,query,1.037,2026-08-11 21:29:05,54.0.0,2026-06-03T19:04:38-04:00,8
clickbench_partitioned,q30,query,1.046,2026-08-11 21:29:05,54.0.0,2026-06-03T19:04:38-04:00,8
clickbench_partitioned,q30,query,1.041,2026-08-11 21:29:05,54.0.0,2026-06-03T19:04:38-04:00,8
clickbench_partitioned,q31,table_creation,0.051,2026-08-11 21:29:05,54.0.0,2026-06-03T19:04:38-04:00,8
clickbench_partitioned,q31,query,1.102,2026-08-11 21:29:05,54.0.0,2026-06-03T19:04:38-04:00,8
clickbench_partitioned,q31,query,1.093,2026-08-11 21:29:05,54.0.0,2026-06-03T19:04:38-04:00,8
clickbench_partitioned,q31,query,1.067,2026-08-11 21:29:05,54.0.0,2026-06-03T19:04:38-04:00,8
clickbench_partitioned,q31,query,1.083,2026-08-11 21:29:05,54.0.0,2026-06-03T19:04:38-04:00,8
clickbench_partitioned,q31,query,1.072,2026-08-11 21:29:05,54.0.0,2026-06-03T19:04:38-04:00,8
clickbench_partitioned,q32,table_creation,0.051,2026-08-11 21:29:05,54.0.0,2026-06-03T19:04:38-04:00,8
clickbench_partitioned,q32,query,3.399,2026-08-11 21:29:05,54.0.0,2026-06-03T19:04:38-04:00,8
clickbench_partitioned,q32,query,3.461,2026-08-11 21:29:05,54.0.0,2026-06-03T19:04:38-04:00,8
clickbench_partitioned,q32,query,3.449,2026-08-11 21:29:05,54.0.0,2026-06-03T19:04:38-04:00,8
clickbench_partitioned,q32,query,3.422,2026-08-11 21:29:05,54.0.0,2026-06-03T19:04:38-04:00,8
clickbench_partitioned,q32,query,3.426,2026-08-11 21:29:05,54.0.0,2026-06-03T19:04:38-04:00,8
clickbench_partitioned,q33,table_creation,0.054,2026-08-11 21:29:05,54.0.0,2026-06-03T19:04:38-04:00,8
clickbench_partitioned,q33,query,4.57,2026-08-11 21:29:05,54.0.0,2026-06-03T19:04:38-04:00,8
clickbench_partitioned,q33,query,4.646,2026-08-11 21:29:05,54.0.0,2026-06-03T19:04:38-04:00,8
clickbench_partitioned,q33,query,4.617,2026-08-11 21:29:05,54.0.0,2026-06-03T19:04:38-04:00,8
clickbench_partitioned,q33,query,4.62,2026-08-11 21:29:05,54.0.0,2026-06-03T19:04:38-04:00,8
clickbench_partitioned,q33,query,4.647,2026-08-11 21:29:05,54.0.0,2026-06-03T19:04:38-04:00,8
clickbench_partitioned,q34,table_creation,0.051,2026-08-11 21:29:05,54.0.0,2026-06-03T19:04:38-04:00,8
clickbench_partitioned,q34,query,4.571,2026-08-11 21:29:05,54.0.0,2026-06-03T19:04:38-04:00,8
clickbench_partitioned,q34,query,4.649,2026-08-11 21:29:05,54.0.0,2026-06-03T19:04:38-04:00,8
clickbench_partitioned,q34,query,4.636,2026-08-11 21:29:05,54.0.0,2026-06-03T19:04:38-04:00,8
clickbench_partitioned,q34,query,4.615,2026-08-11 21:29:05,54.0.0,2026-06-03T19:04:38-04:00,8
clickbench_partitioned,q34,query,4.635,2026-08-11 21:29:05,54.0.0,2026-06-03T19:04:38-04:00,8
clickbench_partitioned,q35,table_creation,0.053,2026-08-11 21:29:05,54.0.0,2026-06-03T19:04:38-04:00,8
clickbench_partitioned,q35,query,0.921,2026-08-11 21:29:05,54.0.0,2026-06-03T19:04:38-04:00,8
clickbench_partitioned,q35,query,0.901,2026-08-11 21:29:05,54.0.0,2026-06-03T19:04:38-04:00,8
clickbench_partitioned,q35,query,0.905,2026-08-11 21:29:05,54.0.0,2026-06-03T19:04:38-04:00,8
clickbench_partitioned,q35,query,0.894,2026-08-11 21:29:05,54.0.0,2026-06-03T19:04:38-04:00,8
clickbench_partitioned,q35,query,0.916,2026-08-11 21:29:05,54.0.0,2026-06-03T19:04:38-04:00,8
clickbench_partitioned,q36,table_creation,0.056,2026-08-11 21:29:05,54.0.0,2026-06-03T19:04:38-04:00,8
clickbench_partitioned,q37,table_creation,0.053,2026-08-11 21:29:05,54.0.0,2026-06-03T19:04:38-04:00,8
clickbench_partitioned,q38,table_creation,0.05,2026-08-11 21:29:05,54.0.0,2026-06-03T19:04:38-04:00,8
clickbench_partitioned,q39,table_creation,0.053,2026-08-11 21:29:05,54.0.0,2026-06-03T19:04:38-04:00,8
clickbench_partitioned,q40,table_creation,0.052,2026-08-11 21:29:05,54.0.0,2026-06-03T19:04:38-04:00,8
clickbench_partitioned,q41,table_creation,0.053,2026-08-11 21:29:05,54.0.0,2026-06-03T19:04:38-04:00,8
clickbench_partitioned,q42,table_creation,0.054,2026-08-11 21:29:05,54.0.0,2026-06-03T19:04:38-04:00,8
clickbench_partitioned,q0,table_creation,0.109,2026-08-11 21:34:35,51.0.0,2025-11-14T10:26:52-05:00,8
clickbench_partitioned,q0,query,0.13,2026-08-11 21:34:35,51.0.0,2025-11-14T10:26:52-05:00,8
clickbench_partitioned,q0,query,0.003,2026-08-11 21:34:35,51.0.0,2025-11-14T10:26:52-05:00,8
clickbench_partitioned,q0,query,0.003,2026-08-11 21:34:35,51.0.0,2025-11-14T10:26:52-05:00,8
clickbench_partitioned,q0,query,0.002,2026-08-11 21:34:35,51.0.0,2025-11-14T10:26:52-05:00,8
clickbench_partitioned,q0,query,0.002,2026-08-11 21:34:35,51.0.0,2025-11-14T10:26:52-05:00,8
clickbench_partitioned,q1,table_creation,0.03,2026-08-11 21:34:35,51.0.0,2025-11-14T10:26:52-05:00,8
clickbench_partitioned,q1,query,0.127,2026-08-11 21:34:35,51.0.0,2025-11-14T10:26:52-05:00,8
clickbench_partitioned,q1,query,0.052,2026-08-11 21:34:35,51.0.0,2025-11-14T10:26:52-05:00,8
clickbench_partitioned,q1,query,0.054,2026-08-11 21:34:35,51.0.0,2025-11-14T10:26:52-05:00,8
clickbench_partitioned,q1,query,0.053,2026-08-11 21:34:35,51.0.0,2025-11-14T10:26:52-05:00,8
clickbench_partitioned,q1,query,0.054,2026-08-11 21:34:35,51.0.0,2025-11-14T10:26:52-05:00,8
clickbench_partitioned,q2,table_creation,0.03,2026-08-11 21:34:35,51.0.0,2025-11-14T10:26:52-05:00,8
clickbench_partitioned,q2,query,0.184,2026-08-11 21:34:35,51.0.0,2025-11-14T10:26:52-05:00,8
clickbench_partitioned,q2,query,0.153,2026-08-11 21:34:35,51.0.0,2025-11-14T10:26:52-05:00,8
clickbench_partitioned,q2,query,0.151,2026-08-11 21:34:35,51.0.0,2025-11-14T10:26:52-05:00,8
clickbench_partitioned,q2,query,0.15,2026-08-11 21:34:35,51.0.0,2025-11-14T10:26:52-05:00,8
clickbench_partitioned,q2,query,0.151,2026-08-11 21:34:35,51.0.0,2025-11-14T10:26:52-05:00,8
clickbench_partitioned,q3,table_creation,0.029,2026-08-11 21:34:35,51.0.0,2025-11-14T10:26:52-05:00,8
clickbench_partitioned,q3,query,0.198,2026-08-11 21:34:35,51.0.0,2025-11-14T10:26:52-05:00,8
clickbench_partitioned,q3,query,0.169,2026-08-11 21:34:35,51.0.0,2025-11-14T10:26:52-05:00,8
clickbench_partitioned,q3,query,0.171,2026-08-11 21:34:35,51.0.0,2025-11-14T10:26:52-05:00,8
clickbench_partitioned,q3,query,0.171,2026-08-11 21:34:35,51.0.0,2025-11-14T10:26:52-05:00,8
clickbench_partitioned,q3,query,0.165,2026-08-11 21:34:35,51.0.0,2025-11-14T10:26:52-05:00,8
clickbench_partitioned,q4,table_creation,0.03,2026-08-11 21:34:35,51.0.0,2025-11-14T10:26:52-05:00,8
clickbench_partitioned,q4,query,1.273,2026-08-11 21:34:35,51.0.0,2025-11-14T10:26:52-05:00,8
clickbench_partitioned,q4,query,1.192,2026-08-11 21:34:35,51.0.0,2025-11-14T10:26:52-05:00,8
clickbench_partitioned,q4,query,1.155,2026-08-11 21:34:35,51.0.0,2025-11-14T10:26:52-05:00,8
clickbench_partitioned,q4,query,1.112,2026-08-11 21:34:35,51.0.0,2025-11-14T10:26:52-05:00,8
clickbench_partitioned,q4,query,1.102,2026-08-11 21:34:35,51.0.0,2025-11-14T10:26:52-05:00,8
clickbench_partitioned,q5,table_creation,0.031,2026-08-11 21:34:35,51.0.0,2025-11-14T10:26:52-05:00,8
clickbench_partitioned,q5,query,1.454,2026-08-11 21:34:35,51.0.0,2025-11-14T10:26:52-05:00,8
clickbench_partitioned,q5,query,1.436,2026-08-11 21:34:35,51.0.0,2025-11-14T10:26:52-05:00,8
clickbench_partitioned,q5,query,1.443,2026-08-11 21:34:35,51.0.0,2025-11-14T10:26:52-05:00,8
clickbench_partitioned,q5,query,1.453,2026-08-11 21:34:35,51.0.0,2025-11-14T10:26:52-05:00,8
clickbench_partitioned,q5,query,1.469,2026-08-11 21:34:35,51.0.0,2025-11-14T10:26:52-05:00,8
clickbench_partitioned,q6,table_creation,0.03,2026-08-11 21:34:35,51.0.0,2025-11-14T10:26:52-05:00,8
clickbench_partitioned,q6,query,0.038,2026-08-11 21:34:35,51.0.0,2025-11-14T10:26:52-05:00,8
clickbench_partitioned,q6,query,0.003,2026-08-11 21:34:35,51.0.0,2025-11-14T10:26:52-05:00,8
clickbench_partitioned,q6,query,0.002,2026-08-11 21:34:35,51.0.0,2025-11-14T10:26:52-05:00,8
clickbench_partitioned,q6,query,0.002,2026-08-11 21:34:35,51.0.0,2025-11-14T10:26:52-05:00,8
clickbench_partitioned,q6,query,0.002,2026-08-11 21:34:35,51.0.0,2025-11-14T10:26:52-05:00,8
clickbench_partitioned,q7,table_creation,0.029,2026-08-11 21:34:35,51.0.0,2025-11-14T10:26:52-05:00,8
clickbench_partitioned,q7,query,0.097,2026-08-11 21:34:35,51.0.0,2025-11-14T10:26:52-05:00,8
clickbench_partitioned,q7,query,0.057,2026-08-11 21:34:35,51.0.0,2025-11-14T10:26:52-05:00,8
clickbench_partitioned,q7,query,0.055,2026-08-11 21:34:35,51.0.0,2025-11-14T10:26:52-05:00,8
clickbench_partitioned,q7,query,0.058,2026-08-11 21:34:35,51.0.0,2025-11-14T10:26:52-05:00,8
clickbench_partitioned,q7,query,0.061,2026-08-11 21:34:35,51.0.0,2025-11-14T10:26:52-05:00,8
clickbench_partitioned,q8,table_creation,0.029,2026-08-11 21:34:35,51.0.0,2025-11-14T10:26:52-05:00,8
clickbench_partitioned,q8,query,1.598,2026-08-11 21:34:35,51.0.0,2025-11-14T10:26:52-05:00,8
clickbench_partitioned,q8,query,1.522,2026-08-11 21:34:35,51.0.0,2025-11-14T10:26:52-05:00,8
clickbench_partitioned,q8,query,1.488,2026-08-11 21:34:35,51.0.0,2025-11-14T10:26:52-05:00,8
clickbench_partitioned,q8,query,1.431,2026-08-11 21:34:35,51.0.0,2025-11-14T10:26:52-05:00,8
clickbench_partitioned,q8,query,1.432,2026-08-11 21:34:35,51.0.0,2025-11-14T10:26:52-05:00,8
clickbench_partitioned,q9,table_creation,0.029,2026-08-11 21:34:35,51.0.0,2025-11-14T10:26:52-05:00,8
clickbench_partitioned,q9,query,1.929,2026-08-11 21:34:35,51.0.0,2025-11-14T10:26:52-05:00,8
clickbench_partitioned,q9,query,1.864,2026-08-11 21:34:35,51.0.0,2025-11-14T10:26:52-05:00,8
clickbench_partitioned,q9,query,1.848,2026-08-11 21:34:35,51.0.0,2025-11-14T10:26:52-05:00,8
clickbench_partitioned,q9,query,1.886,2026-08-11 21:34:35,51.0.0,2025-11-14T10:26:52-05:00,8
clickbench_partitioned,q9,query,1.911,2026-08-11 21:34:35,51.0.0,2025-11-14T10:26:52-05:00,8
clickbench_partitioned,q10,table_creation,0.031,2026-08-11 21:34:35,51.0.0,2025-11-14T10:26:52-05:00,8
clickbench_partitioned,q10,query,0.422,2026-08-11 21:34:35,51.0.0,2025-11-14T10:26:52-05:00,8
clickbench_partitioned,q10,query,0.371,2026-08-11 21:34:35,51.0.0,2025-11-14T10:26:52-05:00,8
clickbench_partitioned,q10,query,0.368,2026-08-11 21:34:35,51.0.0,2025-11-14T10:26:52-05:00,8
clickbench_partitioned,q10,query,0.376,2026-08-11 21:34:35,51.0.0,2025-11-14T10:26:52-05:00,8
clickbench_partitioned,q10,query,0.366,2026-08-11 21:34:35,51.0.0,2025-11-14T10:26:52-05:00,8
clickbench_partitioned,q11,table_creation,0.03,2026-08-11 21:34:35,51.0.0,2025-11-14T10:26:52-05:00,8
clickbench_partitioned,q11,query,0.451,2026-08-11 21:34:35,51.0.0,2025-11-14T10:26:52-05:00,8
clickbench_partitioned,q11,query,0.439,2026-08-11 21:34:35,51.0.0,2025-11-14T10:26:52-05:00,8
clickbench_partitioned,q11,query,0.428,2026-08-11 21:34:35,51.0.0,2025-11-14T10:26:52-05:00,8
clickbench_partitioned,q11,query,0.439,2026-08-11 21:34:35,51.0.0,2025-11-14T10:26:52-05:00,8
clickbench_partitioned,q11,query,0.429,2026-08-11 21:34:35,51.0.0,2025-11-14T10:26:52-05:00,8
clickbench_partitioned,q12,table_creation,0.029,2026-08-11 21:34:35,51.0.0,2025-11-14T10:26:52-05:00,8
clickbench_partitioned,q12,query,1.477,2026-08-11 21:34:35,51.0.0,2025-11-14T10:26:52-05:00,8
clickbench_partitioned,q12,query,1.388,2026-08-11 21:34:35,51.0.0,2025-11-14T10:26:52-05:00,8
clickbench_partitioned,q12,query,1.337,2026-08-11 21:34:35,51.0.0,2025-11-14T10:26:52-05:00,8
clickbench_partitioned,q12,query,1.309,2026-08-11 21:34:35,51.0.0,2025-11-14T10:26:52-05:00,8
clickbench_partitioned,q12,query,1.324,2026-08-11 21:34:35,51.0.0,2025-11-14T10:26:52-05:00,8
clickbench_partitioned,q13,table_creation,0.03,2026-08-11 21:34:35,51.0.0,2025-11-14T10:26:52-05:00,8
clickbench_partitioned,q13,query,2.273,2026-08-11 21:34:35,51.0.0,2025-11-14T10:26:52-05:00,8
clickbench_partitioned,q13,query,2.449,2026-08-11 21:34:35,51.0.0,2025-11-14T10:26:52-05:00,8
clickbench_partitioned,q13,query,2.178,2026-08-11 21:34:35,51.0.0,2025-11-14T10:26:52-05:00,8
clickbench_partitioned,q13,query,2.09,2026-08-11 21:34:35,51.0.0,2025-11-14T10:26:52-05:00,8
clickbench_partitioned,q13,query,2.103,2026-08-11 21:34:35,51.0.0,2025-11-14T10:26:52-05:00,8
clickbench_partitioned,q14,table_creation,0.031,2026-08-11 21:34:35,51.0.0,2025-11-14T10:26:52-05:00,8
clickbench_partitioned,q14,query,1.216,2026-08-11 21:34:35,51.0.0,2025-11-14T10:26:52-05:00,8
clickbench_partitioned,q14,query,1.18,2026-08-11 21:34:35,51.0.0,2025-11-14T10:26:52-05:00,8
clickbench_partitioned,q14,query,1.219,2026-08-11 21:34:35,51.0.0,2025-11-14T10:26:52-05:00,8
clickbench_partitioned,q14,query,1.208,2026-08-11 21:34:35,51.0.0,2025-11-14T10:26:52-05:00,8
clickbench_partitioned,q14,query,1.208,2026-08-11 21:34:35,51.0.0,2025-11-14T10:26:52-05:00,8
clickbench_partitioned,q15,table_creation,0.03,2026-08-11 21:34:35,51.0.0,2025-11-14T10:26:52-05:00,8
clickbench_partitioned,q15,query,1.419,2026-08-11 21:34:35,51.0.0,2025-11-14T10:26:52-05:00,8
clickbench_partitioned,q15,query,1.306,2026-08-11 21:34:35,51.0.0,2025-11-14T10:26:52-05:00,8
clickbench_partitioned,q15,query,1.291,2026-08-11 21:34:35,51.0.0,2025-11-14T10:26:52-05:00,8
clickbench_partitioned,q15,query,1.255,2026-08-11 21:34:35,51.0.0,2025-11-14T10:26:52-05:00,8
clickbench_partitioned,q15,query,1.278,2026-08-11 21:34:35,51.0.0,2025-11-14T10:26:52-05:00,8
clickbench_partitioned,q16,table_creation,0.03,2026-08-11 21:34:35,51.0.0,2025-11-14T10:26:52-05:00,8
clickbench_partitioned,q16,query,2.728,2026-08-11 21:34:35,51.0.0,2025-11-14T10:26:52-05:00,8
clickbench_partitioned,q16,query,2.673,2026-08-11 21:34:35,51.0.0,2025-11-14T10:26:52-05:00,8
clickbench_partitioned,q16,query,2.624,2026-08-11 21:34:35,51.0.0,2025-11-14T10:26:52-05:00,8
clickbench_partitioned,q16,query,2.709,2026-08-11 21:34:35,51.0.0,2025-11-14T10:26:52-05:00,8
clickbench_partitioned,q16,query,2.684,2026-08-11 21:34:35,51.0.0,2025-11-14T10:26:52-05:00,8
clickbench_partitioned,q17,table_creation,0.029,2026-08-11 21:34:35,51.0.0,2025-11-14T10:26:52-05:00,8
clickbench_partitioned,q17,query,2.722,2026-08-11 21:34:35,51.0.0,2025-11-14T10:26:52-05:00,8
clickbench_partitioned,q17,query,2.671,2026-08-11 21:34:35,51.0.0,2025-11-14T10:26:52-05:00,8
clickbench_partitioned,q17,query,2.609,2026-08-11 21:34:35,51.0.0,2025-11-14T10:26:52-05:00,8
clickbench_partitioned,q17,query,2.609,2026-08-11 21:34:35,51.0.0,2025-11-14T10:26:52-05:00,8
clickbench_partitioned,q17,query,2.616,2026-08-11 21:34:35,51.0.0,2025-11-14T10:26:52-05:00,8
clickbench_partitioned,q18,table_creation,0.029,2026-08-11 21:34:35,51.0.0,2025-11-14T10:26:52-05:00,8
clickbench_partitioned,q18,query,5.366,2026-08-11 21:34:35,51.0.0,2025-11-14T10:26:52-05:00,8
clickbench_partitioned,q18,query,5.307,2026-08-11 21:34:35,51.0.0,2025-11-14T10:26:52-05:00,8
clickbench_partitioned,q18,query,5.815,2026-08-11 21:34:35,51.0.0,2025-11-14T10:26:52-05:00,8
clickbench_partitioned,q18,query,5.75,2026-08-11 21:34:35,51.0.0,2025-11-14T10:26:52-05:00,8
clickbench_partitioned,q18,query,5.705,2026-08-11 21:34:35,51.0.0,2025-11-14T10:26:52-05:00,8
clickbench_partitioned,q19,table_creation,0.032,2026-08-11 21:34:35,51.0.0,2025-11-14T10:26:52-05:00,8
clickbench_partitioned,q19,query,0.181,2026-08-11 21:34:35,51.0.0,2025-11-14T10:26:52-05:00,8
clickbench_partitioned,q19,query,0.137,2026-08-11 21:34:35,51.0.0,2025-11-14T10:26:52-05:00,8
clickbench_partitioned,q19,query,0.144,2026-08-11 21:34:35,51.0.0,2025-11-14T10:26:52-05:00,8
clickbench_partitioned,q19,query,0.144,2026-08-11 21:34:35,51.0.0,2025-11-14T10:26:52-05:00,8
clickbench_partitioned,q19,query,0.15,2026-08-11 21:34:35,51.0.0,2025-11-14T10:26:52-05:00,8
clickbench_partitioned,q20,table_creation,0.029,2026-08-11 21:34:35,51.0.0,2025-11-14T10:26:52-05:00,8
clickbench_partitioned,q20,query,8.812,2026-08-11 21:34:35,51.0.0,2025-11-14T10:26:52-05:00,8
clickbench_partitioned,q20,query,1.872,2026-08-11 21:34:35,51.0.0,2025-11-14T10:26:52-05:00,8
clickbench_partitioned,q20,query,1.886,2026-08-11 21:34:35,51.0.0,2025-11-14T10:26:52-05:00,8
clickbench_partitioned,q20,query,1.88,2026-08-11 21:34:35,51.0.0,2025-11-14T10:26:52-05:00,8
clickbench_partitioned,q20,query,1.88,2026-08-11 21:34:35,51.0.0,2025-11-14T10:26:52-05:00,8
clickbench_partitioned,q21,table_creation,0.03,2026-08-11 21:34:35,51.0.0,2025-11-14T10:26:52-05:00,8
clickbench_partitioned,q21,query,2.176,2026-08-11 21:34:35,51.0.0,2025-11-14T10:26:52-05:00,8
clickbench_partitioned,q21,query,2.155,2026-08-11 21:34:35,51.0.0,2025-11-14T10:26:52-05:00,8
clickbench_partitioned,q21,query,2.168,2026-08-11 21:34:35,51.0.0,2025-11-14T10:26:52-05:00,8
clickbench_partitioned,q21,query,2.099,2026-08-11 21:34:35,51.0.0,2025-11-14T10:26:52-05:00,8
clickbench_partitioned,q21,query,2.093,2026-08-11 21:34:35,51.0.0,2025-11-14T10:26:52-05:00,8
clickbench_partitioned,q22,table_creation,0.03,2026-08-11 21:34:35,51.0.0,2025-11-14T10:26:52-05:00,8
clickbench_partitioned,q22,query,4.043,2026-08-11 21:34:35,51.0.0,2025-11-14T10:26:52-05:00,8
clickbench_partitioned,q22,query,3.714,2026-08-11 21:34:35,51.0.0,2025-11-14T10:26:52-05:00,8
clickbench_partitioned,q22,query,3.938,2026-08-11 21:34:35,51.0.0,2025-11-14T10:26:52-05:00,8
clickbench_partitioned,q22,query,3.671,2026-08-11 21:34:35,51.0.0,2025-11-14T10:26:52-05:00,8
clickbench_partitioned,q22,query,3.712,2026-08-11 21:34:35,51.0.0,2025-11-14T10:26:52-05:00,8
clickbench_partitioned,q23,table_creation,0.031,2026-08-11 21:34:35,51.0.0,2025-11-14T10:26:52-05:00,8
clickbench_partitioned,q23,query,13.417,2026-08-11 21:34:35,51.0.0,2025-11-14T10:26:52-05:00,8
clickbench_partitioned,q23,query,13.042,2026-08-11 21:34:35,51.0.0,2025-11-14T10:26:52-05:00,8
clickbench_partitioned,q23,query,12.856,2026-08-11 21:34:35,51.0.0,2025-11-14T10:26:52-05:00,8
clickbench_partitioned,q23,query,13.009,2026-08-11 21:34:35,51.0.0,2025-11-14T10:26:52-05:00,8
clickbench_partitioned,q23,query,12.893,2026-08-11 21:34:35,51.0.0,2025-11-14T10:26:52-05:00,8
clickbench_partitioned,q24,table_creation,0.031,2026-08-11 21:34:35,51.0.0,2025-11-14T10:26:52-05:00,8
clickbench_partitioned,q24,query,0.256,2026-08-11 21:34:35,51.0.0,2025-11-14T10:26:52-05:00,8
clickbench_partitioned,q24,query,0.217,2026-08-11 21:34:35,51.0.0,2025-11-14T10:26:52-05:00,8
clickbench_partitioned,q24,query,0.217,2026-08-11 21:34:35,51.0.0,2025-11-14T10:26:52-05:00,8
clickbench_partitioned,q24,query,0.223,2026-08-11 21:34:35,51.0.0,2025-11-14T10:26:52-05:00,8
clickbench_partitioned,q24,query,0.217,2026-08-11 21:34:35,51.0.0,2025-11-14T10:26:52-05:00,8
clickbench_partitioned,q25,table_creation,0.031,2026-08-11 21:34:35,51.0.0,2025-11-14T10:26:52-05:00,8
clickbench_partitioned,q25,query,0.479,2026-08-11 21:34:35,51.0.0,2025-11-14T10:26:52-05:00,8
clickbench_partitioned,q25,query,0.442,2026-08-11 21:34:35,51.0.0,2025-11-14T10:26:52-05:00,8
clickbench_partitioned,q25,query,0.44,2026-08-11 21:34:35,51.0.0,2025-11-14T10:26:52-05:00,8
clickbench_partitioned,q25,query,0.449,2026-08-11 21:34:35,51.0.0,2025-11-14T10:26:52-05:00,8
clickbench_partitioned,q25,query,0.45,2026-08-11 21:34:35,51.0.0,2025-11-14T10:26:52-05:00,8
clickbench_partitioned,q26,table_creation,0.03,2026-08-11 21:34:35,51.0.0,2025-11-14T10:26:52-05:00,8
clickbench_partitioned,q26,query,0.265,2026-08-11 21:34:35,51.0.0,2025-11-14T10:26:52-05:00,8
clickbench_partitioned,q26,query,0.222,2026-08-11 21:34:35,51.0.0,2025-11-14T10:26:52-05:00,8
clickbench_partitioned,q26,query,0.216,2026-08-11 21:34:35,51.0.0,2025-11-14T10:26:52-05:00,8
clickbench_partitioned,q26,query,0.228,2026-08-11 21:34:35,51.0.0,2025-11-14T10:26:52-05:00,8
clickbench_partitioned,q26,query,0.219,2026-08-11 21:34:35,51.0.0,2025-11-14T10:26:52-05:00,8
clickbench_partitioned,q27,table_creation,0.03,2026-08-11 21:34:35,51.0.0,2025-11-14T10:26:52-05:00,8
clickbench_partitioned,q27,query,2.68,2026-08-11 21:34:35,51.0.0,2025-11-14T10:26:52-05:00,8
clickbench_partitioned,q27,query,2.668,2026-08-11 21:34:35,51.0.0,2025-11-14T10:26:52-05:00,8
clickbench_partitioned,q27,query,2.656,2026-08-11 21:34:35,51.0.0,2025-11-14T10:26:52-05:00,8
clickbench_partitioned,q27,query,2.633,2026-08-11 21:34:35,51.0.0,2025-11-14T10:26:52-05:00,8
clickbench_partitioned,q27,query,2.638,2026-08-11 21:34:35,51.0.0,2025-11-14T10:26:52-05:00,8
clickbench_partitioned,q28,table_creation,0.032,2026-08-11 21:34:35,51.0.0,2025-11-14T10:26:52-05:00,8
clickbench_partitioned,q28,query,23.032,2026-08-11 21:34:35,51.0.0,2025-11-14T10:26:52-05:00,8
clickbench_partitioned,q28,query,23.042,2026-08-11 21:34:35,51.0.0,2025-11-14T10:26:52-05:00,8
clickbench_partitioned,q28,query,23.125,2026-08-11 21:34:35,51.0.0,2025-11-14T10:26:52-05:00,8
clickbench_partitioned,q28,query,23.218,2026-08-11 21:34:35,51.0.0,2025-11-14T10:26:52-05:00,8
clickbench_partitioned,q28,query,23.117,2026-08-11 21:34:35,51.0.0,2025-11-14T10:26:52-05:00,8
clickbench_partitioned,q29,table_creation,0.03,2026-08-11 21:34:35,51.0.0,2025-11-14T10:26:52-05:00,8
clickbench_partitioned,q29,query,1.024,2026-08-11 21:34:35,51.0.0,2025-11-14T10:26:52-05:00,8
clickbench_partitioned,q29,query,0.983,2026-08-11 21:34:35,51.0.0,2025-11-14T10:26:52-05:00,8
clickbench_partitioned,q29,query,0.986,2026-08-11 21:34:35,51.0.0,2025-11-14T10:26:52-05:00,8
clickbench_partitioned,q29,query,0.981,2026-08-11 21:34:35,51.0.0,2025-11-14T10:26:52-05:00,8
clickbench_partitioned,q29,query,0.984,2026-08-11 21:34:35,51.0.0,2025-11-14T10:26:52-05:00,8
clickbench_partitioned,q30,table_creation,0.03,2026-08-11 21:34:35,51.0.0,2025-11-14T10:26:52-05:00,8
clickbench_partitioned,q30,query,1.278,2026-08-11 21:34:35,51.0.0,2025-11-14T10:26:52-05:00,8
clickbench_partitioned,q30,query,1.245,2026-08-11 21:34:35,51.0.0,2025-11-14T10:26:52-05:00,8
clickbench_partitioned,q30,query,1.247,2026-08-11 21:34:35,51.0.0,2025-11-14T10:26:52-05:00,8
clickbench_partitioned,q30,query,1.246,2026-08-11 21:34:35,51.0.0,2025-11-14T10:26:52-05:00,8
clickbench_partitioned,q30,query,1.248,2026-08-11 21:34:35,51.0.0,2025-11-14T10:26:52-05:00,8
clickbench_partitioned,q31,table_creation,0.03,2026-08-11 21:34:35,51.0.0,2025-11-14T10:26:52-05:00,8
clickbench_partitioned,q31,query,1.538,2026-08-11 21:34:35,51.0.0,2025-11-14T10:26:52-05:00,8
clickbench_partitioned,q31,query,1.391,2026-08-11 21:34:35,51.0.0,2025-11-14T10:26:52-05:00,8
clickbench_partitioned,q31,query,1.373,2026-08-11 21:34:35,51.0.0,2025-11-14T10:26:52-05:00,8
clickbench_partitioned,q31,query,1.327,2026-08-11 21:34:35,51.0.0,2025-11-14T10:26:52-05:00,8
clickbench_partitioned,q31,query,1.349,2026-08-11 21:34:35,51.0.0,2025-11-14T10:26:52-05:00,8
clickbench_partitioned,q32,table_creation,0.03,2026-08-11 21:34:35,51.0.0,2025-11-14T10:26:52-05:00,8
clickbench_partitioned,q32,query,4.724,2026-08-11 21:34:35,51.0.0,2025-11-14T10:26:52-05:00,8
clickbench_partitioned,q32,query,4.635,2026-08-11 21:34:35,51.0.0,2025-11-14T10:26:52-05:00,8
clickbench_partitioned,q32,query,4.651,2026-08-11 21:34:35,51.0.0,2025-11-14T10:26:52-05:00,8
clickbench_partitioned,q32,query,4.601,2026-08-11 21:34:35,51.0.0,2025-11-14T10:26:52-05:00,8
clickbench_partitioned,q32,query,4.632,2026-08-11 21:34:35,51.0.0,2025-11-14T10:26:52-05:00,8
clickbench_partitioned,q33,table_creation,0.031,2026-08-11 21:34:35,51.0.0,2025-11-14T10:26:52-05:00,8
clickbench_partitioned,q33,query,5.504,2026-08-11 21:34:35,51.0.0,2025-11-14T10:26:52-05:00,8
clickbench_partitioned,q33,query,5.438,2026-08-11 21:34:35,51.0.0,2025-11-14T10:26:52-05:00,8
clickbench_partitioned,q33,query,5.954,2026-08-11 21:34:35,51.0.0,2025-11-14T10:26:52-05:00,8
clickbench_partitioned,q33,query,6.122,2026-08-11 21:34:35,51.0.0,2025-11-14T10:26:52-05:00,8
clickbench_partitioned,q33,query,6.021,2026-08-11 21:34:35,51.0.0,2025-11-14T10:26:52-05:00,8
clickbench_partitioned,q34,table_creation,0.031,2026-08-11 21:34:35,51.0.0,2025-11-14T10:26:52-05:00,8
clickbench_partitioned,q34,query,5.584,2026-08-11 21:34:35,51.0.0,2025-11-14T10:26:52-05:00,8
clickbench_partitioned,q34,query,5.443,2026-08-11 21:34:35,51.0.0,2025-11-14T10:26:52-05:00,8
clickbench_partitioned,q34,query,5.7,2026-08-11 21:34:35,51.0.0,2025-11-14T10:26:52-05:00,8
clickbench_partitioned,q34,query,5.864,2026-08-11 21:34:35,51.0.0,2025-11-14T10:26:52-05:00,8
clickbench_partitioned,q34,query,5.679,2026-08-11 21:34:35,51.0.0,2025-11-14T10:26:52-05:00,8
clickbench_partitioned,q35,table_creation,0.03,2026-08-11 21:34:35,51.0.0,2025-11-14T10:26:52-05:00,8
clickbench_partitioned,q35,query,2.197,2026-08-11 21:34:35,51.0.0,2025-11-14T10:26:52-05:00,8
clickbench_partitioned,q35,query,2.204,2026-08-11 21:34:35,51.0.0,2025-11-14T10:26:52-05:00,8
clickbench_partitioned,q35,query,2.133,2026-08-11 21:34:35,51.0.0,2025-11-14T10:26:52-05:00,8
clickbench_partitioned,q35,query,2.135,2026-08-11 21:34:35,51.0.0,2025-11-14T10:26:52-05:00,8
clickbench_partitioned,q35,query,2.17,2026-08-11 21:34:35,51.0.0,2025-11-14T10:26:52-05:00,8
clickbench_partitioned,q36,table_creation,0.03,2026-08-11 21:34:35,51.0.0,2025-11-14T10:26:52-05:00,8
clickbench_partitioned,q36,query,0.148,2026-08-11 21:34:35,51.0.0,2025-11-14T10:26:52-05:00,8
clickbench_partitioned,q36,query,0.122,2026-08-11 21:34:35,51.0.0,2025-11-14T10:26:52-05:00,8
clickbench_partitioned,q36,query,0.115,2026-08-11 21:34:35,51.0.0,2025-11-14T10:26:52-05:00,8
clickbench_partitioned,q36,query,0.117,2026-08-11 21:34:35,51.0.0,2025-11-14T10:26:52-05:00,8
clickbench_partitioned,q36,query,0.117,2026-08-11 21:34:35,51.0.0,2025-11-14T10:26:52-05:00,8
clickbench_partitioned,q37,table_creation,0.03,2026-08-11 21:34:35,51.0.0,2025-11-14T10:26:52-05:00,8
clickbench_partitioned,q37,query,0.085,2026-08-11 21:34:35,51.0.0,2025-11-14T10:26:52-05:00,8
clickbench_partitioned,q37,query,0.052,2026-08-11 21:34:35,51.0.0,2025-11-14T10:26:52-05:00,8
clickbench_partitioned,q37,query,0.05,2026-08-11 21:34:35,51.0.0,2025-11-14T10:26:52-05:00,8
clickbench_partitioned,q37,query,0.059,2026-08-11 21:34:35,51.0.0,2025-11-14T10:26:52-05:00,8
clickbench_partitioned,q37,query,0.05,2026-08-11 21:34:35,51.0.0,2025-11-14T10:26:52-05:00,8
clickbench_partitioned,q38,table_creation,0.031,2026-08-11 21:34:35,51.0.0,2025-11-14T10:26:52-05:00,8
clickbench_partitioned,q38,query,0.156,2026-08-11 21:34:35,51.0.0,2025-11-14T10:26:52-05:00,8
clickbench_partitioned,q38,query,0.124,2026-08-11 21:34:35,51.0.0,2025-11-14T10:26:52-05:00,8
clickbench_partitioned,q38,query,0.123,2026-08-11 21:34:35,51.0.0,2025-11-14T10:26:52-05:00,8
clickbench_partitioned,q38,query,0.125,2026-08-11 21:34:35,51.0.0,2025-11-14T10:26:52-05:00,8
clickbench_partitioned,q38,query,0.122,2026-08-11 21:34:35,51.0.0,2025-11-14T10:26:52-05:00,8
clickbench_partitioned,q39,table_creation,0.03,2026-08-11 21:34:35,51.0.0,2025-11-14T10:26:52-05:00,8
clickbench_partitioned,q39,query,0.244,2026-08-11 21:34:35,51.0.0,2025-11-14T10:26:52-05:00,8
clickbench_partitioned,q39,query,0.206,2026-08-11 21:34:35,51.0.0,2025-11-14T10:26:52-05:00,8
clickbench_partitioned,q39,query,0.209,2026-08-11 21:34:35,51.0.0,2025-11-14T10:26:52-05:00,8
clickbench_partitioned,q39,query,0.209,2026-08-11 21:34:35,51.0.0,2025-11-14T10:26:52-05:00,8
clickbench_partitioned,q39,query,0.208,2026-08-11 21:34:35,51.0.0,2025-11-14T10:26:52-05:00,8
clickbench_partitioned,q40,table_creation,0.03,2026-08-11 21:34:35,51.0.0,2025-11-14T10:26:52-05:00,8
clickbench_partitioned,q40,query,0.076,2026-08-11 21:34:35,51.0.0,2025-11-14T10:26:52-05:00,8
clickbench_partitioned,q40,query,0.04,2026-08-11 21:34:35,51.0.0,2025-11-14T10:26:52-05:00,8
clickbench_partitioned,q40,query,0.047,2026-08-11 21:34:35,51.0.0,2025-11-14T10:26:52-05:00,8
clickbench_partitioned,q40,query,0.045,2026-08-11 21:34:35,51.0.0,2025-11-14T10:26:52-05:00,8
clickbench_partitioned,q40,query,0.045,2026-08-11 21:34:35,51.0.0,2025-11-14T10:26:52-05:00,8
clickbench_partitioned,q41,table_creation,0.031,2026-08-11 21:34:35,51.0.0,2025-11-14T10:26:52-05:00,8
clickbench_partitioned,q41,query,0.071,2026-08-11 21:34:35,51.0.0,2025-11-14T10:26:52-05:00,8
clickbench_partitioned,q41,query,0.042,2026-08-11 21:34:35,51.0.0,2025-11-14T10:26:52-05:00,8
clickbench_partitioned,q41,query,0.038,2026-08-11 21:34:35,51.0.0,2025-11-14T10:26:52-05:00,8
clickbench_partitioned,q41,query,0.041,2026-08-11 21:34:35,51.0.0,2025-11-14T10:26:52-05:00,8
clickbench_partitioned,q41,query,0.04,2026-08-11 21:34:35,51.0.0,2025-11-14T10:26:52-05:00,8
clickbench_partitioned,q42,table_creation,0.03,2026-08-11 21:34:35,51.0.0,2025-11-14T10:26:52-05:00,8
clickbench_partitioned,q42,query,0.067,2026-08-11 21:34:35,51.0.0,2025-11-14T10:26:52-05:00,8
clickbench_partitioned,q42,query,0.033,2026-08-11 21:34:35,51.0.0,2025-11-14T10:26:52-05:00,8
clickbench_partitioned,q42,query,0.032,2026-08-11 21:34:35,51.0.0,2025-11-14T10:26:52-05:00,8
clickbench_partitioned,q42,query,0.039,2026-08-11 21:34:35,51.0.0,2025-11-14T10:26:52-05:00,8
clickbench_partitioned,q42,query,0.031,2026-08-11 21:34:35,51.0.0,2025-11-14T10:26:52-05:00,8
clickbench_partitioned,q0,table_creation,0.164,2026-08-11 21:42:39,53.1.0,2026-04-13T17:43:46-07:00,8
clickbench_partitioned,q0,query,0.077,2026-08-11 21:42:39,53.1.0,2026-04-13T17:43:46-07:00,8
clickbench_partitioned,q0,query,0.002,2026-08-11 21:42:39,53.1.0,2026-04-13T17:43:46-07:00,8
clickbench_partitioned,q0,query,0.002,2026-08-11 21:42:39,53.1.0,2026-04-13T17:43:46-07:00,8
clickbench_partitioned,q0,query,0.002,2026-08-11 21:42:39,53.1.0,2026-04-13T17:43:46-07:00,8
clickbench_partitioned,q0,query,0.001,2026-08-11 21:42:39,53.1.0,2026-04-13T17:43:46-07:00,8
clickbench_partitioned,q1,table_creation,0.052,2026-08-11 21:42:39,53.1.0,2026-04-13T17:43:46-07:00,8
clickbench_partitioned,q1,query,0.099,2026-08-11 21:42:39,53.1.0,2026-04-13T17:43:46-07:00,8
clickbench_partitioned,q1,query,0.05,2026-08-11 21:42:39,53.1.0,2026-04-13T17:43:46-07:00,8
clickbench_partitioned,q1,query,0.049,2026-08-11 21:42:39,53.1.0,2026-04-13T17:43:46-07:00,8
clickbench_partitioned,q1,query,0.048,2026-08-11 21:42:39,53.1.0,2026-04-13T17:43:46-07:00,8
clickbench_partitioned,q1,query,0.049,2026-08-11 21:42:39,53.1.0,2026-04-13T17:43:46-07:00,8
clickbench_partitioned,q2,table_creation,0.052,2026-08-11 21:42:39,53.1.0,2026-04-13T17:43:46-07:00,8
clickbench_partitioned,q2,query,0.167,2026-08-11 21:42:39,53.1.0,2026-04-13T17:43:46-07:00,8
clickbench_partitioned,q2,query,0.164,2026-08-11 21:42:39,53.1.0,2026-04-13T17:43:46-07:00,8
clickbench_partitioned,q2,query,0.17,2026-08-11 21:42:39,53.1.0,2026-04-13T17:43:46-07:00,8
clickbench_partitioned,q2,query,0.166,2026-08-11 21:42:39,53.1.0,2026-04-13T17:43:46-07:00,8
clickbench_partitioned,q2,query,0.166,2026-08-11 21:42:39,53.1.0,2026-04-13T17:43:46-07:00,8
clickbench_partitioned,q3,table_creation,0.052,2026-08-11 21:42:39,53.1.0,2026-04-13T17:43:46-07:00,8
clickbench_partitioned,q3,query,0.201,2026-08-11 21:42:39,53.1.0,2026-04-13T17:43:46-07:00,8
clickbench_partitioned,q3,query,0.16,2026-08-11 21:42:39,53.1.0,2026-04-13T17:43:46-07:00,8
clickbench_partitioned,q3,query,0.161,2026-08-11 21:42:39,53.1.0,2026-04-13T17:43:46-07:00,8
clickbench_partitioned,q3,query,0.167,2026-08-11 21:42:39,53.1.0,2026-04-13T17:43:46-07:00,8
clickbench_partitioned,q3,query,0.162,2026-08-11 21:42:39,53.1.0,2026-04-13T17:43:46-07:00,8
clickbench_partitioned,q4,table_creation,0.05,2026-08-11 21:42:39,53.1.0,2026-04-13T17:43:46-07:00,8
clickbench_partitioned,q4,query,1.178,2026-08-11 21:42:39,53.1.0,2026-04-13T17:43:46-07:00,8
clickbench_partitioned,q4,query,1.137,2026-08-11 21:42:39,53.1.0,2026-04-13T17:43:46-07:00,8
clickbench_partitioned,q4,query,1.052,2026-08-11 21:42:39,53.1.0,2026-04-13T17:43:46-07:00,8
clickbench_partitioned,q4,query,1.012,2026-08-11 21:42:39,53.1.0,2026-04-13T17:43:46-07:00,8
clickbench_partitioned,q4,query,1.005,2026-08-11 21:42:39,53.1.0,2026-04-13T17:43:46-07:00,8
clickbench_partitioned,q5,table_creation,0.051,2026-08-11 21:42:39,53.1.0,2026-04-13T17:43:46-07:00,8
clickbench_partitioned,q5,query,1.365,2026-08-11 21:42:39,53.1.0,2026-04-13T17:43:46-07:00,8
clickbench_partitioned,q5,query,1.304,2026-08-11 21:42:39,53.1.0,2026-04-13T17:43:46-07:00,8
clickbench_partitioned,q5,query,1.287,2026-08-11 21:42:39,53.1.0,2026-04-13T17:43:46-07:00,8
clickbench_partitioned,q5,query,1.268,2026-08-11 21:42:39,53.1.0,2026-04-13T17:43:46-07:00,8
clickbench_partitioned,q5,query,1.263,2026-08-11 21:42:39,53.1.0,2026-04-13T17:43:46-07:00,8
clickbench_partitioned,q6,table_creation,0.053,2026-08-11 21:42:39,53.1.0,2026-04-13T17:43:46-07:00,8
clickbench_partitioned,q6,query,0.005,2026-08-11 21:42:39,53.1.0,2026-04-13T17:43:46-07:00,8
clickbench_partitioned,q6,query,0.002,2026-08-11 21:42:39,53.1.0,2026-04-13T17:43:46-07:00,8
clickbench_partitioned,q6,query,0.002,2026-08-11 21:42:39,53.1.0,2026-04-13T17:43:46-07:00,8
clickbench_partitioned,q6,query,0.002,2026-08-11 21:42:39,53.1.0,2026-04-13T17:43:46-07:00,8
clickbench_partitioned,q6,query,0.001,2026-08-11 21:42:39,53.1.0,2026-04-13T17:43:46-07:00,8
clickbench_partitioned,q7,table_creation,0.052,2026-08-11 21:42:39,53.1.0,2026-04-13T17:43:46-07:00,8
clickbench_partitioned,q7,query,0.062,2026-08-11 21:42:39,53.1.0,2026-04-13T17:43:46-07:00,8
clickbench_partitioned,q7,query,0.051,2026-08-11 21:42:39,53.1.0,2026-04-13T17:43:46-07:00,8
clickbench_partitioned,q7,query,0.051,2026-08-11 21:42:39,53.1.0,2026-04-13T17:43:46-07:00,8
clickbench_partitioned,q7,query,0.052,2026-08-11 21:42:39,53.1.0,2026-04-13T17:43:46-07:00,8
clickbench_partitioned,q7,query,0.051,2026-08-11 21:42:39,53.1.0,2026-04-13T17:43:46-07:00,8
clickbench_partitioned,q8,table_creation,0.051,2026-08-11 21:42:39,53.1.0,2026-04-13T17:43:46-07:00,8
clickbench_partitioned,q8,query,1.525,2026-08-11 21:42:39,53.1.0,2026-04-13T17:43:46-07:00,8
clickbench_partitioned,q8,query,1.508,2026-08-11 21:42:39,53.1.0,2026-04-13T17:43:46-07:00,8
clickbench_partitioned,q8,query,1.402,2026-08-11 21:42:39,53.1.0,2026-04-13T17:43:46-07:00,8
clickbench_partitioned,q8,query,1.393,2026-08-11 21:42:39,53.1.0,2026-04-13T17:43:46-07:00,8
clickbench_partitioned,q8,query,1.363,2026-08-11 21:42:39,53.1.0,2026-04-13T17:43:46-07:00,8
clickbench_partitioned,q9,table_creation,0.051,2026-08-11 21:42:39,53.1.0,2026-04-13T17:43:46-07:00,8
clickbench_partitioned,q9,query,1.836,2026-08-11 21:42:39,53.1.0,2026-04-13T17:43:46-07:00,8
clickbench_partitioned,q9,query,1.913,2026-08-11 21:42:39,53.1.0,2026-04-13T17:43:46-07:00,8
clickbench_partitioned,q9,query,1.861,2026-08-11 21:42:39,53.1.0,2026-04-13T17:43:46-07:00,8
clickbench_partitioned,q9,query,1.881,2026-08-11 21:42:39,53.1.0,2026-04-13T17:43:46-07:00,8
clickbench_partitioned,q9,query,1.909,2026-08-11 21:42:39,53.1.0,2026-04-13T17:43:46-07:00,8
clickbench_partitioned,q10,table_creation,0.051,2026-08-11 21:42:39,53.1.0,2026-04-13T17:43:46-07:00,8
clickbench_partitioned,q10,query,0.338,2026-08-11 21:42:39,53.1.0,2026-04-13T17:43:46-07:00,8
clickbench_partitioned,q10,query,0.323,2026-08-11 21:42:39,53.1.0,2026-04-13T17:43:46-07:00,8
clickbench_partitioned,q10,query,0.322,2026-08-11 21:42:39,53.1.0,2026-04-13T17:43:46-07:00,8
clickbench_partitioned,q10,query,0.324,2026-08-11 21:42:39,53.1.0,2026-04-13T17:43:46-07:00,8
clickbench_partitioned,q10,query,0.309,2026-08-11 21:42:39,53.1.0,2026-04-13T17:43:46-07:00,8
clickbench_partitioned,q11,table_creation,0.052,2026-08-11 21:42:39,53.1.0,2026-04-13T17:43:46-07:00,8
clickbench_partitioned,q11,query,0.377,2026-08-11 21:42:39,53.1.0,2026-04-13T17:43:46-07:00,8
clickbench_partitioned,q11,query,0.382,2026-08-11 21:42:39,53.1.0,2026-04-13T17:43:46-07:00,8
clickbench_partitioned,q11,query,0.37,2026-08-11 21:42:39,53.1.0,2026-04-13T17:43:46-07:00,8
clickbench_partitioned,q11,query,0.383,2026-08-11 21:42:39,53.1.0,2026-04-13T17:43:46-07:00,8
clickbench_partitioned,q11,query,0.375,2026-08-11 21:42:39,53.1.0,2026-04-13T17:43:46-07:00,8
clickbench_partitioned,q12,table_creation,0.051,2026-08-11 21:42:39,53.1.0,2026-04-13T17:43:46-07:00,8
clickbench_partitioned,q12,query,1.15,2026-08-11 21:42:39,53.1.0,2026-04-13T17:43:46-07:00,8
clickbench_partitioned,q12,query,1.176,2026-08-11 21:42:39,53.1.0,2026-04-13T17:43:46-07:00,8
clickbench_partitioned,q12,query,1.173,2026-08-11 21:42:39,53.1.0,2026-04-13T17:43:46-07:00,8
clickbench_partitioned,q12,query,1.165,2026-08-11 21:42:39,53.1.0,2026-04-13T17:43:46-07:00,8
clickbench_partitioned,q12,query,1.178,2026-08-11 21:42:39,53.1.0,2026-04-13T17:43:46-07:00,8
clickbench_partitioned,q13,table_creation,0.051,2026-08-11 21:42:39,53.1.0,2026-04-13T17:43:46-07:00,8
clickbench_partitioned,q13,query,1.807,2026-08-11 21:42:39,53.1.0,2026-04-13T17:43:46-07:00,8
clickbench_partitioned,q13,query,1.842,2026-08-11 21:42:39,53.1.0,2026-04-13T17:43:46-07:00,8
clickbench_partitioned,q13,query,1.867,2026-08-11 21:42:39,53.1.0,2026-04-13T17:43:46-07:00,8
clickbench_partitioned,q13,query,1.799,2026-08-11 21:42:39,53.1.0,2026-04-13T17:43:46-07:00,8
clickbench_partitioned,q13,query,1.802,2026-08-11 21:42:39,53.1.0,2026-04-13T17:43:46-07:00,8
clickbench_partitioned,q14,table_creation,0.051,2026-08-11 21:42:39,53.1.0,2026-04-13T17:43:46-07:00,8
clickbench_partitioned,q14,query,1.152,2026-08-11 21:42:39,53.1.0,2026-04-13T17:43:46-07:00,8
clickbench_partitioned,q14,query,1.153,2026-08-11 21:42:39,53.1.0,2026-04-13T17:43:46-07:00,8
clickbench_partitioned,q14,query,1.169,2026-08-11 21:42:39,53.1.0,2026-04-13T17:43:46-07:00,8
clickbench_partitioned,q14,query,1.177,2026-08-11 21:42:39,53.1.0,2026-04-13T17:43:46-07:00,8
clickbench_partitioned,q14,query,1.161,2026-08-11 21:42:39,53.1.0,2026-04-13T17:43:46-07:00,8
clickbench_partitioned,q15,table_creation,0.053,2026-08-11 21:42:39,53.1.0,2026-04-13T17:43:46-07:00,8
clickbench_partitioned,q15,query,1.34,2026-08-11 21:42:39,53.1.0,2026-04-13T17:43:46-07:00,8
clickbench_partitioned,q15,query,1.26,2026-08-11 21:42:39,53.1.0,2026-04-13T17:43:46-07:00,8
clickbench_partitioned,q15,query,1.213,2026-08-11 21:42:39,53.1.0,2026-04-13T17:43:46-07:00,8
clickbench_partitioned,q15,query,1.171,2026-08-11 21:42:39,53.1.0,2026-04-13T17:43:46-07:00,8
clickbench_partitioned,q15,query,1.157,2026-08-11 21:42:39,53.1.0,2026-04-13T17:43:46-07:00,8
clickbench_partitioned,q16,table_creation,0.051,2026-08-11 21:42:39,53.1.0,2026-04-13T17:43:46-07:00,8
clickbench_partitioned,q16,query,2.618,2026-08-11 21:42:39,53.1.0,2026-04-13T17:43:46-07:00,8
clickbench_partitioned,q16,query,2.525,2026-08-11 21:42:39,53.1.0,2026-04-13T17:43:46-07:00,8
clickbench_partitioned,q16,query,2.434,2026-08-11 21:42:39,53.1.0,2026-04-13T17:43:46-07:00,8
clickbench_partitioned,q16,query,2.446,2026-08-11 21:42:39,53.1.0,2026-04-13T17:43:46-07:00,8
clickbench_partitioned,q16,query,2.389,2026-08-11 21:42:39,53.1.0,2026-04-13T17:43:46-07:00,8
clickbench_partitioned,q17,table_creation,0.051,2026-08-11 21:42:39,53.1.0,2026-04-13T17:43:46-07:00,8
clickbench_partitioned,q17,query,2.54,2026-08-11 21:42:39,53.1.0,2026-04-13T17:43:46-07:00,8
clickbench_partitioned,q17,query,2.477,2026-08-11 21:42:39,53.1.0,2026-04-13T17:43:46-07:00,8
clickbench_partitioned,q17,query,2.464,2026-08-11 21:42:39,53.1.0,2026-04-13T17:43:46-07:00,8
clickbench_partitioned,q17,query,2.435,2026-08-11 21:42:39,53.1.0,2026-04-13T17:43:46-07:00,8
clickbench_partitioned,q17,query,2.436,2026-08-11 21:42:39,53.1.0,2026-04-13T17:43:46-07:00,8
clickbench_partitioned,q18,table_creation,0.05,2026-08-11 21:42:39,53.1.0,2026-04-13T17:43:46-07:00,8
clickbench_partitioned,q18,query,4.906,2026-08-11 21:42:39,53.1.0,2026-04-13T17:43:46-07:00,8
clickbench_partitioned,q18,query,4.814,2026-08-11 21:42:39,53.1.0,2026-04-13T17:43:46-07:00,8
clickbench_partitioned,q18,query,5.005,2026-08-11 21:42:39,53.1.0,2026-04-13T17:43:46-07:00,8
clickbench_partitioned,q18,query,4.652,2026-08-11 21:42:39,53.1.0,2026-04-13T17:43:46-07:00,8
clickbench_partitioned,q18,query,4.652,2026-08-11 21:42:39,53.1.0,2026-04-13T17:43:46-07:00,8
clickbench_partitioned,q19,table_creation,0.053,2026-08-11 21:42:39,53.1.0,2026-04-13T17:43:46-07:00,8
clickbench_partitioned,q19,query,0.128,2026-08-11 21:42:39,53.1.0,2026-04-13T17:43:46-07:00,8
clickbench_partitioned,q19,query,0.124,2026-08-11 21:42:39,53.1.0,2026-04-13T17:43:46-07:00,8
clickbench_partitioned,q19,query,0.126,2026-08-11 21:42:39,53.1.0,2026-04-13T17:43:46-07:00,8
clickbench_partitioned,q19,query,0.127,2026-08-11 21:42:39,53.1.0,2026-04-13T17:43:46-07:00,8
clickbench_partitioned,q19,query,0.13,2026-08-11 21:42:39,53.1.0,2026-04-13T17:43:46-07:00,8
clickbench_partitioned,q20,table_creation,0.051,2026-08-11 21:42:39,53.1.0,2026-04-13T17:43:46-07:00,8
clickbench_partitioned,q20,query,1.899,2026-08-11 21:42:39,53.1.0,2026-04-13T17:43:46-07:00,8
clickbench_partitioned,q20,query,1.868,2026-08-11 21:42:39,53.1.0,2026-04-13T17:43:46-07:00,8
clickbench_partitioned,q20,query,1.878,2026-08-11 21:42:39,53.1.0,2026-04-13T17:43:46-07:00,8
clickbench_partitioned,q20,query,1.827,2026-08-11 21:42:39,53.1.0,2026-04-13T17:43:46-07:00,8
clickbench_partitioned,q20,query,1.843,2026-08-11 21:42:39,53.1.0,2026-04-13T17:43:46-07:00,8
clickbench_partitioned,q21,table_creation,0.051,2026-08-11 21:42:39,53.1.0,2026-04-13T17:43:46-07:00,8
clickbench_partitioned,q21,query,2.16,2026-08-11 21:42:39,53.1.0,2026-04-13T17:43:46-07:00,8
clickbench_partitioned,q21,query,2.142,2026-08-11 21:42:39,53.1.0,2026-04-13T17:43:46-07:00,8
clickbench_partitioned,q21,query,2.119,2026-08-11 21:42:39,53.1.0,2026-04-13T17:43:46-07:00,8
clickbench_partitioned,q21,query,2.103,2026-08-11 21:42:39,53.1.0,2026-04-13T17:43:46-07:00,8
clickbench_partitioned,q21,query,2.101,2026-08-11 21:42:39,53.1.0,2026-04-13T17:43:46-07:00,8
clickbench_partitioned,q22,table_creation,0.05,2026-08-11 21:42:39,53.1.0,2026-04-13T17:43:46-07:00,8
clickbench_partitioned,q22,query,4.816,2026-08-11 21:42:39,53.1.0,2026-04-13T17:43:46-07:00,8
clickbench_partitioned,q22,query,3.701,2026-08-11 21:42:39,53.1.0,2026-04-13T17:43:46-07:00,8
clickbench_partitioned,q22,query,3.821,2026-08-11 21:42:39,53.1.0,2026-04-13T17:43:46-07:00,8
clickbench_partitioned,q22,query,3.624,2026-08-11 21:42:39,53.1.0,2026-04-13T17:43:46-07:00,8
clickbench_partitioned,q22,query,3.557,2026-08-11 21:42:39,53.1.0,2026-04-13T17:43:46-07:00,8
clickbench_partitioned,q23,table_creation,0.052,2026-08-11 21:42:39,53.1.0,2026-04-13T17:43:46-07:00,8
clickbench_partitioned,q23,query,13.607,2026-08-11 21:42:39,53.1.0,2026-04-13T17:43:46-07:00,8
clickbench_partitioned,q23,query,18.351,2026-08-11 21:42:39,53.1.0,2026-04-13T17:43:46-07:00,8
clickbench_partitioned,q23,query,18.864,2026-08-11 21:42:39,53.1.0,2026-04-13T17:43:46-07:00,8
clickbench_partitioned,q23,query,12.716,2026-08-11 21:42:39,53.1.0,2026-04-13T17:43:46-07:00,8
clickbench_partitioned,q23,query,12.001,2026-08-11 21:42:39,53.1.0,2026-04-13T17:43:46-07:00,8
clickbench_partitioned,q24,table_creation,0.051,2026-08-11 21:42:39,53.1.0,2026-04-13T17:43:46-07:00,8
clickbench_partitioned,q24,query,0.194,2026-08-11 21:42:39,53.1.0,2026-04-13T17:43:46-07:00,8
clickbench_partitioned,q24,query,0.192,2026-08-11 21:42:39,53.1.0,2026-04-13T17:43:46-07:00,8
clickbench_partitioned,q24,query,0.203,2026-08-11 21:42:39,53.1.0,2026-04-13T17:43:46-07:00,8
clickbench_partitioned,q24,query,0.2,2026-08-11 21:42:39,53.1.0,2026-04-13T17:43:46-07:00,8
clickbench_partitioned,q24,query,0.198,2026-08-11 21:42:39,53.1.0,2026-04-13T17:43:46-07:00,8
clickbench_partitioned,q25,table_creation,0.052,2026-08-11 21:42:39,53.1.0,2026-04-13T17:43:46-07:00,8
clickbench_partitioned,q25,query,0.429,2026-08-11 21:42:39,53.1.0,2026-04-13T17:43:46-07:00,8
clickbench_partitioned,q25,query,0.44,2026-08-11 21:42:39,53.1.0,2026-04-13T17:43:46-07:00,8
clickbench_partitioned,q25,query,0.456,2026-08-11 21:42:39,53.1.0,2026-04-13T17:43:46-07:00,8
clickbench_partitioned,q25,query,0.447,2026-08-11 21:42:39,53.1.0,2026-04-13T17:43:46-07:00,8
clickbench_partitioned,q25,query,0.434,2026-08-11 21:42:39,53.1.0,2026-04-13T17:43:46-07:00,8
clickbench_partitioned,q26,table_creation,0.052,2026-08-11 21:42:39,53.1.0,2026-04-13T17:43:46-07:00,8
clickbench_partitioned,q26,query,0.197,2026-08-11 21:42:39,53.1.0,2026-04-13T17:43:46-07:00,8
clickbench_partitioned,q26,query,0.206,2026-08-11 21:42:39,53.1.0,2026-04-13T17:43:46-07:00,8
clickbench_partitioned,q26,query,0.2,2026-08-11 21:42:39,53.1.0,2026-04-13T17:43:46-07:00,8
clickbench_partitioned,q26,query,0.213,2026-08-11 21:42:39,53.1.0,2026-04-13T17:43:46-07:00,8
clickbench_partitioned,q26,query,0.217,2026-08-11 21:42:39,53.1.0,2026-04-13T17:43:46-07:00,8
clickbench_partitioned,q27,table_creation,0.051,2026-08-11 21:42:39,53.1.0,2026-04-13T17:43:46-07:00,8
clickbench_partitioned,q27,query,2.624,2026-08-11 21:42:39,53.1.0,2026-04-13T17:43:46-07:00,8
clickbench_partitioned,q27,query,2.595,2026-08-11 21:42:39,53.1.0,2026-04-13T17:43:46-07:00,8
clickbench_partitioned,q27,query,2.591,2026-08-11 21:42:39,53.1.0,2026-04-13T17:43:46-07:00,8
clickbench_partitioned,q27,query,2.581,2026-08-11 21:42:39,53.1.0,2026-04-13T17:43:46-07:00,8
clickbench_partitioned,q27,query,2.551,2026-08-11 21:42:39,53.1.0,2026-04-13T17:43:46-07:00,8
clickbench_partitioned,q28,table_creation,0.05,2026-08-11 21:42:39,53.1.0,2026-04-13T17:43:46-07:00,8
clickbench_partitioned,q28,query,23.103,2026-08-11 21:42:39,53.1.0,2026-04-13T17:43:46-07:00,8
clickbench_partitioned,q28,query,23.392,2026-08-11 21:42:39,53.1.0,2026-04-13T17:43:46-07:00,8
clickbench_partitioned,q28,query,23.582,2026-08-11 21:42:39,53.1.0,2026-04-13T17:43:46-07:00,8
clickbench_partitioned,q28,query,23.465,2026-08-11 21:42:39,53.1.0,2026-04-13T17:43:46-07:00,8
clickbench_partitioned,q28,query,23.552,2026-08-11 21:42:39,53.1.0,2026-04-13T17:43:46-07:00,8
clickbench_partitioned,q29,table_creation,0.054,2026-08-11 21:42:39,53.1.0,2026-04-13T17:43:46-07:00,8
clickbench_partitioned,q29,query,0.97,2026-08-11 21:42:39,53.1.0,2026-04-13T17:43:46-07:00,8
clickbench_partitioned,q29,query,0.967,2026-08-11 21:42:39,53.1.0,2026-04-13T17:43:46-07:00,8
clickbench_partitioned,q29,query,0.988,2026-08-11 21:42:39,53.1.0,2026-04-13T17:43:46-07:00,8
clickbench_partitioned,q29,query,0.984,2026-08-11 21:42:39,53.1.0,2026-04-13T17:43:46-07:00,8
clickbench_partitioned,q29,query,0.974,2026-08-11 21:42:39,53.1.0,2026-04-13T17:43:46-07:00,8
clickbench_partitioned,q30,table_creation,0.053,2026-08-11 21:42:39,53.1.0,2026-04-13T17:43:46-07:00,8
clickbench_partitioned,q30,query,1.266,2026-08-11 21:42:39,53.1.0,2026-04-13T17:43:46-07:00,8
clickbench_partitioned,q30,query,1.197,2026-08-11 21:42:39,53.1.0,2026-04-13T17:43:46-07:00,8
clickbench_partitioned,q30,query,1.159,2026-08-11 21:42:39,53.1.0,2026-04-13T17:43:46-07:00,8
clickbench_partitioned,q30,query,1.169,2026-08-11 21:42:39,53.1.0,2026-04-13T17:43:46-07:00,8
clickbench_partitioned,q30,query,1.181,2026-08-11 21:42:39,53.1.0,2026-04-13T17:43:46-07:00,8
clickbench_partitioned,q31,table_creation,0.05,2026-08-11 21:42:39,53.1.0,2026-04-13T17:43:46-07:00,8
clickbench_partitioned,q31,query,1.32,2026-08-11 21:42:39,53.1.0,2026-04-13T17:43:46-07:00,8
clickbench_partitioned,q31,query,1.247,2026-08-11 21:42:39,53.1.0,2026-04-13T17:43:46-07:00,8
clickbench_partitioned,q31,query,1.268,2026-08-11 21:42:39,53.1.0,2026-04-13T17:43:46-07:00,8
clickbench_partitioned,q31,query,1.239,2026-08-11 21:42:39,53.1.0,2026-04-13T17:43:46-07:00,8
clickbench_partitioned,q31,query,1.225,2026-08-11 21:42:39,53.1.0,2026-04-13T17:43:46-07:00,8
clickbench_partitioned,q32,table_creation,0.051,2026-08-11 21:42:39,53.1.0,2026-04-13T17:43:46-07:00,8
clickbench_partitioned,q32,query,3.966,2026-08-11 21:42:39,53.1.0,2026-04-13T17:43:46-07:00,8
clickbench_partitioned,q32,query,3.77,2026-08-11 21:42:39,53.1.0,2026-04-13T17:43:46-07:00,8
clickbench_partitioned,q32,query,3.883,2026-08-11 21:42:39,53.1.0,2026-04-13T17:43:46-07:00,8
clickbench_partitioned,q32,query,3.801,2026-08-11 21:42:39,53.1.0,2026-04-13T17:43:46-07:00,8
clickbench_partitioned,q32,query,3.738,2026-08-11 21:42:39,53.1.0,2026-04-13T17:43:46-07:00,8
clickbench_partitioned,q33,table_creation,0.051,2026-08-11 21:42:39,53.1.0,2026-04-13T17:43:46-07:00,8
clickbench_partitioned,q33,query,5.135,2026-08-11 21:42:39,53.1.0,2026-04-13T17:43:46-07:00,8
clickbench_partitioned,q33,query,4.886,2026-08-11 21:42:39,53.1.0,2026-04-13T17:43:46-07:00,8
clickbench_partitioned,q33,query,5.146,2026-08-11 21:42:39,53.1.0,2026-04-13T17:43:46-07:00,8
clickbench_partitioned,q33,query,5.269,2026-08-11 21:42:39,53.1.0,2026-04-13T17:43:46-07:00,8
clickbench_partitioned,q33,query,5.789,2026-08-11 21:42:39,53.1.0,2026-04-13T17:43:46-07:00,8
clickbench_partitioned,q34,table_creation,0.051,2026-08-11 21:42:39,53.1.0,2026-04-13T17:43:46-07:00,8
clickbench_partitioned,q34,query,5.047,2026-08-11 21:42:39,53.1.0,2026-04-13T17:43:46-07:00,8
clickbench_partitioned,q34,query,4.942,2026-08-11 21:42:39,53.1.0,2026-04-13T17:43:46-07:00,8
clickbench_partitioned,q34,query,5.227,2026-08-11 21:42:39,53.1.0,2026-04-13T17:43:46-07:00,8
clickbench_partitioned,q34,query,5.246,2026-08-11 21:42:39,53.1.0,2026-04-13T17:43:46-07:00,8
clickbench_partitioned,q34,query,5.354,2026-08-11 21:42:39,53.1.0,2026-04-13T17:43:46-07:00,8
clickbench_partitioned,q35,table_creation,0.051,2026-08-11 21:42:39,53.1.0,2026-04-13T17:43:46-07:00,8
clickbench_partitioned,q35,query,1.759,2026-08-11 21:42:39,53.1.0,2026-04-13T17:43:46-07:00,8
clickbench_partitioned,q35,query,1.724,2026-08-11 21:42:39,53.1.0,2026-04-13T17:43:46-07:00,8
clickbench_partitioned,q35,query,1.728,2026-08-11 21:42:39,53.1.0,2026-04-13T17:43:46-07:00,8
clickbench_partitioned,q35,query,1.72,2026-08-11 21:42:39,53.1.0,2026-04-13T17:43:46-07:00,8
clickbench_partitioned,q35,query,1.724,2026-08-11 21:42:39,53.1.0,2026-04-13T17:43:46-07:00,8
clickbench_partitioned,q36,table_creation,0.051,2026-08-11 21:42:39,53.1.0,2026-04-13T17:43:46-07:00,8
clickbench_partitioned,q36,query,0.078,2026-08-11 21:42:39,53.1.0,2026-04-13T17:43:46-07:00,8
clickbench_partitioned,q36,query,0.063,2026-08-11 21:42:39,53.1.0,2026-04-13T17:43:46-07:00,8
clickbench_partitioned,q36,query,0.064,2026-08-11 21:42:39,53.1.0,2026-04-13T17:43:46-07:00,8
clickbench_partitioned,q36,query,0.063,2026-08-11 21:42:39,53.1.0,2026-04-13T17:43:46-07:00,8
clickbench_partitioned,q36,query,0.063,2026-08-11 21:42:39,53.1.0,2026-04-13T17:43:46-07:00,8
clickbench_partitioned,q37,table_creation,0.052,2026-08-11 21:42:39,53.1.0,2026-04-13T17:43:46-07:00,8
clickbench_partitioned,q37,query,0.076,2026-08-11 21:42:39,53.1.0,2026-04-13T17:43:46-07:00,8
clickbench_partitioned,q37,query,0.044,2026-08-11 21:42:39,53.1.0,2026-04-13T17:43:46-07:00,8
clickbench_partitioned,q37,query,0.04,2026-08-11 21:42:39,53.1.0,2026-04-13T17:43:46-07:00,8
clickbench_partitioned,q37,query,0.04,2026-08-11 21:42:39,53.1.0,2026-04-13T17:43:46-07:00,8
clickbench_partitioned,q37,query,0.046,2026-08-11 21:42:39,53.1.0,2026-04-13T17:43:46-07:00,8
clickbench_partitioned,q38,table_creation,0.052,2026-08-11 21:42:39,53.1.0,2026-04-13T17:43:46-07:00,8
clickbench_partitioned,q38,query,0.078,2026-08-11 21:42:39,53.1.0,2026-04-13T17:43:46-07:00,8
clickbench_partitioned,q38,query,0.069,2026-08-11 21:42:39,53.1.0,2026-04-13T17:43:46-07:00,8
clickbench_partitioned,q38,query,0.067,2026-08-11 21:42:39,53.1.0,2026-04-13T17:43:46-07:00,8
clickbench_partitioned,q38,query,0.066,2026-08-11 21:42:39,53.1.0,2026-04-13T17:43:46-07:00,8
clickbench_partitioned,q38,query,0.075,2026-08-11 21:42:39,53.1.0,2026-04-13T17:43:46-07:00,8
clickbench_partitioned,q39,table_creation,0.053,2026-08-11 21:42:39,53.1.0,2026-04-13T17:43:46-07:00,8
clickbench_partitioned,q39,query,0.11,2026-08-11 21:42:39,53.1.0,2026-04-13T17:43:46-07:00,8
clickbench_partitioned,q39,query,0.109,2026-08-11 21:42:39,53.1.0,2026-04-13T17:43:46-07:00,8
clickbench_partitioned,q39,query,0.108,2026-08-11 21:42:39,53.1.0,2026-04-13T17:43:46-07:00,8
clickbench_partitioned,q39,query,0.114,2026-08-11 21:42:39,53.1.0,2026-04-13T17:43:46-07:00,8
clickbench_partitioned,q39,query,0.108,2026-08-11 21:42:39,53.1.0,2026-04-13T17:43:46-07:00,8
clickbench_partitioned,q40,table_creation,0.051,2026-08-11 21:42:39,53.1.0,2026-04-13T17:43:46-07:00,8
clickbench_partitioned,q40,query,0.04,2026-08-11 21:42:39,53.1.0,2026-04-13T17:43:46-07:00,8
clickbench_partitioned,q40,query,0.021,2026-08-11 21:42:39,53.1.0,2026-04-13T17:43:46-07:00,8
clickbench_partitioned,q40,query,0.02,2026-08-11 21:42:39,53.1.0,2026-04-13T17:43:46-07:00,8
clickbench_partitioned,q40,query,0.027,2026-08-11 21:42:39,53.1.0,2026-04-13T17:43:46-07:00,8
clickbench_partitioned,q40,query,0.029,2026-08-11 21:42:39,53.1.0,2026-04-13T17:43:46-07:00,8
clickbench_partitioned,q41,table_creation,0.052,2026-08-11 21:42:39,53.1.0,2026-04-13T17:43:46-07:00,8
clickbench_partitioned,q41,query,0.025,2026-08-11 21:42:39,53.1.0,2026-04-13T17:43:46-07:00,8
clickbench_partitioned,q41,query,0.018,2026-08-11 21:42:39,53.1.0,2026-04-13T17:43:46-07:00,8
clickbench_partitioned,q41,query,0.021,2026-08-11 21:42:39,53.1.0,2026-04-13T17:43:46-07:00,8
clickbench_partitioned,q41,query,0.019,2026-08-11 21:42:39,53.1.0,2026-04-13T17:43:46-07:00,8
clickbench_partitioned,q41,query,0.021,2026-08-11 21:42:39,53.1.0,2026-04-13T17:43:46-07:00,8
clickbench_partitioned,q42,table_creation,0.051,2026-08-11 21:42:39,53.1.0,2026-04-13T17:43:46-07:00,8
clickbench_partitioned,q42,query,0.021,2026-08-11 21:42:39,53.1.0,2026-04-13T17:43:46-07:00,8
clickbench_partitioned,q42,query,0.022,2026-08-11 21:42:39,53.1.0,2026-04-13T17:43:46-07:00,8
clickbench_partitioned,q42,query,0.017,2026-08-11 21:42:39,53.1.0,2026-04-13T17:43:46-07:00,8
clickbench_partitioned,q42,query,0.018,2026-08-11 21:42:39,53.1.0,2026-04-13T17:43:46-07:00,8
clickbench_partitioned,q42,query,0.018,2026-08-11 21:42:39,53.1.0,2026-04-13T17:43:46-07:00,8
clickbench_partitioned,q0,table_creation,0.174,2026-08-11 21:50:24,54.1.0,2026-07-18T08:59:01-04:00,8
clickbench_partitioned,q0,query,0.076,2026-08-11 21:50:24,54.1.0,2026-07-18T08:59:01-04:00,8
clickbench_partitioned,q0,query,0.002,2026-08-11 21:50:24,54.1.0,2026-07-18T08:59:01-04:00,8
clickbench_partitioned,q0,query,0.002,2026-08-11 21:50:24,54.1.0,2026-07-18T08:59:01-04:00,8
clickbench_partitioned,q0,query,0.001,2026-08-11 21:50:24,54.1.0,2026-07-18T08:59:01-04:00,8
clickbench_partitioned,q0,query,0.001,2026-08-11 21:50:24,54.1.0,2026-07-18T08:59:01-04:00,8
clickbench_partitioned,q1,table_creation,0.057,2026-08-11 21:50:24,54.1.0,2026-07-18T08:59:01-04:00,8
clickbench_partitioned,q1,query,0.086,2026-08-11 21:50:24,54.1.0,2026-07-18T08:59:01-04:00,8
clickbench_partitioned,q1,query,0.045,2026-08-11 21:50:24,54.1.0,2026-07-18T08:59:01-04:00,8
clickbench_partitioned,q1,query,0.045,2026-08-11 21:50:24,54.1.0,2026-07-18T08:59:01-04:00,8
clickbench_partitioned,q1,query,0.044,2026-08-11 21:50:24,54.1.0,2026-07-18T08:59:01-04:00,8
clickbench_partitioned,q1,query,0.045,2026-08-11 21:50:24,54.1.0,2026-07-18T08:59:01-04:00,8
clickbench_partitioned,q2,table_creation,0.056,2026-08-11 21:50:24,54.1.0,2026-07-18T08:59:01-04:00,8
clickbench_partitioned,q2,query,0.157,2026-08-11 21:50:24,54.1.0,2026-07-18T08:59:01-04:00,8
clickbench_partitioned,q2,query,0.133,2026-08-11 21:50:24,54.1.0,2026-07-18T08:59:01-04:00,8
clickbench_partitioned,q2,query,0.129,2026-08-11 21:50:24,54.1.0,2026-07-18T08:59:01-04:00,8
clickbench_partitioned,q2,query,0.133,2026-08-11 21:50:24,54.1.0,2026-07-18T08:59:01-04:00,8
clickbench_partitioned,q2,query,0.133,2026-08-11 21:50:24,54.1.0,2026-07-18T08:59:01-04:00,8
clickbench_partitioned,q3,table_creation,0.06,2026-08-11 21:50:24,54.1.0,2026-07-18T08:59:01-04:00,8
clickbench_partitioned,q3,query,0.236,2026-08-11 21:50:24,54.1.0,2026-07-18T08:59:01-04:00,8
clickbench_partitioned,q3,query,0.15,2026-08-11 21:50:24,54.1.0,2026-07-18T08:59:01-04:00,8
clickbench_partitioned,q3,query,0.147,2026-08-11 21:50:24,54.1.0,2026-07-18T08:59:01-04:00,8
clickbench_partitioned,q3,query,0.146,2026-08-11 21:50:24,54.1.0,2026-07-18T08:59:01-04:00,8
clickbench_partitioned,q3,query,0.146,2026-08-11 21:50:24,54.1.0,2026-07-18T08:59:01-04:00,8
clickbench_partitioned,q4,table_creation,0.055,2026-08-11 21:50:24,54.1.0,2026-07-18T08:59:01-04:00,8
clickbench_partitioned,q4,query,1.006,2026-08-11 21:50:24,54.1.0,2026-07-18T08:59:01-04:00,8
clickbench_partitioned,q4,query,0.89,2026-08-11 21:50:24,54.1.0,2026-07-18T08:59:01-04:00,8
clickbench_partitioned,q4,query,0.918,2026-08-11 21:50:24,54.1.0,2026-07-18T08:59:01-04:00,8
clickbench_partitioned,q4,query,0.932,2026-08-11 21:50:24,54.1.0,2026-07-18T08:59:01-04:00,8
clickbench_partitioned,q4,query,0.9,2026-08-11 21:50:24,54.1.0,2026-07-18T08:59:01-04:00,8
clickbench_partitioned,q5,table_creation,0.055,2026-08-11 21:50:24,54.1.0,2026-07-18T08:59:01-04:00,8
clickbench_partitioned,q5,query,1.08,2026-08-11 21:50:24,54.1.0,2026-07-18T08:59:01-04:00,8
clickbench_partitioned,q5,query,1.042,2026-08-11 21:50:24,54.1.0,2026-07-18T08:59:01-04:00,8
clickbench_partitioned,q5,query,1.082,2026-08-11 21:50:24,54.1.0,2026-07-18T08:59:01-04:00,8
clickbench_partitioned,q5,query,1.054,2026-08-11 21:50:24,54.1.0,2026-07-18T08:59:01-04:00,8
clickbench_partitioned,q5,query,1.072,2026-08-11 21:50:24,54.1.0,2026-07-18T08:59:01-04:00,8
clickbench_partitioned,q6,table_creation,0.056,2026-08-11 21:50:24,54.1.0,2026-07-18T08:59:01-04:00,8
clickbench_partitioned,q6,query,0.008,2026-08-11 21:50:24,54.1.0,2026-07-18T08:59:01-04:00,8
clickbench_partitioned,q6,query,0.002,2026-08-11 21:50:24,54.1.0,2026-07-18T08:59:01-04:00,8
clickbench_partitioned,q6,query,0.001,2026-08-11 21:50:24,54.1.0,2026-07-18T08:59:01-04:00,8
clickbench_partitioned,q6,query,0.001,2026-08-11 21:50:24,54.1.0,2026-07-18T08:59:01-04:00,8
clickbench_partitioned,q6,query,0.001,2026-08-11 21:50:24,54.1.0,2026-07-18T08:59:01-04:00,8
clickbench_partitioned,q7,table_creation,0.057,2026-08-11 21:50:24,54.1.0,2026-07-18T08:59:01-04:00,8
clickbench_partitioned,q7,query,0.062,2026-08-11 21:50:24,54.1.0,2026-07-18T08:59:01-04:00,8
clickbench_partitioned,q7,query,0.047,2026-08-11 21:50:24,54.1.0,2026-07-18T08:59:01-04:00,8
clickbench_partitioned,q7,query,0.048,2026-08-11 21:50:24,54.1.0,2026-07-18T08:59:01-04:00,8
clickbench_partitioned,q7,query,0.047,2026-08-11 21:50:24,54.1.0,2026-07-18T08:59:01-04:00,8
clickbench_partitioned,q7,query,0.048,2026-08-11 21:50:24,54.1.0,2026-07-18T08:59:01-04:00,8
clickbench_partitioned,q8,table_creation,0.057,2026-08-11 21:50:24,54.1.0,2026-07-18T08:59:01-04:00,8
clickbench_partitioned,q8,query,1.323,2026-08-11 21:50:24,54.1.0,2026-07-18T08:59:01-04:00,8
clickbench_partitioned,q8,query,1.288,2026-08-11 21:50:24,54.1.0,2026-07-18T08:59:01-04:00,8
clickbench_partitioned,q8,query,1.296,2026-08-11 21:50:24,54.1.0,2026-07-18T08:59:01-04:00,8
clickbench_partitioned,q8,query,1.316,2026-08-11 21:50:24,54.1.0,2026-07-18T08:59:01-04:00,8
clickbench_partitioned,q8,query,1.301,2026-08-11 21:50:24,54.1.0,2026-07-18T08:59:01-04:00,8
clickbench_partitioned,q9,table_creation,0.058,2026-08-11 21:50:24,54.1.0,2026-07-18T08:59:01-04:00,8
clickbench_partitioned,q9,query,1.408,2026-08-11 21:50:24,54.1.0,2026-07-18T08:59:01-04:00,8
clickbench_partitioned,q9,query,1.378,2026-08-11 21:50:24,54.1.0,2026-07-18T08:59:01-04:00,8
clickbench_partitioned,q9,query,1.411,2026-08-11 21:50:24,54.1.0,2026-07-18T08:59:01-04:00,8
clickbench_partitioned,q9,query,1.387,2026-08-11 21:50:24,54.1.0,2026-07-18T08:59:01-04:00,8
clickbench_partitioned,q9,query,1.364,2026-08-11 21:50:24,54.1.0,2026-07-18T08:59:01-04:00,8
clickbench_partitioned,q10,table_creation,0.059,2026-08-11 21:50:24,54.1.0,2026-07-18T08:59:01-04:00,8
clickbench_partitioned,q10,query,0.315,2026-08-11 21:50:24,54.1.0,2026-07-18T08:59:01-04:00,8
clickbench_partitioned,q10,query,0.29,2026-08-11 21:50:24,54.1.0,2026-07-18T08:59:01-04:00,8
clickbench_partitioned,q10,query,0.288,2026-08-11 21:50:24,54.1.0,2026-07-18T08:59:01-04:00,8
clickbench_partitioned,q10,query,0.3,2026-08-11 21:50:24,54.1.0,2026-07-18T08:59:01-04:00,8
clickbench_partitioned,q10,query,0.303,2026-08-11 21:50:24,54.1.0,2026-07-18T08:59:01-04:00,8
clickbench_partitioned,q11,table_creation,0.058,2026-08-11 21:50:24,54.1.0,2026-07-18T08:59:01-04:00,8
clickbench_partitioned,q11,query,0.352,2026-08-11 21:50:24,54.1.0,2026-07-18T08:59:01-04:00,8
clickbench_partitioned,q11,query,0.335,2026-08-11 21:50:24,54.1.0,2026-07-18T08:59:01-04:00,8
clickbench_partitioned,q11,query,0.335,2026-08-11 21:50:24,54.1.0,2026-07-18T08:59:01-04:00,8
clickbench_partitioned,q11,query,0.344,2026-08-11 21:50:24,54.1.0,2026-07-18T08:59:01-04:00,8
clickbench_partitioned,q11,query,0.343,2026-08-11 21:50:24,54.1.0,2026-07-18T08:59:01-04:00,8
clickbench_partitioned,q12,table_creation,0.058,2026-08-11 21:50:24,54.1.0,2026-07-18T08:59:01-04:00,8
clickbench_partitioned,q12,query,0.997,2026-08-11 21:50:24,54.1.0,2026-07-18T08:59:01-04:00,8
clickbench_partitioned,q12,query,0.977,2026-08-11 21:50:24,54.1.0,2026-07-18T08:59:01-04:00,8
clickbench_partitioned,q12,query,0.975,2026-08-11 21:50:24,54.1.0,2026-07-18T08:59:01-04:00,8
clickbench_partitioned,q12,query,0.983,2026-08-11 21:50:24,54.1.0,2026-07-18T08:59:01-04:00,8
clickbench_partitioned,q12,query,0.984,2026-08-11 21:50:24,54.1.0,2026-07-18T08:59:01-04:00,8
clickbench_partitioned,q13,table_creation,0.056,2026-08-11 21:50:24,54.1.0,2026-07-18T08:59:01-04:00,8
clickbench_partitioned,q13,query,1.393,2026-08-11 21:50:24,54.1.0,2026-07-18T08:59:01-04:00,8
clickbench_partitioned,q13,query,1.417,2026-08-11 21:50:24,54.1.0,2026-07-18T08:59:01-04:00,8
clickbench_partitioned,q13,query,1.376,2026-08-11 21:50:24,54.1.0,2026-07-18T08:59:01-04:00,8
clickbench_partitioned,q13,query,1.541,2026-08-11 21:50:24,54.1.0,2026-07-18T08:59:01-04:00,8
clickbench_partitioned,q13,query,1.389,2026-08-11 21:50:24,54.1.0,2026-07-18T08:59:01-04:00,8
clickbench_partitioned,q14,table_creation,0.058,2026-08-11 21:50:24,54.1.0,2026-07-18T08:59:01-04:00,8
clickbench_partitioned,q14,query,1.006,2026-08-11 21:50:24,54.1.0,2026-07-18T08:59:01-04:00,8
clickbench_partitioned,q14,query,0.993,2026-08-11 21:50:24,54.1.0,2026-07-18T08:59:01-04:00,8
clickbench_partitioned,q14,query,1.005,2026-08-11 21:50:24,54.1.0,2026-07-18T08:59:01-04:00,8
clickbench_partitioned,q14,query,1.006,2026-08-11 21:50:24,54.1.0,2026-07-18T08:59:01-04:00,8
clickbench_partitioned,q14,query,1.006,2026-08-11 21:50:24,54.1.0,2026-07-18T08:59:01-04:00,8
clickbench_partitioned,q15,table_creation,0.058,2026-08-11 21:50:24,54.1.0,2026-07-18T08:59:01-04:00,8
clickbench_partitioned,q15,query,1.043,2026-08-11 21:50:24,54.1.0,2026-07-18T08:59:01-04:00,8
clickbench_partitioned,q15,query,1.006,2026-08-11 21:50:24,54.1.0,2026-07-18T08:59:01-04:00,8
clickbench_partitioned,q15,query,1.02,2026-08-11 21:50:24,54.1.0,2026-07-18T08:59:01-04:00,8
clickbench_partitioned,q15,query,1.049,2026-08-11 21:50:24,54.1.0,2026-07-18T08:59:01-04:00,8
clickbench_partitioned,q15,query,1.104,2026-08-11 21:50:24,54.1.0,2026-07-18T08:59:01-04:00,8
clickbench_partitioned,q16,table_creation,0.056,2026-08-11 21:50:24,54.1.0,2026-07-18T08:59:01-04:00,8
clickbench_partitioned,q16,query,2.265,2026-08-11 21:50:24,54.1.0,2026-07-18T08:59:01-04:00,8
clickbench_partitioned,q16,query,2.276,2026-08-11 21:50:24,54.1.0,2026-07-18T08:59:01-04:00,8
clickbench_partitioned,q16,query,2.294,2026-08-11 21:50:24,54.1.0,2026-07-18T08:59:01-04:00,8
clickbench_partitioned,q16,query,2.294,2026-08-11 21:50:24,54.1.0,2026-07-18T08:59:01-04:00,8
clickbench_partitioned,q16,query,2.294,2026-08-11 21:50:24,54.1.0,2026-07-18T08:59:01-04:00,8
clickbench_partitioned,q17,table_creation,0.059,2026-08-11 21:50:24,54.1.0,2026-07-18T08:59:01-04:00,8
clickbench_partitioned,q17,query,2.249,2026-08-11 21:50:24,54.1.0,2026-07-18T08:59:01-04:00,8
clickbench_partitioned,q17,query,2.253,2026-08-11 21:50:24,54.1.0,2026-07-18T08:59:01-04:00,8
clickbench_partitioned,q17,query,2.318,2026-08-11 21:50:24,54.1.0,2026-07-18T08:59:01-04:00,8
clickbench_partitioned,q17,query,2.286,2026-08-11 21:50:24,54.1.0,2026-07-18T08:59:01-04:00,8
clickbench_partitioned,q17,query,2.295,2026-08-11 21:50:24,54.1.0,2026-07-18T08:59:01-04:00,8
clickbench_partitioned,q18,table_creation,0.056,2026-08-11 21:50:24,54.1.0,2026-07-18T08:59:01-04:00,8
clickbench_partitioned,q18,query,4.432,2026-08-11 21:50:24,54.1.0,2026-07-18T08:59:01-04:00,8
clickbench_partitioned,q18,query,4.467,2026-08-11 21:50:24,54.1.0,2026-07-18T08:59:01-04:00,8
clickbench_partitioned,q18,query,4.361,2026-08-11 21:50:24,54.1.0,2026-07-18T08:59:01-04:00,8
clickbench_partitioned,q18,query,4.416,2026-08-11 21:50:24,54.1.0,2026-07-18T08:59:01-04:00,8
clickbench_partitioned,q18,query,4.408,2026-08-11 21:50:24,54.1.0,2026-07-18T08:59:01-04:00,8
clickbench_partitioned,q19,table_creation,0.057,2026-08-11 21:50:24,54.1.0,2026-07-18T08:59:01-04:00,8
clickbench_partitioned,q19,query,0.128,2026-08-11 21:50:24,54.1.0,2026-07-18T08:59:01-04:00,8
clickbench_partitioned,q19,query,0.121,2026-08-11 21:50:24,54.1.0,2026-07-18T08:59:01-04:00,8
clickbench_partitioned,q19,query,0.12,2026-08-11 21:50:24,54.1.0,2026-07-18T08:59:01-04:00,8
clickbench_partitioned,q19,query,0.119,2026-08-11 21:50:24,54.1.0,2026-07-18T08:59:01-04:00,8
clickbench_partitioned,q19,query,0.118,2026-08-11 21:50:24,54.1.0,2026-07-18T08:59:01-04:00,8
clickbench_partitioned,q20,table_creation,0.058,2026-08-11 21:50:24,54.1.0,2026-07-18T08:59:01-04:00,8
clickbench_partitioned,q20,query,1.689,2026-08-11 21:50:24,54.1.0,2026-07-18T08:59:01-04:00,8
clickbench_partitioned,q20,query,1.689,2026-08-11 21:50:24,54.1.0,2026-07-18T08:59:01-04:00,8
clickbench_partitioned,q20,query,1.7,2026-08-11 21:50:24,54.1.0,2026-07-18T08:59:01-04:00,8
clickbench_partitioned,q20,query,1.694,2026-08-11 21:50:24,54.1.0,2026-07-18T08:59:01-04:00,8
clickbench_partitioned,q20,query,1.699,2026-08-11 21:50:24,54.1.0,2026-07-18T08:59:01-04:00,8
clickbench_partitioned,q21,table_creation,0.058,2026-08-11 21:50:24,54.1.0,2026-07-18T08:59:01-04:00,8
clickbench_partitioned,q21,query,1.991,2026-08-11 21:50:24,54.1.0,2026-07-18T08:59:01-04:00,8
clickbench_partitioned,q21,query,2.011,2026-08-11 21:50:24,54.1.0,2026-07-18T08:59:01-04:00,8
clickbench_partitioned,q21,query,2.031,2026-08-11 21:50:24,54.1.0,2026-07-18T08:59:01-04:00,8
clickbench_partitioned,q21,query,2.025,2026-08-11 21:50:24,54.1.0,2026-07-18T08:59:01-04:00,8
clickbench_partitioned,q21,query,2.013,2026-08-11 21:50:24,54.1.0,2026-07-18T08:59:01-04:00,8
clickbench_partitioned,q22,table_creation,0.056,2026-08-11 21:50:24,54.1.0,2026-07-18T08:59:01-04:00,8
clickbench_partitioned,q22,query,4.341,2026-08-11 21:50:24,54.1.0,2026-07-18T08:59:01-04:00,8
clickbench_partitioned,q22,query,3.763,2026-08-11 21:50:24,54.1.0,2026-07-18T08:59:01-04:00,8
clickbench_partitioned,q22,query,3.759,2026-08-11 21:50:24,54.1.0,2026-07-18T08:59:01-04:00,8
clickbench_partitioned,q22,query,3.808,2026-08-11 21:50:24,54.1.0,2026-07-18T08:59:01-04:00,8
clickbench_partitioned,q22,query,3.782,2026-08-11 21:50:24,54.1.0,2026-07-18T08:59:01-04:00,8
clickbench_partitioned,q23,table_creation,0.057,2026-08-11 21:50:24,54.1.0,2026-07-18T08:59:01-04:00,8
clickbench_partitioned,q23,query,14.091,2026-08-11 21:50:24,54.1.0,2026-07-18T08:59:01-04:00,8
clickbench_partitioned,q23,query,11.977,2026-08-11 21:50:24,54.1.0,2026-07-18T08:59:01-04:00,8
clickbench_partitioned,q23,query,11.989,2026-08-11 21:50:24,54.1.0,2026-07-18T08:59:01-04:00,8
clickbench_partitioned,q23,query,12.049,2026-08-11 21:50:24,54.1.0,2026-07-18T08:59:01-04:00,8
clickbench_partitioned,q23,query,12.054,2026-08-11 21:50:24,54.1.0,2026-07-18T08:59:01-04:00,8
clickbench_partitioned,q24,table_creation,0.058,2026-08-11 21:50:24,54.1.0,2026-07-18T08:59:01-04:00,8
clickbench_partitioned,q24,query,0.141,2026-08-11 21:50:24,54.1.0,2026-07-18T08:59:01-04:00,8
clickbench_partitioned,q24,query,0.125,2026-08-11 21:50:24,54.1.0,2026-07-18T08:59:01-04:00,8
clickbench_partitioned,q24,query,0.119,2026-08-11 21:50:24,54.1.0,2026-07-18T08:59:01-04:00,8
clickbench_partitioned,q24,query,0.12,2026-08-11 21:50:24,54.1.0,2026-07-18T08:59:01-04:00,8
clickbench_partitioned,q24,query,0.121,2026-08-11 21:50:24,54.1.0,2026-07-18T08:59:01-04:00,8
clickbench_partitioned,q25,table_creation,0.058,2026-08-11 21:50:24,54.1.0,2026-07-18T08:59:01-04:00,8
clickbench_partitioned,q25,query,0.382,2026-08-11 21:50:24,54.1.0,2026-07-18T08:59:01-04:00,8
clickbench_partitioned,q25,query,0.368,2026-08-11 21:50:24,54.1.0,2026-07-18T08:59:01-04:00,8
clickbench_partitioned,q25,query,0.373,2026-08-11 21:50:24,54.1.0,2026-07-18T08:59:01-04:00,8
clickbench_partitioned,q25,query,0.372,2026-08-11 21:50:24,54.1.0,2026-07-18T08:59:01-04:00,8
clickbench_partitioned,q25,query,0.378,2026-08-11 21:50:24,54.1.0,2026-07-18T08:59:01-04:00,8
clickbench_partitioned,q26,table_creation,0.055,2026-08-11 21:50:24,54.1.0,2026-07-18T08:59:01-04:00,8
clickbench_partitioned,q26,query,0.137,2026-08-11 21:50:24,54.1.0,2026-07-18T08:59:01-04:00,8
clickbench_partitioned,q26,query,0.119,2026-08-11 21:50:24,54.1.0,2026-07-18T08:59:01-04:00,8
clickbench_partitioned,q26,query,0.117,2026-08-11 21:50:24,54.1.0,2026-07-18T08:59:01-04:00,8
clickbench_partitioned,q26,query,0.12,2026-08-11 21:50:24,54.1.0,2026-07-18T08:59:01-04:00,8
clickbench_partitioned,q26,query,0.121,2026-08-11 21:50:24,54.1.0,2026-07-18T08:59:01-04:00,8
clickbench_partitioned,q27,table_creation,0.058,2026-08-11 21:50:24,54.1.0,2026-07-18T08:59:01-04:00,8
clickbench_partitioned,q27,query,2.43,2026-08-11 21:50:24,54.1.0,2026-07-18T08:59:01-04:00,8
clickbench_partitioned,q27,query,2.413,2026-08-11 21:50:24,54.1.0,2026-07-18T08:59:01-04:00,8
clickbench_partitioned,q27,query,2.43,2026-08-11 21:50:24,54.1.0,2026-07-18T08:59:01-04:00,8
clickbench_partitioned,q27,query,2.438,2026-08-11 21:50:24,54.1.0,2026-07-18T08:59:01-04:00,8
clickbench_partitioned,q27,query,2.435,2026-08-11 21:50:24,54.1.0,2026-07-18T08:59:01-04:00,8
clickbench_partitioned,q28,table_creation,0.056,2026-08-11 21:50:24,54.1.0,2026-07-18T08:59:01-04:00,8
clickbench_partitioned,q28,query,9.6,2026-08-11 21:50:24,54.1.0,2026-07-18T08:59:01-04:00,8
clickbench_partitioned,q28,query,9.658,2026-08-11 21:50:24,54.1.0,2026-07-18T08:59:01-04:00,8
clickbench_partitioned,q28,query,9.69,2026-08-11 21:50:24,54.1.0,2026-07-18T08:59:01-04:00,8
clickbench_partitioned,q28,query,9.718,2026-08-11 21:50:24,54.1.0,2026-07-18T08:59:01-04:00,8
clickbench_partitioned,q28,query,9.685,2026-08-11 21:50:24,54.1.0,2026-07-18T08:59:01-04:00,8
clickbench_partitioned,q29,table_creation,0.057,2026-08-11 21:50:24,54.1.0,2026-07-18T08:59:01-04:00,8
clickbench_partitioned,q29,query,0.138,2026-08-11 21:50:24,54.1.0,2026-07-18T08:59:01-04:00,8
clickbench_partitioned,q29,query,0.119,2026-08-11 21:50:24,54.1.0,2026-07-18T08:59:01-04:00,8
clickbench_partitioned,q29,query,0.116,2026-08-11 21:50:24,54.1.0,2026-07-18T08:59:01-04:00,8
clickbench_partitioned,q29,query,0.115,2026-08-11 21:50:24,54.1.0,2026-07-18T08:59:01-04:00,8
clickbench_partitioned,q29,query,0.114,2026-08-11 21:50:24,54.1.0,2026-07-18T08:59:01-04:00,8
clickbench_partitioned,q30,table_creation,0.056,2026-08-11 21:50:24,54.1.0,2026-07-18T08:59:01-04:00,8
clickbench_partitioned,q30,query,1.079,2026-08-11 21:50:24,54.1.0,2026-07-18T08:59:01-04:00,8
clickbench_partitioned,q30,query,1.058,2026-08-11 21:50:24,54.1.0,2026-07-18T08:59:01-04:00,8
clickbench_partitioned,q30,query,1.063,2026-08-11 21:50:24,54.1.0,2026-07-18T08:59:01-04:00,8
clickbench_partitioned,q30,query,1.068,2026-08-11 21:50:24,54.1.0,2026-07-18T08:59:01-04:00,8
clickbench_partitioned,q30,query,1.072,2026-08-11 21:50:24,54.1.0,2026-07-18T08:59:01-04:00,8
clickbench_partitioned,q31,table_creation,0.058,2026-08-11 21:50:24,54.1.0,2026-07-18T08:59:01-04:00,8
clickbench_partitioned,q31,query,1.118,2026-08-11 21:50:24,54.1.0,2026-07-18T08:59:01-04:00,8
clickbench_partitioned,q31,query,1.095,2026-08-11 21:50:24,54.1.0,2026-07-18T08:59:01-04:00,8
clickbench_partitioned,q31,query,1.111,2026-08-11 21:50:24,54.1.0,2026-07-18T08:59:01-04:00,8
clickbench_partitioned,q31,query,1.088,2026-08-11 21:50:24,54.1.0,2026-07-18T08:59:01-04:00,8
clickbench_partitioned,q31,query,1.101,2026-08-11 21:50:24,54.1.0,2026-07-18T08:59:01-04:00,8
clickbench_partitioned,q32,table_creation,0.056,2026-08-11 21:50:24,54.1.0,2026-07-18T08:59:01-04:00,8
clickbench_partitioned,q32,query,3.393,2026-08-11 21:50:24,54.1.0,2026-07-18T08:59:01-04:00,8
clickbench_partitioned,q32,query,3.373,2026-08-11 21:50:24,54.1.0,2026-07-18T08:59:01-04:00,8
clickbench_partitioned,q32,query,3.419,2026-08-11 21:50:24,54.1.0,2026-07-18T08:59:01-04:00,8
clickbench_partitioned,q32,query,3.399,2026-08-11 21:50:24,54.1.0,2026-07-18T08:59:01-04:00,8
clickbench_partitioned,q32,query,3.428,2026-08-11 21:50:24,54.1.0,2026-07-18T08:59:01-04:00,8
clickbench_partitioned,q33,table_creation,0.057,2026-08-11 21:50:24,54.1.0,2026-07-18T08:59:01-04:00,8
clickbench_partitioned,q33,query,4.646,2026-08-11 21:50:24,54.1.0,2026-07-18T08:59:01-04:00,8
clickbench_partitioned,q33,query,5.268,2026-08-11 21:50:24,54.1.0,2026-07-18T08:59:01-04:00,8
clickbench_partitioned,q33,query,4.718,2026-08-11 21:50:24,54.1.0,2026-07-18T08:59:01-04:00,8
clickbench_partitioned,q33,query,4.755,2026-08-11 21:50:24,54.1.0,2026-07-18T08:59:01-04:00,8
clickbench_partitioned,q33,query,4.767,2026-08-11 21:50:24,54.1.0,2026-07-18T08:59:01-04:00,8
clickbench_partitioned,q34,table_creation,0.056,2026-08-11 21:50:24,54.1.0,2026-07-18T08:59:01-04:00,8
clickbench_partitioned,q34,query,4.683,2026-08-11 21:50:24,54.1.0,2026-07-18T08:59:01-04:00,8
clickbench_partitioned,q34,query,4.73,2026-08-11 21:50:24,54.1.0,2026-07-18T08:59:01-04:00,8
clickbench_partitioned,q34,query,4.752,2026-08-11 21:50:24,54.1.0,2026-07-18T08:59:01-04:00,8
clickbench_partitioned,q34,query,4.734,2026-08-11 21:50:24,54.1.0,2026-07-18T08:59:01-04:00,8
clickbench_partitioned,q34,query,4.712,2026-08-11 21:50:24,54.1.0,2026-07-18T08:59:01-04:00,8
clickbench_partitioned,q35,table_creation,0.06,2026-08-11 21:50:24,54.1.0,2026-07-18T08:59:01-04:00,8
clickbench_partitioned,q35,query,0.936,2026-08-11 21:50:24,54.1.0,2026-07-18T08:59:01-04:00,8
clickbench_partitioned,q35,query,0.951,2026-08-11 21:50:24,54.1.0,2026-07-18T08:59:01-04:00,8
clickbench_partitioned,q35,query,0.912,2026-08-11 21:50:24,54.1.0,2026-07-18T08:59:01-04:00,8
clickbench_partitioned,q35,query,0.929,2026-08-11 21:50:24,54.1.0,2026-07-18T08:59:01-04:00,8
clickbench_partitioned,q35,query,0.94,2026-08-11 21:50:24,54.1.0,2026-07-18T08:59:01-04:00,8
clickbench_partitioned,q36,table_creation,0.055,2026-08-11 21:50:24,54.1.0,2026-07-18T08:59:01-04:00,8
clickbench_partitioned,q37,table_creation,0.057,2026-08-11 21:50:24,54.1.0,2026-07-18T08:59:01-04:00,8
clickbench_partitioned,q38,table_creation,0.058,2026-08-11 21:50:24,54.1.0,2026-07-18T08:59:01-04:00,8
clickbench_partitioned,q39,table_creation,0.056,2026-08-11 21:50:24,54.1.0,2026-07-18T08:59:01-04:00,8
clickbench_partitioned,q40,table_creation,0.057,2026-08-11 21:50:24,54.1.0,2026-07-18T08:59:01-04:00,8
clickbench_partitioned,q41,table_creation,0.055,2026-08-11 21:50:24,54.1.0,2026-07-18T08:59:01-04:00,8
clickbench_partitioned,q42,table_creation,0.056,2026-08-11 21:50:24,54.1.0,2026-07-18T08:59:01-04:00,8
clickbench_partitioned,q0,table_creation,0.18,2026-08-11 21:56:10,52.0.0,2026-01-09T18:50:30+08:00,8
clickbench_partitioned,q0,query,0.071,2026-08-11 21:56:10,52.0.0,2026-01-09T18:50:30+08:00,8
clickbench_partitioned,q0,query,0.002,2026-08-11 21:56:10,52.0.0,2026-01-09T18:50:30+08:00,8
clickbench_partitioned,q0,query,0.001,2026-08-11 21:56:10,52.0.0,2026-01-09T18:50:30+08:00,8
clickbench_partitioned,q0,query,0.001,2026-08-11 21:56:10,52.0.0,2026-01-09T18:50:30+08:00,8
clickbench_partitioned,q0,query,0.001,2026-08-11 21:56:10,52.0.0,2026-01-09T18:50:30+08:00,8
clickbench_partitioned,q1,table_creation,0.065,2026-08-11 21:56:10,52.0.0,2026-01-09T18:50:30+08:00,8
clickbench_partitioned,q1,query,0.085,2026-08-11 21:56:10,52.0.0,2026-01-09T18:50:30+08:00,8
clickbench_partitioned,q1,query,0.054,2026-08-11 21:56:10,52.0.0,2026-01-09T18:50:30+08:00,8
clickbench_partitioned,q1,query,0.056,2026-08-11 21:56:10,52.0.0,2026-01-09T18:50:30+08:00,8
clickbench_partitioned,q1,query,0.053,2026-08-11 21:56:10,52.0.0,2026-01-09T18:50:30+08:00,8
clickbench_partitioned,q1,query,0.055,2026-08-11 21:56:10,52.0.0,2026-01-09T18:50:30+08:00,8
clickbench_partitioned,q2,table_creation,0.064,2026-08-11 21:56:10,52.0.0,2026-01-09T18:50:30+08:00,8
clickbench_partitioned,q2,query,0.155,2026-08-11 21:56:10,52.0.0,2026-01-09T18:50:30+08:00,8
clickbench_partitioned,q2,query,0.145,2026-08-11 21:56:10,52.0.0,2026-01-09T18:50:30+08:00,8
clickbench_partitioned,q2,query,0.148,2026-08-11 21:56:10,52.0.0,2026-01-09T18:50:30+08:00,8
clickbench_partitioned,q2,query,0.147,2026-08-11 21:56:10,52.0.0,2026-01-09T18:50:30+08:00,8
clickbench_partitioned,q2,query,0.139,2026-08-11 21:56:10,52.0.0,2026-01-09T18:50:30+08:00,8
clickbench_partitioned,q3,table_creation,0.064,2026-08-11 21:56:10,52.0.0,2026-01-09T18:50:30+08:00,8
clickbench_partitioned,q3,query,0.153,2026-08-11 21:56:10,52.0.0,2026-01-09T18:50:30+08:00,8
clickbench_partitioned,q3,query,0.155,2026-08-11 21:56:10,52.0.0,2026-01-09T18:50:30+08:00,8
clickbench_partitioned,q3,query,0.152,2026-08-11 21:56:10,52.0.0,2026-01-09T18:50:30+08:00,8
clickbench_partitioned,q3,query,0.164,2026-08-11 21:56:10,52.0.0,2026-01-09T18:50:30+08:00,8
clickbench_partitioned,q3,query,0.162,2026-08-11 21:56:10,52.0.0,2026-01-09T18:50:30+08:00,8
clickbench_partitioned,q4,table_creation,0.064,2026-08-11 21:56:10,52.0.0,2026-01-09T18:50:30+08:00,8
clickbench_partitioned,q4,query,1.219,2026-08-11 21:56:10,52.0.0,2026-01-09T18:50:30+08:00,8
clickbench_partitioned,q4,query,1.144,2026-08-11 21:56:10,52.0.0,2026-01-09T18:50:30+08:00,8
clickbench_partitioned,q4,query,1.137,2026-08-11 21:56:10,52.0.0,2026-01-09T18:50:30+08:00,8
clickbench_partitioned,q4,query,1.105,2026-08-11 21:56:10,52.0.0,2026-01-09T18:50:30+08:00,8
clickbench_partitioned,q4,query,1.098,2026-08-11 21:56:10,52.0.0,2026-01-09T18:50:30+08:00,8
clickbench_partitioned,q5,table_creation,0.062,2026-08-11 21:56:10,52.0.0,2026-01-09T18:50:30+08:00,8
clickbench_partitioned,q5,query,1.526,2026-08-11 21:56:10,52.0.0,2026-01-09T18:50:30+08:00,8
clickbench_partitioned,q5,query,1.476,2026-08-11 21:56:10,52.0.0,2026-01-09T18:50:30+08:00,8
clickbench_partitioned,q5,query,1.453,2026-08-11 21:56:10,52.0.0,2026-01-09T18:50:30+08:00,8
clickbench_partitioned,q5,query,1.473,2026-08-11 21:56:10,52.0.0,2026-01-09T18:50:30+08:00,8
clickbench_partitioned,q5,query,1.385,2026-08-11 21:56:10,52.0.0,2026-01-09T18:50:30+08:00,8
clickbench_partitioned,q6,table_creation,0.063,2026-08-11 21:56:10,52.0.0,2026-01-09T18:50:30+08:00,8
clickbench_partitioned,q6,query,0.004,2026-08-11 21:56:10,52.0.0,2026-01-09T18:50:30+08:00,8
clickbench_partitioned,q6,query,0.002,2026-08-11 21:56:10,52.0.0,2026-01-09T18:50:30+08:00,8
clickbench_partitioned,q6,query,0.001,2026-08-11 21:56:10,52.0.0,2026-01-09T18:50:30+08:00,8
clickbench_partitioned,q6,query,0.001,2026-08-11 21:56:10,52.0.0,2026-01-09T18:50:30+08:00,8
clickbench_partitioned,q6,query,0.001,2026-08-11 21:56:10,52.0.0,2026-01-09T18:50:30+08:00,8
clickbench_partitioned,q7,table_creation,0.064,2026-08-11 21:56:10,52.0.0,2026-01-09T18:50:30+08:00,8
clickbench_partitioned,q7,query,0.065,2026-08-11 21:56:10,52.0.0,2026-01-09T18:50:30+08:00,8
clickbench_partitioned,q7,query,0.055,2026-08-11 21:56:10,52.0.0,2026-01-09T18:50:30+08:00,8
clickbench_partitioned,q7,query,0.055,2026-08-11 21:56:10,52.0.0,2026-01-09T18:50:30+08:00,8
clickbench_partitioned,q7,query,0.054,2026-08-11 21:56:10,52.0.0,2026-01-09T18:50:30+08:00,8
clickbench_partitioned,q7,query,0.056,2026-08-11 21:56:10,52.0.0,2026-01-09T18:50:30+08:00,8
clickbench_partitioned,q8,table_creation,0.065,2026-08-11 21:56:10,52.0.0,2026-01-09T18:50:30+08:00,8
clickbench_partitioned,q8,query,1.43,2026-08-11 21:56:10,52.0.0,2026-01-09T18:50:30+08:00,8
clickbench_partitioned,q8,query,1.419,2026-08-11 21:56:10,52.0.0,2026-01-09T18:50:30+08:00,8
clickbench_partitioned,q8,query,1.388,2026-08-11 21:56:10,52.0.0,2026-01-09T18:50:30+08:00,8
clickbench_partitioned,q8,query,1.415,2026-08-11 21:56:10,52.0.0,2026-01-09T18:50:30+08:00,8
clickbench_partitioned,q8,query,1.4,2026-08-11 21:56:10,52.0.0,2026-01-09T18:50:30+08:00,8
clickbench_partitioned,q9,table_creation,0.064,2026-08-11 21:56:10,52.0.0,2026-01-09T18:50:30+08:00,8
clickbench_partitioned,q9,query,1.875,2026-08-11 21:56:10,52.0.0,2026-01-09T18:50:30+08:00,8
clickbench_partitioned,q9,query,1.871,2026-08-11 21:56:10,52.0.0,2026-01-09T18:50:30+08:00,8
clickbench_partitioned,q9,query,1.891,2026-08-11 21:56:10,52.0.0,2026-01-09T18:50:30+08:00,8
clickbench_partitioned,q9,query,1.882,2026-08-11 21:56:10,52.0.0,2026-01-09T18:50:30+08:00,8
clickbench_partitioned,q9,query,1.899,2026-08-11 21:56:10,52.0.0,2026-01-09T18:50:30+08:00,8
clickbench_partitioned,q10,table_creation,0.065,2026-08-11 21:56:10,52.0.0,2026-01-09T18:50:30+08:00,8
clickbench_partitioned,q10,query,0.35,2026-08-11 21:56:10,52.0.0,2026-01-09T18:50:30+08:00,8
clickbench_partitioned,q10,query,0.339,2026-08-11 21:56:10,52.0.0,2026-01-09T18:50:30+08:00,8
clickbench_partitioned,q10,query,0.333,2026-08-11 21:56:10,52.0.0,2026-01-09T18:50:30+08:00,8
clickbench_partitioned,q10,query,0.343,2026-08-11 21:56:10,52.0.0,2026-01-09T18:50:30+08:00,8
clickbench_partitioned,q10,query,0.335,2026-08-11 21:56:10,52.0.0,2026-01-09T18:50:30+08:00,8
clickbench_partitioned,q11,table_creation,0.065,2026-08-11 21:56:10,52.0.0,2026-01-09T18:50:30+08:00,8
clickbench_partitioned,q11,query,0.414,2026-08-11 21:56:10,52.0.0,2026-01-09T18:50:30+08:00,8
clickbench_partitioned,q11,query,0.412,2026-08-11 21:56:10,52.0.0,2026-01-09T18:50:30+08:00,8
clickbench_partitioned,q11,query,0.409,2026-08-11 21:56:10,52.0.0,2026-01-09T18:50:30+08:00,8
clickbench_partitioned,q11,query,0.42,2026-08-11 21:56:10,52.0.0,2026-01-09T18:50:30+08:00,8
clickbench_partitioned,q11,query,0.423,2026-08-11 21:56:10,52.0.0,2026-01-09T18:50:30+08:00,8
clickbench_partitioned,q12,table_creation,0.066,2026-08-11 21:56:10,52.0.0,2026-01-09T18:50:30+08:00,8
clickbench_partitioned,q12,query,1.349,2026-08-11 21:56:10,52.0.0,2026-01-09T18:50:30+08:00,8
clickbench_partitioned,q12,query,1.293,2026-08-11 21:56:10,52.0.0,2026-01-09T18:50:30+08:00,8
clickbench_partitioned,q12,query,1.258,2026-08-11 21:56:10,52.0.0,2026-01-09T18:50:30+08:00,8
clickbench_partitioned,q12,query,1.24,2026-08-11 21:56:10,52.0.0,2026-01-09T18:50:30+08:00,8
clickbench_partitioned,q12,query,1.222,2026-08-11 21:56:10,52.0.0,2026-01-09T18:50:30+08:00,8
clickbench_partitioned,q13,table_creation,0.063,2026-08-11 21:56:10,52.0.0,2026-01-09T18:50:30+08:00,8
clickbench_partitioned,q13,query,2.045,2026-08-11 21:56:10,52.0.0,2026-01-09T18:50:30+08:00,8
clickbench_partitioned,q13,query,1.968,2026-08-11 21:56:10,52.0.0,2026-01-09T18:50:30+08:00,8
clickbench_partitioned,q13,query,1.934,2026-08-11 21:56:10,52.0.0,2026-01-09T18:50:30+08:00,8
clickbench_partitioned,q13,query,1.982,2026-08-11 21:56:10,52.0.0,2026-01-09T18:50:30+08:00,8
clickbench_partitioned,q13,query,1.923,2026-08-11 21:56:10,52.0.0,2026-01-09T18:50:30+08:00,8
clickbench_partitioned,q14,table_creation,0.066,2026-08-11 21:56:10,52.0.0,2026-01-09T18:50:30+08:00,8
clickbench_partitioned,q14,query,1.303,2026-08-11 21:56:10,52.0.0,2026-01-09T18:50:30+08:00,8
clickbench_partitioned,q14,query,1.257,2026-08-11 21:56:10,52.0.0,2026-01-09T18:50:30+08:00,8
clickbench_partitioned,q14,query,1.248,2026-08-11 21:56:10,52.0.0,2026-01-09T18:50:30+08:00,8
clickbench_partitioned,q14,query,1.213,2026-08-11 21:56:10,52.0.0,2026-01-09T18:50:30+08:00,8
clickbench_partitioned,q14,query,1.241,2026-08-11 21:56:10,52.0.0,2026-01-09T18:50:30+08:00,8
clickbench_partitioned,q15,table_creation,0.064,2026-08-11 21:56:10,52.0.0,2026-01-09T18:50:30+08:00,8
clickbench_partitioned,q15,query,1.502,2026-08-11 21:56:10,52.0.0,2026-01-09T18:50:30+08:00,8
clickbench_partitioned,q15,query,1.377,2026-08-11 21:56:10,52.0.0,2026-01-09T18:50:30+08:00,8
clickbench_partitioned,q15,query,1.313,2026-08-11 21:56:10,52.0.0,2026-01-09T18:50:30+08:00,8
clickbench_partitioned,q15,query,1.289,2026-08-11 21:56:10,52.0.0,2026-01-09T18:50:30+08:00,8
clickbench_partitioned,q15,query,1.272,2026-08-11 21:56:10,52.0.0,2026-01-09T18:50:30+08:00,8
clickbench_partitioned,q16,table_creation,0.066,2026-08-11 21:56:10,52.0.0,2026-01-09T18:50:30+08:00,8
clickbench_partitioned,q16,query,2.663,2026-08-11 21:56:10,52.0.0,2026-01-09T18:50:30+08:00,8
clickbench_partitioned,q16,query,2.619,2026-08-11 21:56:10,52.0.0,2026-01-09T18:50:30+08:00,8
clickbench_partitioned,q16,query,2.592,2026-08-11 21:56:10,52.0.0,2026-01-09T18:50:30+08:00,8
clickbench_partitioned,q16,query,2.54,2026-08-11 21:56:10,52.0.0,2026-01-09T18:50:30+08:00,8
clickbench_partitioned,q16,query,2.58,2026-08-11 21:56:10,52.0.0,2026-01-09T18:50:30+08:00,8
clickbench_partitioned,q17,table_creation,0.065,2026-08-11 21:56:10,52.0.0,2026-01-09T18:50:30+08:00,8
clickbench_partitioned,q17,query,2.658,2026-08-11 21:56:10,52.0.0,2026-01-09T18:50:30+08:00,8
clickbench_partitioned,q17,query,2.705,2026-08-11 21:56:10,52.0.0,2026-01-09T18:50:30+08:00,8
clickbench_partitioned,q17,query,2.567,2026-08-11 21:56:10,52.0.0,2026-01-09T18:50:30+08:00,8
clickbench_partitioned,q17,query,2.581,2026-08-11 21:56:10,52.0.0,2026-01-09T18:50:30+08:00,8
clickbench_partitioned,q17,query,2.563,2026-08-11 21:56:10,52.0.0,2026-01-09T18:50:30+08:00,8
clickbench_partitioned,q18,table_creation,0.065,2026-08-11 21:56:10,52.0.0,2026-01-09T18:50:30+08:00,8
clickbench_partitioned,q18,query,5.187,2026-08-11 21:56:10,52.0.0,2026-01-09T18:50:30+08:00,8
clickbench_partitioned,q18,query,5.125,2026-08-11 21:56:10,52.0.0,2026-01-09T18:50:30+08:00,8
clickbench_partitioned,q18,query,5.063,2026-08-11 21:56:10,52.0.0,2026-01-09T18:50:30+08:00,8
clickbench_partitioned,q18,query,5.224,2026-08-11 21:56:10,52.0.0,2026-01-09T18:50:30+08:00,8
clickbench_partitioned,q18,query,4.956,2026-08-11 21:56:10,52.0.0,2026-01-09T18:50:30+08:00,8
clickbench_partitioned,q19,table_creation,0.064,2026-08-11 21:56:10,52.0.0,2026-01-09T18:50:30+08:00,8
clickbench_partitioned,q19,query,0.135,2026-08-11 21:56:10,52.0.0,2026-01-09T18:50:30+08:00,8
clickbench_partitioned,q19,query,0.136,2026-08-11 21:56:10,52.0.0,2026-01-09T18:50:30+08:00,8
clickbench_partitioned,q19,query,0.136,2026-08-11 21:56:10,52.0.0,2026-01-09T18:50:30+08:00,8
clickbench_partitioned,q19,query,0.137,2026-08-11 21:56:10,52.0.0,2026-01-09T18:50:30+08:00,8
clickbench_partitioned,q19,query,0.144,2026-08-11 21:56:10,52.0.0,2026-01-09T18:50:30+08:00,8
clickbench_partitioned,q20,table_creation,0.064,2026-08-11 21:56:10,52.0.0,2026-01-09T18:50:30+08:00,8
clickbench_partitioned,q20,query,1.83,2026-08-11 21:56:10,52.0.0,2026-01-09T18:50:30+08:00,8
clickbench_partitioned,q20,query,1.816,2026-08-11 21:56:10,52.0.0,2026-01-09T18:50:30+08:00,8
clickbench_partitioned,q20,query,1.802,2026-08-11 21:56:10,52.0.0,2026-01-09T18:50:30+08:00,8
clickbench_partitioned,q20,query,1.795,2026-08-11 21:56:10,52.0.0,2026-01-09T18:50:30+08:00,8
clickbench_partitioned,q20,query,1.796,2026-08-11 21:56:10,52.0.0,2026-01-09T18:50:30+08:00,8
clickbench_partitioned,q21,table_creation,0.064,2026-08-11 21:56:10,52.0.0,2026-01-09T18:50:30+08:00,8
clickbench_partitioned,q21,query,2.07,2026-08-11 21:56:10,52.0.0,2026-01-09T18:50:30+08:00,8
clickbench_partitioned,q21,query,2.049,2026-08-11 21:56:10,52.0.0,2026-01-09T18:50:30+08:00,8
clickbench_partitioned,q21,query,2.067,2026-08-11 21:56:10,52.0.0,2026-01-09T18:50:30+08:00,8
clickbench_partitioned,q21,query,2.071,2026-08-11 21:56:10,52.0.0,2026-01-09T18:50:30+08:00,8
clickbench_partitioned,q21,query,2.022,2026-08-11 21:56:10,52.0.0,2026-01-09T18:50:30+08:00,8
clickbench_partitioned,q22,table_creation,0.066,2026-08-11 21:56:10,52.0.0,2026-01-09T18:50:30+08:00,8
clickbench_partitioned,q22,query,3.563,2026-08-11 21:56:10,52.0.0,2026-01-09T18:50:30+08:00,8
clickbench_partitioned,q22,query,3.564,2026-08-11 21:56:10,52.0.0,2026-01-09T18:50:30+08:00,8
clickbench_partitioned,q22,query,3.703,2026-08-11 21:56:10,52.0.0,2026-01-09T18:50:30+08:00,8
clickbench_partitioned,q22,query,3.57,2026-08-11 21:56:10,52.0.0,2026-01-09T18:50:30+08:00,8
clickbench_partitioned,q22,query,3.488,2026-08-11 21:56:10,52.0.0,2026-01-09T18:50:30+08:00,8
clickbench_partitioned,q23,table_creation,0.063,2026-08-11 21:56:10,52.0.0,2026-01-09T18:50:30+08:00,8
clickbench_partitioned,q23,query,11.7,2026-08-11 21:56:10,52.0.0,2026-01-09T18:50:30+08:00,8
clickbench_partitioned,q23,query,12.061,2026-08-11 21:56:10,52.0.0,2026-01-09T18:50:30+08:00,8
clickbench_partitioned,q23,query,12.255,2026-08-11 21:56:10,52.0.0,2026-01-09T18:50:30+08:00,8
clickbench_partitioned,q23,query,12.332,2026-08-11 21:56:10,52.0.0,2026-01-09T18:50:30+08:00,8
clickbench_partitioned,q23,query,12.23,2026-08-11 21:56:10,52.0.0,2026-01-09T18:50:30+08:00,8
clickbench_partitioned,q24,table_creation,0.064,2026-08-11 21:56:10,52.0.0,2026-01-09T18:50:30+08:00,8
clickbench_partitioned,q24,query,0.207,2026-08-11 21:56:10,52.0.0,2026-01-09T18:50:30+08:00,8
clickbench_partitioned,q24,query,0.225,2026-08-11 21:56:10,52.0.0,2026-01-09T18:50:30+08:00,8
clickbench_partitioned,q24,query,0.213,2026-08-11 21:56:10,52.0.0,2026-01-09T18:50:30+08:00,8
clickbench_partitioned,q24,query,0.202,2026-08-11 21:56:10,52.0.0,2026-01-09T18:50:30+08:00,8
clickbench_partitioned,q24,query,0.214,2026-08-11 21:56:10,52.0.0,2026-01-09T18:50:30+08:00,8
clickbench_partitioned,q25,table_creation,0.064,2026-08-11 21:56:10,52.0.0,2026-01-09T18:50:30+08:00,8
clickbench_partitioned,q25,query,0.42,2026-08-11 21:56:10,52.0.0,2026-01-09T18:50:30+08:00,8
clickbench_partitioned,q25,query,0.419,2026-08-11 21:56:10,52.0.0,2026-01-09T18:50:30+08:00,8
clickbench_partitioned,q25,query,0.429,2026-08-11 21:56:10,52.0.0,2026-01-09T18:50:30+08:00,8
clickbench_partitioned,q25,query,0.441,2026-08-11 21:56:10,52.0.0,2026-01-09T18:50:30+08:00,8
clickbench_partitioned,q25,query,0.423,2026-08-11 21:56:10,52.0.0,2026-01-09T18:50:30+08:00,8
clickbench_partitioned,q26,table_creation,0.066,2026-08-11 21:56:10,52.0.0,2026-01-09T18:50:30+08:00,8
clickbench_partitioned,q26,query,0.207,2026-08-11 21:56:10,52.0.0,2026-01-09T18:50:30+08:00,8
clickbench_partitioned,q26,query,0.217,2026-08-11 21:56:10,52.0.0,2026-01-09T18:50:30+08:00,8
clickbench_partitioned,q26,query,0.213,2026-08-11 21:56:10,52.0.0,2026-01-09T18:50:30+08:00,8
clickbench_partitioned,q26,query,0.216,2026-08-11 21:56:10,52.0.0,2026-01-09T18:50:30+08:00,8
clickbench_partitioned,q26,query,0.231,2026-08-11 21:56:10,52.0.0,2026-01-09T18:50:30+08:00,8
clickbench_partitioned,q27,table_creation,0.065,2026-08-11 21:56:10,52.0.0,2026-01-09T18:50:30+08:00,8
clickbench_partitioned,q27,query,2.542,2026-08-11 21:56:10,52.0.0,2026-01-09T18:50:30+08:00,8
clickbench_partitioned,q27,query,2.557,2026-08-11 21:56:10,52.0.0,2026-01-09T18:50:30+08:00,8
clickbench_partitioned,q27,query,2.547,2026-08-11 21:56:10,52.0.0,2026-01-09T18:50:30+08:00,8
clickbench_partitioned,q27,query,2.566,2026-08-11 21:56:10,52.0.0,2026-01-09T18:50:30+08:00,8
clickbench_partitioned,q27,query,2.583,2026-08-11 21:56:10,52.0.0,2026-01-09T18:50:30+08:00,8
clickbench_partitioned,q28,table_creation,0.063,2026-08-11 21:56:10,52.0.0,2026-01-09T18:50:30+08:00,8
clickbench_partitioned,q28,query,23.826,2026-08-11 21:56:10,52.0.0,2026-01-09T18:50:30+08:00,8
clickbench_partitioned,q28,query,24.105,2026-08-11 21:56:10,52.0.0,2026-01-09T18:50:30+08:00,8
clickbench_partitioned,q28,query,24.004,2026-08-11 21:56:10,52.0.0,2026-01-09T18:50:30+08:00,8
clickbench_partitioned,q28,query,24.16,2026-08-11 21:56:10,52.0.0,2026-01-09T18:50:30+08:00,8
clickbench_partitioned,q28,query,24.163,2026-08-11 21:56:10,52.0.0,2026-01-09T18:50:30+08:00,8
clickbench_partitioned,q29,table_creation,0.064,2026-08-11 21:56:10,52.0.0,2026-01-09T18:50:30+08:00,8
clickbench_partitioned,q29,query,0.965,2026-08-11 21:56:10,52.0.0,2026-01-09T18:50:30+08:00,8
clickbench_partitioned,q29,query,0.947,2026-08-11 21:56:10,52.0.0,2026-01-09T18:50:30+08:00,8
clickbench_partitioned,q29,query,0.941,2026-08-11 21:56:10,52.0.0,2026-01-09T18:50:30+08:00,8
clickbench_partitioned,q29,query,0.979,2026-08-11 21:56:10,52.0.0,2026-01-09T18:50:30+08:00,8
clickbench_partitioned,q29,query,0.934,2026-08-11 21:56:10,52.0.0,2026-01-09T18:50:30+08:00,8
clickbench_partitioned,q30,table_creation,0.065,2026-08-11 21:56:10,52.0.0,2026-01-09T18:50:30+08:00,8
clickbench_partitioned,q30,query,1.311,2026-08-11 21:56:10,52.0.0,2026-01-09T18:50:30+08:00,8
clickbench_partitioned,q30,query,1.247,2026-08-11 21:56:10,52.0.0,2026-01-09T18:50:30+08:00,8
clickbench_partitioned,q30,query,1.262,2026-08-11 21:56:10,52.0.0,2026-01-09T18:50:30+08:00,8
clickbench_partitioned,q30,query,1.265,2026-08-11 21:56:10,52.0.0,2026-01-09T18:50:30+08:00,8
clickbench_partitioned,q30,query,1.25,2026-08-11 21:56:10,52.0.0,2026-01-09T18:50:30+08:00,8
clickbench_partitioned,q31,table_creation,0.063,2026-08-11 21:56:10,52.0.0,2026-01-09T18:50:30+08:00,8
clickbench_partitioned,q31,query,1.388,2026-08-11 21:56:10,52.0.0,2026-01-09T18:50:30+08:00,8
clickbench_partitioned,q31,query,1.317,2026-08-11 21:56:10,52.0.0,2026-01-09T18:50:30+08:00,8
clickbench_partitioned,q31,query,1.337,2026-08-11 21:56:10,52.0.0,2026-01-09T18:50:30+08:00,8
clickbench_partitioned,q31,query,1.283,2026-08-11 21:56:10,52.0.0,2026-01-09T18:50:30+08:00,8
clickbench_partitioned,q31,query,1.305,2026-08-11 21:56:10,52.0.0,2026-01-09T18:50:30+08:00,8
clickbench_partitioned,q32,table_creation,0.065,2026-08-11 21:56:10,52.0.0,2026-01-09T18:50:30+08:00,8
clickbench_partitioned,q32,query,4.726,2026-08-11 21:56:10,52.0.0,2026-01-09T18:50:30+08:00,8
clickbench_partitioned,q32,query,4.67,2026-08-11 21:56:10,52.0.0,2026-01-09T18:50:30+08:00,8
clickbench_partitioned,q32,query,4.471,2026-08-11 21:56:10,52.0.0,2026-01-09T18:50:30+08:00,8
clickbench_partitioned,q32,query,4.756,2026-08-11 21:56:10,52.0.0,2026-01-09T18:50:30+08:00,8
clickbench_partitioned,q32,query,4.605,2026-08-11 21:56:10,52.0.0,2026-01-09T18:50:30+08:00,8
clickbench_partitioned,q33,table_creation,0.066,2026-08-11 21:56:10,52.0.0,2026-01-09T18:50:30+08:00,8
clickbench_partitioned,q33,query,5.179,2026-08-11 21:56:10,52.0.0,2026-01-09T18:50:30+08:00,8
clickbench_partitioned,q33,query,5.032,2026-08-11 21:56:10,52.0.0,2026-01-09T18:50:30+08:00,8
clickbench_partitioned,q33,query,5.202,2026-08-11 21:56:10,52.0.0,2026-01-09T18:50:30+08:00,8
clickbench_partitioned,q33,query,5.661,2026-08-11 21:56:10,52.0.0,2026-01-09T18:50:30+08:00,8
clickbench_partitioned,q33,query,6.142,2026-08-11 21:56:10,52.0.0,2026-01-09T18:50:30+08:00,8
clickbench_partitioned,q34,table_creation,0.119,2026-08-11 21:56:10,52.0.0,2026-01-09T18:50:30+08:00,8
clickbench_partitioned,q34,query,9.892,2026-08-11 21:56:10,52.0.0,2026-01-09T18:50:30+08:00,8
clickbench_partitioned,q34,query,5.161,2026-08-11 21:56:10,52.0.0,2026-01-09T18:50:30+08:00,8
clickbench_partitioned,q34,query,5.426,2026-08-11 21:56:10,52.0.0,2026-01-09T18:50:30+08:00,8
clickbench_partitioned,q34,query,5.893,2026-08-11 21:56:10,52.0.0,2026-01-09T18:50:30+08:00,8
clickbench_partitioned,q34,query,5.95,2026-08-11 21:56:10,52.0.0,2026-01-09T18:50:30+08:00,8
clickbench_partitioned,q35,table_creation,0.141,2026-08-11 21:56:10,52.0.0,2026-01-09T18:50:30+08:00,8
clickbench_partitioned,q35,query,2.304,2026-08-11 21:56:10,52.0.0,2026-01-09T18:50:30+08:00,8
clickbench_partitioned,q35,query,2.024,2026-08-11 21:56:10,52.0.0,2026-01-09T18:50:30+08:00,8
clickbench_partitioned,q35,query,2.034,2026-08-11 21:56:10,52.0.0,2026-01-09T18:50:30+08:00,8
clickbench_partitioned,q35,query,2.055,2026-08-11 21:56:10,52.0.0,2026-01-09T18:50:30+08:00,8
clickbench_partitioned,q35,query,1.91,2026-08-11 21:56:10,52.0.0,2026-01-09T18:50:30+08:00,8
clickbench_partitioned,q36,table_creation,0.067,2026-08-11 21:56:10,52.0.0,2026-01-09T18:50:30+08:00,8
clickbench_partitioned,q36,query,0.078,2026-08-11 21:56:10,52.0.0,2026-01-09T18:50:30+08:00,8
clickbench_partitioned,q36,query,0.075,2026-08-11 21:56:10,52.0.0,2026-01-09T18:50:30+08:00,8
clickbench_partitioned,q36,query,0.068,2026-08-11 21:56:10,52.0.0,2026-01-09T18:50:30+08:00,8
clickbench_partitioned,q36,query,0.075,2026-08-11 21:56:10,52.0.0,2026-01-09T18:50:30+08:00,8
clickbench_partitioned,q36,query,0.067,2026-08-11 21:56:10,52.0.0,2026-01-09T18:50:30+08:00,8
clickbench_partitioned,q37,table_creation,0.064,2026-08-11 21:56:10,52.0.0,2026-01-09T18:50:30+08:00,8
clickbench_partitioned,q37,query,0.082,2026-08-11 21:56:10,52.0.0,2026-01-09T18:50:30+08:00,8
clickbench_partitioned,q37,query,0.042,2026-08-11 21:56:10,52.0.0,2026-01-09T18:50:30+08:00,8
clickbench_partitioned,q37,query,0.047,2026-08-11 21:56:10,52.0.0,2026-01-09T18:50:30+08:00,8
clickbench_partitioned,q37,query,0.041,2026-08-11 21:56:10,52.0.0,2026-01-09T18:50:30+08:00,8
clickbench_partitioned,q37,query,0.05,2026-08-11 21:56:10,52.0.0,2026-01-09T18:50:30+08:00,8
clickbench_partitioned,q38,table_creation,0.066,2026-08-11 21:56:10,52.0.0,2026-01-09T18:50:30+08:00,8
clickbench_partitioned,q38,query,0.075,2026-08-11 21:56:10,52.0.0,2026-01-09T18:50:30+08:00,8
clickbench_partitioned,q38,query,0.073,2026-08-11 21:56:10,52.0.0,2026-01-09T18:50:30+08:00,8
clickbench_partitioned,q38,query,0.07,2026-08-11 21:56:10,52.0.0,2026-01-09T18:50:30+08:00,8
clickbench_partitioned,q38,query,0.069,2026-08-11 21:56:10,52.0.0,2026-01-09T18:50:30+08:00,8
clickbench_partitioned,q38,query,0.068,2026-08-11 21:56:10,52.0.0,2026-01-09T18:50:30+08:00,8
clickbench_partitioned,q39,table_creation,0.065,2026-08-11 21:56:10,52.0.0,2026-01-09T18:50:30+08:00,8
clickbench_partitioned,q39,query,0.152,2026-08-11 21:56:10,52.0.0,2026-01-09T18:50:30+08:00,8
clickbench_partitioned,q39,query,0.109,2026-08-11 21:56:10,52.0.0,2026-01-09T18:50:30+08:00,8
clickbench_partitioned,q39,query,0.112,2026-08-11 21:56:10,52.0.0,2026-01-09T18:50:30+08:00,8
clickbench_partitioned,q39,query,0.111,2026-08-11 21:56:10,52.0.0,2026-01-09T18:50:30+08:00,8
clickbench_partitioned,q39,query,0.107,2026-08-11 21:56:10,52.0.0,2026-01-09T18:50:30+08:00,8
clickbench_partitioned,q40,table_creation,0.065,2026-08-11 21:56:10,52.0.0,2026-01-09T18:50:30+08:00,8
clickbench_partitioned,q40,query,0.052,2026-08-11 21:56:10,52.0.0,2026-01-09T18:50:30+08:00,8
clickbench_partitioned,q40,query,0.032,2026-08-11 21:56:10,52.0.0,2026-01-09T18:50:30+08:00,8
clickbench_partitioned,q40,query,0.025,2026-08-11 21:56:10,52.0.0,2026-01-09T18:50:30+08:00,8
clickbench_partitioned,q40,query,0.024,2026-08-11 21:56:10,52.0.0,2026-01-09T18:50:30+08:00,8
clickbench_partitioned,q40,query,0.025,2026-08-11 21:56:10,52.0.0,2026-01-09T18:50:30+08:00,8
clickbench_partitioned,q41,table_creation,0.065,2026-08-11 21:56:10,52.0.0,2026-01-09T18:50:30+08:00,8
clickbench_partitioned,q41,query,0.035,2026-08-11 21:56:10,52.0.0,2026-01-09T18:50:30+08:00,8
clickbench_partitioned,q41,query,0.024,2026-08-11 21:56:10,52.0.0,2026-01-09T18:50:30+08:00,8
clickbench_partitioned,q41,query,0.022,2026-08-11 21:56:10,52.0.0,2026-01-09T18:50:30+08:00,8
clickbench_partitioned,q41,query,0.023,2026-08-11 21:56:10,52.0.0,2026-01-09T18:50:30+08:00,8
clickbench_partitioned,q41,query,0.022,2026-08-11 21:56:10,52.0.0,2026-01-09T18:50:30+08:00,8
clickbench_partitioned,q42,table_creation,0.066,2026-08-11 21:56:10,52.0.0,2026-01-09T18:50:30+08:00,8
clickbench_partitioned,q42,query,0.027,2026-08-11 21:56:10,52.0.0,2026-01-09T18:50:30+08:00,8
clickbench_partitioned,q42,query,0.02,2026-08-11 21:56:10,52.0.0,2026-01-09T18:50:30+08:00,8
clickbench_partitioned,q42,query,0.02,2026-08-11 21:56:10,52.0.0,2026-01-09T18:50:30+08:00,8
clickbench_partitioned,q42,query,0.019,2026-08-11 21:56:10,52.0.0,2026-01-09T18:50:30+08:00,8
clickbench_partitioned,q42,query,0.019,2026-08-11 21:56:10,52.0.0,2026-01-09T18:50:30+08:00,8
